keyword,clientTime,serverTime,totalTime,resultLength,payloadSize,w1,w2
F6542#F8109,7437.0,7689.0,15126.0,0,36,1,9738
F8396#F8109,82.0,36.0,118.0,0,72,2,9738
F8975#F8109,83.0,54.0,137.0,0,108,3,9738
F5981#F8109,80.0,72.0,152.0,0,144,4,9738
F7550#F8109,75.0,67.0,142.0,0,180,5,9738
F1014#F8109,90.0,62.0,152.0,0,216,6,9738
F6976#F8109,105.0,72.33333333333334,177.33333333333334,0,252,7,9738
F8581#F8109,103.0,82.66666666666667,185.66666666666669,0,288,8,9738
F4784#F8109,106.0,78.0,184.0,0,324,9,9738
F285#F8109,100.0,90.0,190.0,0,360,10,9738
F9078#F8109,94.0,79.5,173.5,0,396,11,9738
F931#F8109,81.0,69.0,150.0,0,432,12,9738
F9327#F8109,96.0,74.75,170.75,0,468,13,9738
F9803#F8109,108.0,80.5,188.5,0,504,14,9738
F8361#F8109,115.71428571428571,93.0,208.71428571428572,0,540,15,9738
F6479#F8109,123.42857142857142,99.2,222.62857142857143,0,576,16,9738
F9786#F8109,123.0,118.0,241.0,0,612,17,9738
F1812#F8109,140.0,118.0,258.0,0,648,18,9738
F1453#F8109,135.0,105.0,240.0,0,684,19,9738
F5044#F8109,149.0,110.52631578947368,259.5263157894737,0,720,20,9738
F7699#F8109,156.45000000000002,121.0,277.45000000000005,0,756,21,9738
F4127#F8109,162.0,139.0,301.0,0,792,22,9738
F4989#F8109,144.0,115.0,259.0,0,828,23,9738
F2777#F8109,130.0,119.0,249.0,0,864,24,9738
F35#F8109,138.0,117.0,255.0,0,900,25,9738
F5631#F8109,152.0,124.0,276.0,0,936,26,9738
F6021#F8109,180.0,148.0,328.0,0,972,27,9738
F5385#F8109,137.0,146.0,283.0,0,1008,28,9738
F215#F8109,156.0,152.0,308.0,0,1044,29,9738
F5570#F8109,126.0,117.0,243.0,0,1080,30,9738
F6094#F8109,130.0,123.0,253.0,0,1116,31,9738
F3769#F8109,153.0,132.0,285.0,0,1152,32,9738
F5287#F8109,149.0,122.0,271.0,0,1188,33,9738
F5424#F8109,137.0,119.0,256.0,0,1224,34,9738
F3964#F8109,139.0,130.0,269.0,0,1260,35,9738
F1813#F8109,157.0,131.0,288.0,0,1296,36,9738
F7267#F8109,154.0,130.0,284.0,0,1332,37,9738
F5517#F8109,175.0,144.0,319.0,0,1368,38,9738
F9774#F8109,187.0,153.0,340.0,0,1404,39,9738
F8700#F8109,197.0,142.0,339.0,0,1440,40,9738
F3987#F8109,158.0,153.0,311.0,0,1476,41,9738
F9914#F8109,168.0,148.0,316.0,0,1512,42,9738
F9286#F8109,181.0,151.0,332.0,0,1548,43,9738
F5382#F8109,178.0,151.0,329.0,0,1584,44,9738
F6186#F8109,167.0,158.0,325.0,0,1620,45,9738
F5597#F8109,170.7111111111111,153.0,323.7111111111111,0,1656,46,9738
F3875#F8109,168.0,155.0,323.0,0,1692,47,9738
F5577#F8109,172.0,158.0,330.0,0,1728,48,9738
F3105#F8109,183.0,153.0,336.0,0,1764,49,9738
F6035#F8109,180.0,153.0,333.0,0,1800,50,9738
F2790#F8109,197.0,168.0,365.0,0,1836,51,9738
F5436#F8109,214.0,170.0,384.0,0,1872,52,9738
F3901#F8109,199.0,192.0,391.0,0,1908,53,9738
F2506#F8109,187.0,174.0,361.0,0,1944,54,9738
F3919#F8109,182.0,160.0,342.0,0,1980,55,9738
F8132#F8109,193.0,165.0,358.0,0,2016,56,9738
F9882#F8109,186.0,181.0,367.0,0,2052,57,9738
F748#F8109,190.0,176.0,366.0,0,2088,58,9738
F7607#F8109,200.0,171.0,371.0,0,2124,59,9738
F1268#F8109,221.0,166.0,387.0,0,2160,60,9738
F1717#F8109,198.0,168.0,366.0,0,2196,61,9738
F6082#F8109,201.24590163934425,177.0,378.24590163934425,0,2232,62,9738
F2782#F8109,200.0,181.0,381.0,0,2268,63,9738
F780#F8109,212.0,177.0,389.0,0,2304,64,9738
F3905#F8109,214.0,173.0,387.0,0,2340,65,9738
F1880#F8109,220.0,185.0,405.0,0,2376,66,9738
F7721#F8109,205.0,201.0,406.0,0,2412,67,9738
F6747#F8109,225.0,185.0,410.0,0,2448,68,9738
F1761#F8109,219.0,183.0,402.0,0,2484,69,9738
F3795#F8109,215.0,187.0,402.0,0,2520,70,9738
F3911#F8109,217.0,194.0,411.0,0,2556,71,9738
F1165#F8109,228.0,203.0,431.0,0,2592,72,9738
F460#F8109,236.0,199.0,435.0,0,2628,73,9738
F1760#F8109,242.0,183.0,425.0,0,2664,74,9738
F2687#F8109,244.0,194.0,438.0,0,2700,75,9738
F3566#F8109,239.0,209.0,448.0,0,2736,76,9738
F8692#F8109,258.0,196.0,454.0,0,2772,77,9738
F2393#F8109,240.0,200.0,440.0,0,2808,78,9738
F1877#F8109,232.0,206.0,438.0,0,2844,79,9738
F6179#F8109,236.0,197.0,433.0,0,2880,80,9738
F3893#F8109,251.0,236.0,487.0,0,2916,81,9738
F6377#F8109,265.0,223.0,488.0,0,2952,82,9738
F4550#F8109,267.0,233.0,500.0,0,2988,83,9738
F3853#F8109,282.0,231.0,513.0,0,3024,84,9738
F7737#F8109,282.0,230.0,512.0,0,3060,85,9738
F4864#F8109,279.0,223.0,502.0,0,3096,86,9738
F6884#F8109,283.0,228.0,511.0,0,3132,87,9738
F9242#F8109,305.0,244.0,549.0,0,3168,88,9738
F3988#F8109,291.0,270.0,561.0,0,3204,89,9738
F1554#F8109,290.0,245.0,535.0,0,3240,90,9738
F3147#F8109,316.0,259.0,575.0,0,3276,91,9738
F5025#F8109,301.0,261.0,562.0,0,3312,92,9738
F8445#F8109,328.0,265.0,593.0,0,3348,93,9738
F5058#F8109,310.0,269.0,579.0,0,3384,94,9738
F3282#F8109,317.0,257.0,574.0,0,3420,95,9738
F3207#F8109,321.0,271.0,592.0,0,3456,96,9738
F1222#F8109,344.0,274.0,618.0,0,3492,97,9738
F7001#F8109,304.0,232.0,536.0,0,3528,98,9738
F5141#F8109,318.0,264.0,582.0,0,3564,99,9738
F2367#F8109,318.0,238.0,556.0,0,3600,100,9738
F1417#F8109,288.0,254.0,542.0,0,3636,101,9738
F1143#F8109,285.0,230.0,515.0,0,3672,102,9738
F2472#F8109,292.0,242.0,534.0,0,3708,103,9738
F2721#F8109,310.0,254.0,564.0,0,3744,104,9738
F7660#F8109,303.0,241.0,544.0,0,3780,105,9738
F5807#F8109,296.0,231.0,527.0,0,3816,106,9738
F1181#F8109,311.0,256.0,567.0,0,3852,107,9738
F4828#F8109,300.0,257.0,557.0,0,3888,108,9738
F4793#F8109,319.0,252.0,571.0,0,3924,109,9738
F1558#F8109,325.0,262.0,587.0,0,3960,110,9738
F9771#F8109,331.0,257.0,588.0,0,3996,111,9738
F463#F8109,318.0,251.0,569.0,0,4032,112,9738
F8942#F8109,316.0,253.0,569.0,0,4068,113,9738
F3448#F8109,303.0,242.0,545.0,0,4104,114,9738
F2465#F8109,312.0,250.0,562.0,0,4140,115,9738
F3403#F8109,325.0,255.0,580.0,0,4176,116,9738
F6049#F8109,311.0,258.0,569.0,0,4212,117,9738
F7354#F8109,317.0,267.0,584.0,0,4248,118,9738
F1129#F8109,325.0,249.0,574.0,0,4284,119,9738
F1177#F8109,326.0,254.0,580.0,0,4320,120,9738
F2339#F8109,346.0,254.0,600.0,0,4356,121,9738
F1373#F8109,348.0,268.0,616.0,0,4392,122,9738
F1618#F8109,329.0,262.0,591.0,0,4428,123,9738
F2329#F8109,333.0,280.0,613.0,0,4464,124,9738
F1089#F8109,333.0,255.0,588.0,0,4500,125,9738
F1749#F8109,353.0,251.0,604.0,0,4536,126,9738
F638#F8109,344.0,263.0,607.0,0,4572,127,9738
F1582#F8109,363.0,281.0,644.0,0,4608,128,9738
F2212#F8109,356.0,264.0,620.0,0,4644,129,9738
F529#F8109,361.0,283.0,644.0,0,4680,130,9738
F3949#F8109,355.0,265.0,620.0,0,4716,131,9738
F4626#F8109,341.0,280.0,621.0,0,4752,132,9738
F2543#F8109,359.0,273.0,632.0,0,4788,133,9738
F2348#F8109,365.0,289.0,654.0,0,4824,134,9738
F3970#F8109,358.0,298.0,656.0,0,4860,135,9738
F2384#F8109,365.0,278.0,643.0,0,4896,136,9738
F9796#F8109,367.0,273.0,640.0,0,4932,137,9738
F4372#F8109,360.0,288.0,648.0,0,4968,138,9738
F1191#F8109,368.0,276.0,644.0,0,5004,139,9738
F3323#F8109,376.0,269.0,645.0,0,5040,140,9738
F2005#F8109,385.0,297.0,682.0,0,5076,141,9738
F1626#F8109,382.0,299.0,681.0,0,5112,142,9738
F2459#F8109,400.0,288.0,688.0,0,5148,143,9738
F1599#F8109,384.0,296.0,680.0,0,5184,144,9738
F1182#F8109,382.0,284.0,666.0,0,5220,145,9738
F1231#F8109,388.0,307.0,695.0,0,5256,146,9738
F2274#F8109,401.0,301.0,702.0,0,5292,147,9738
F5701#F8109,387.0,278.0,665.0,0,5328,148,9738
F2908#F8109,404.0,285.0,689.0,0,5364,149,9738
F1673#F8109,396.0,296.0,692.0,0,5400,150,9738
F9342#F8109,391.0,294.0,685.0,0,5436,151,9738
F512#F8109,400.0,290.0,690.0,0,5472,152,9738
F5535#F8109,400.0,305.0,705.0,0,5508,153,9738
F5691#F8109,402.0,285.0,687.0,0,5544,154,9738
F3924#F8109,417.0,303.0,720.0,0,5580,155,9738
F5831#F8109,413.0,290.0,703.0,0,5616,156,9738
F1198#F8109,414.0,302.0,716.0,0,5652,157,9738
F9536#F8109,410.0,306.0,716.0,0,5688,158,9738
F3336#F8109,442.0,299.0,741.0,0,5724,159,9738
F1946#F8109,418.0,305.0,723.0,0,5760,160,9738
F1411#F8109,445.0,307.0,752.0,0,5796,161,9738
F7497#F8109,429.0,318.0,747.0,0,5832,162,9738
F5987#F8109,450.0,322.0,772.0,0,5868,163,9738
F1147#F8109,457.0,337.0,794.0,0,5904,164,9738
F7704#F8109,461.0,347.0,808.0,0,5940,165,9738
F9280#F8109,497.0,380.0,877.0,0,5976,166,9738
F1756#F8109,432.0,312.0,744.0,0,6012,167,9738
F4411#F8109,448.0,306.0,754.0,0,6048,168,9738
F6029#F8109,464.0,318.0,782.0,0,6084,169,9738
F7824#F8109,447.0,346.0,793.0,0,6120,170,9738
F63#F8109,457.0,322.0,779.0,0,6156,171,9738
F2733#F8109,471.0,360.0,831.0,0,6192,172,9738
F2378#F8109,482.0,341.0,823.0,0,6228,173,9738
F428#F8109,459.0,378.0,837.0,0,6264,174,9738
F6660#F8109,491.0,364.0,855.0,0,6300,175,9738
F7439#F8109,476.0,371.0,847.0,0,6336,176,9738
F8715#F8109,521.0,351.0,872.0,0,6372,177,9738
F3714#F8109,494.0,366.0,860.0,0,6408,178,9738
F2833#F8109,515.0,348.0,863.0,0,6444,179,9738
F5747#F8109,485.0,390.0,875.0,0,6480,180,9738
F2914#F8109,507.0,363.0,870.0,0,6516,181,9738
F4159#F8109,522.0,372.0,894.0,0,6552,182,9738
F7590#F8109,512.0,413.0,925.0,0,6588,183,9738
F2879#F8109,548.0,418.0,966.0,0,6624,184,9738
F1183#F8109,544.0,426.0,970.0,0,6660,185,9738
F478#F8109,546.0,423.0,969.0,0,6696,186,9738
F2366#F8109,523.0,379.0,902.0,0,6732,187,9738
F8562#F8109,568.0,395.0,963.0,0,6768,188,9738
F7117#F8109,550.0,367.0,917.0,0,6804,189,9738
F1777#F8109,478.0,328.0,806.0,0,6840,190,9738
F5766#F8109,517.0,320.0,837.0,0,6876,191,9738
F1346#F8109,481.0,347.0,828.0,0,6912,192,9738
F2021#F8109,486.0,360.0,846.0,0,6948,193,9738
F3589#F8109,511.0,382.0,893.0,0,6984,194,9738
F7184#F8109,513.0,397.0,910.0,0,7020,195,9738
F8748#F8109,547.0,377.0,924.0,0,7056,196,9738
F1899#F8109,570.0,418.0,988.0,0,7092,197,9738
F5214#F8109,504.0,352.0,856.0,0,7128,198,9738
F5742#F8109,511.0,358.0,869.0,0,7164,199,9738
F7202#F8109,537.0,367.0,904.0,0,7200,200,9738
F8073#F8109,545.0,357.0,902.0,0,7236,201,9738
F3916#F8109,561.0,399.0,960.0,0,7272,202,9738
F3668#F8109,533.0,379.0,912.0,0,7308,203,9738
F1062#F8109,537.0,386.0,923.0,0,7344,204,9738
F2756#F8109,516.0,375.0,891.0,0,7380,205,9738
F8641#F8109,543.0,430.0,973.0,0,7416,206,9738
F2444#F8109,589.0,404.0,993.0,0,7452,207,9738
F4597#F8109,524.0,373.0,897.0,0,7488,208,9738
F6679#F8109,537.0,371.0,908.0,0,7524,209,9738
F4759#F8109,546.0,374.0,920.0,0,7560,210,9738
F484#F8109,549.0,386.0,935.0,0,7596,211,9738
F8675#F8109,537.0,378.0,915.0,0,7632,212,9738
F9248#F8109,554.0,384.0,938.0,0,7668,213,9738
F1253#F8109,537.0,367.0,904.0,0,7704,214,9738
F2695#F8109,539.0,368.0,907.0,0,7740,215,9738
F7698#F8109,547.0,371.0,918.0,0,7776,216,9738
F8912#F8109,545.0,370.0,915.0,0,7812,217,9738
F3931#F8109,547.0,377.0,924.0,0,7848,218,9738
F1314#F8109,604.0,375.0,979.0,0,7884,219,9738
F9918#F8109,540.0,392.0,932.0,0,7920,220,9738
F325#F8109,536.0,358.0,894.0,0,7956,221,9738
F6375#F8109,549.0,380.0,929.0,0,7992,222,9738
F6123#F8109,555.0,389.0,944.0,0,8028,223,9738
F1446#F8109,561.0,378.0,939.0,0,8064,224,9738
F6904#F8109,560.0,364.0,924.0,0,8100,225,9738
F1990#F8109,552.0,381.0,933.0,0,8136,226,9738
F4757#F8109,552.0,387.0,939.0,0,8172,227,9738
F4730#F8109,555.0,384.0,939.0,0,8208,228,9738
F204#F8109,591.0,379.0,970.0,0,8244,229,9738
F6054#F8109,583.0,394.0,977.0,0,8280,230,9738
F1684#F8109,556.0,381.0,937.0,0,8316,231,9738
F7419#F8109,561.0,380.0,941.0,0,8352,232,9738
F1735#F8109,566.0,386.0,952.0,0,8388,233,9738
F1614#F8109,574.0,379.0,953.0,0,8424,234,9738
F5066#F8109,578.0,403.0,981.0,0,8460,235,9738
F6752#F8109,578.0,430.0,1008.0,0,8496,236,9738
F1549#F8109,597.0,418.0,1015.0,0,8532,237,9738
F5727#F8109,656.0,410.0,1066.0,0,8568,238,9738
F8592#F8109,708.0,433.0,1141.0,0,8604,239,9738
F2714#F8109,737.0,449.0,1186.0,0,8640,240,9738
F4#F8109,624.0,401.0,1025.0,0,8676,241,9738
F5321#F8109,637.0,431.0,1068.0,0,8712,242,9738
F9357#F8109,641.0,470.0,1111.0,0,8748,243,9738
F2489#F8109,634.0,421.0,1055.0,0,8784,244,9738
F7155#F8109,601.0,471.0,1072.0,0,8820,245,9738
F4227#F8109,606.0,409.0,1015.0,0,8856,246,9738
F9516#F8109,673.0,410.6626016260163,1083.6626016260163,0,8892,247,9738
F2318#F8109,684.0,490.0,1174.0,0,8928,248,9738
F3564#F8109,695.0,500.0,1195.0,0,8964,249,9738
F1615#F8109,704.0,472.0,1176.0,0,9000,250,9738
F497#F8109,731.0,410.0,1141.0,0,9036,251,9738
F1862#F8109,606.0,435.0,1041.0,0,9072,252,9738
F2409#F8109,598.0,425.0,1023.0,0,9108,253,9738
F9332#F8109,653.0,450.0,1103.0,0,9144,254,9738
F2891#F8109,649.0,448.0,1097.0,0,9180,255,9738
F2585#F8109,634.0,443.0,1077.0,0,9216,256,9738
F4563#F8109,667.0,441.0,1108.0,0,9252,257,9738
F8199#F8109,664.0,442.0,1106.0,0,9288,258,9738
F9519#F8109,683.0,455.0,1138.0,0,9324,259,9738
F2420#F8109,672.0,460.0,1132.0,0,9360,260,9738
F5071#F8109,684.0,475.0,1159.0,0,9396,261,9738
F1927#F8109,678.0,441.0,1119.0,0,9432,262,9738
F3066#F8109,645.0,478.0,1123.0,0,9468,263,9738
F1009#F8109,665.0,447.0,1112.0,0,9504,264,9738
F4312#F8109,662.0,457.0,1119.0,0,9540,265,9738
F6569#F8109,705.0,529.0,1234.0,0,9576,266,9738
F3858#F8109,721.0,478.0,1199.0,0,9612,267,9738
F3707#F8109,656.0,454.0,1110.0,0,9648,268,9738
F2011#F8109,642.0,441.0,1083.0,0,9684,269,9738
F2015#F8109,642.0,470.0,1112.0,0,9720,270,9738
F4549#F8109,659.0,436.0,1095.0,0,9756,271,9738
F620#F8109,650.0,423.0,1073.0,0,9792,272,9738
F4552#F8109,654.0,437.0,1091.0,0,9828,273,9738
F5556#F8109,647.0,446.0,1093.0,0,9864,274,9738
F8817#F8109,676.0,451.0,1127.0,0,9900,275,9738
F9123#F8109,650.0,445.0,1095.0,0,9936,276,9738
F1400#F8109,657.0,416.0,1073.0,0,9972,277,9738
F4750#F8109,667.0,442.0,1109.0,0,10008,278,9738
F5920#F8109,683.0,479.0,1162.0,0,10044,279,9738
F2949#F8109,679.0,474.0,1153.0,0,10080,280,9738
F2901#F8109,692.0,458.0,1150.0,0,10116,281,9738
F4194#F8109,663.0,447.0,1110.0,0,10152,282,9738
F5165#F8109,685.0,448.0,1133.0,0,10188,283,9738
F4672#F8109,697.0,449.0,1146.0,0,10224,284,9738
F6727#F8109,688.0,473.0,1161.0,0,10260,285,9738
F8952#F8109,699.0,467.0,1166.0,0,10296,286,9738
F1116#F8109,688.0,462.0,1150.0,0,10332,287,9738
F5590#F8109,673.0,457.0,1130.0,0,10368,288,9738
F1671#F8109,679.0,452.0,1131.0,0,10404,289,9738
F2004#F8109,739.0,504.0,1243.0,0,10440,290,9738
F6293#F8109,738.0,558.0,1296.0,0,10476,291,9738
F4313#F8109,781.0,575.0,1356.0,0,10512,292,9738
F5837#F8109,842.0,501.0,1343.0,0,10548,293,9738
F9317#F8109,741.0,509.0,1250.0,0,10584,294,9738
F2357#F8109,707.0,533.0,1240.0,0,10620,295,9738
F2829#F8109,783.0,500.0,1283.0,0,10656,296,9738
F3588#F8109,743.0,536.0,1279.0,0,10692,297,9738
F9644#F8109,731.0,527.0,1258.0,0,10728,298,9738
F9989#F8109,722.0,500.0,1222.0,0,10764,299,9738
F5083#F8109,802.0,590.0,1392.0,0,10800,300,9738
F3749#F8109,749.0,505.0,1254.0,0,10836,301,9738
F3655#F8109,709.0,495.0,1204.0,0,10872,302,9738
F2070#F8109,706.0,462.0,1168.0,0,10908,303,9738
F1894#F8109,716.0,481.0,1197.0,0,10944,304,9738
F4894#F8109,720.0,491.0,1211.0,0,10980,305,9738
F7341#F8109,739.0,519.0,1258.0,0,11016,306,9738
F1797#F8109,718.0,485.0,1203.0,0,11052,307,9738
F4826#F8109,721.0,493.0,1214.0,0,11088,308,9738
F4418#F8109,741.0,476.0,1217.0,0,11124,309,9738
F78#F8109,750.0,464.0,1214.0,0,11160,310,9738
F6496#F8109,760.0,527.0,1287.0,0,11196,311,9738
F2114#F8109,756.0,463.0,1219.0,0,11232,312,9738
F1404#F8109,745.0,494.0,1239.0,0,11268,313,9738
F6523#F8109,781.0,501.0,1282.0,0,11304,314,9738
F2655#F8109,731.0,516.0,1247.0,0,11340,315,9738
F2998#F8109,745.0,503.0,1248.0,0,11376,316,9738
F3513#F8109,733.0,476.0,1209.0,0,11412,317,9738
F5403#F8109,768.0,508.0,1276.0,0,11448,318,9738
F5595#F8109,754.0,530.0,1284.0,0,11484,319,9738
F373#F8109,806.0,512.0,1318.0,0,11520,320,9738
F1337#F8109,817.0,528.0,1345.0,0,11556,321,9738
F678#F8109,755.0,521.0,1276.0,0,11592,322,9738
F3254#F8109,774.0,510.0,1284.0,0,11628,323,9738
F7297#F8109,778.0,508.0,1286.0,0,11664,324,9738
F1957#F8109,757.0,496.0,1253.0,0,11700,325,9738
F5846#F8109,762.0,514.0,1276.0,0,11736,326,9738
F6086#F8109,765.0,498.0,1263.0,0,11772,327,9738
F5311#F8109,789.0,507.0,1296.0,0,11808,328,9738
F9793#F8109,760.0,503.0,1263.0,0,11844,329,9738
F5688#F8109,747.0,502.0,1249.0,0,11880,330,9738
F2149#F8109,787.0,554.0,1341.0,0,11916,331,9738
F3442#F8109,806.0,527.0,1333.0,0,11952,332,9738
F2211#F8109,793.0,539.0,1332.0,0,11988,333,9738
F1391#F8109,781.0,493.0,1274.0,0,12024,334,9738
F6497#F8109,803.0,545.0,1348.0,0,12060,335,9738
F540#F8109,830.0,540.0,1370.0,0,12096,336,9738
F2535#F8109,894.0,578.0,1472.0,0,12132,337,9738
F5750#F8109,849.0,559.0,1408.0,0,12168,338,9738
F262#F8109,851.5118343195265,560.6538461538461,1412.1656804733725,0,12204,339,9738
F8567#F8109,854.0236686390531,562.3076923076922,1416.3313609467452,0,12240,340,9738
F6819#F8109,856.5355029585797,563.9615384615383,1420.497041420118,0,12276,341,9738
F1513#F8109,859.0473372781064,565.6153846153845,1424.662721893491,0,12312,342,9738
F8003#F8109,861.559171597633,567.2692307692307,1428.8284023668639,0,12348,343,9738
F2874#F8109,864.0710059171597,568.9230769230769,1432.9940828402366,0,12384,344,9738
F6517#F8109,866.5828402366864,570.5769230769231,1437.1597633136093,0,12420,345,9738
F2745#F8109,869.094674556213,572.2307692307693,1441.3254437869823,0,12456,346,9738
F8156#F8109,871.6065088757396,573.8846153846154,1445.4911242603548,0,12492,347,9738
F1963#F8109,874.1183431952662,575.5384615384615,1449.6568047337278,0,12528,348,9738
F517#F8109,876.6301775147928,577.1923076923076,1453.8224852071003,0,12564,349,9738
F4199#F8109,879.1420118343194,578.8461538461538,1457.9881656804732,0,12600,350,9738
F2219#F8109,881.6538461538461,580.5,1462.1538461538462,0,12636,351,9738
F365#F8109,884.1656804733727,582.1538461538462,1466.319526627219,0,12672,352,9738
F4512#F8109,886.6775147928994,583.8076923076924,1470.4852071005917,0,12708,353,9738
F8530#F8109,889.1893491124259,585.4615384615385,1474.6508875739644,0,12744,354,9738
F9813#F8109,891.7011834319525,587.1153846153845,1478.8165680473371,0,12780,355,9738
F7500#F8109,894.2130177514791,588.7692307692307,1482.9822485207098,0,12816,356,9738
F6338#F8109,896.7248520710058,590.4230769230769,1487.1479289940826,0,12852,357,9738
F4924#F8109,899.2366863905324,592.0769230769231,1491.3136094674555,0,12888,358,9738
F8430#F8109,901.7485207100591,593.7307692307693,1495.4792899408285,0,12924,359,9738
F2007#F8109,904.2603550295856,595.3846153846154,1499.644970414201,0,12960,360,9738
F2355#F8109,906.7721893491123,597.0384615384615,1503.810650887574,0,12996,361,9738
F3840#F8109,909.284023668639,598.6923076923077,1507.9763313609467,0,13032,362,9738
F9335#F8109,911.7958579881655,600.3461538461538,1512.1420118343194,0,13068,363,9738
F6170#F8109,914.307692307692,601.9999999999999,1516.307692307692,0,13104,364,9738
F6701#F8109,916.8195266272187,603.6538461538461,1520.4733727810649,0,13140,365,9738
F6641#F8109,919.3313609467455,605.3076923076923,1524.6390532544378,0,13176,366,9738
F5813#F8109,921.843195266272,606.9615384615383,1528.8047337278103,0,13212,367,9738
F3324#F8109,924.3550295857985,608.6153846153844,1532.9704142011828,0,13248,368,9738
F4465#F8109,926.8668639053252,610.2692307692306,1537.1360946745558,0,13284,369,9738
F2387#F8109,929.3786982248517,611.9230769230767,1541.3017751479283,0,13320,370,9738
F1846#F8109,931.8905325443784,613.5769230769229,1545.4674556213013,0,13356,371,9738
F3382#F8109,934.402366863905,615.2307692307689,1549.6331360946738,0,13392,372,9738
F622#F8109,936.9142011834316,616.8846153846151,1553.7988165680467,0,13428,373,9738
F1980#F8109,939.4260355029583,618.5384615384613,1557.9644970414197,0,13464,374,9738
F2966#F8109,941.9378698224849,620.1923076923075,1562.1301775147924,0,13500,375,9738
F7272#F8109,944.4497041420115,621.8461538461536,1566.2958579881652,0,13536,376,9738
F6329#F8109,946.961538461538,623.4999999999997,1570.4615384615377,0,13572,377,9738
F5376#F8109,949.4733727810645,625.1538461538457,1574.6272189349102,0,13608,378,9738
F8205#F8109,951.9852071005911,626.8076923076918,1578.792899408283,0,13644,379,9738
F3126#F8109,954.4970414201176,628.4615384615379,1582.9585798816556,0,13680,380,9738
F6429#F8109,957.0088757396442,707.0,1664.0088757396443,0,13716,381,9738
F2337#F8109,959.5207100591708,708.8556430446195,1668.3763531037903,0,13752,382,9738
F430#F8109,962.0325443786975,806.0,1768.0325443786974,0,13788,383,9738
F8044#F8109,964.544378698224,723.0,1687.5443786982241,0,13824,384,9738
F9219#F8109,967.0562130177507,858.0,1825.0562130177507,0,13860,385,9738
F1362#F8109,969.5680473372772,802.0,1771.5680473372772,0,13896,386,9738
F2117#F8109,972.0798816568039,866.0,1838.079881656804,0,13932,387,9738
F8519#F8109,1127.0,727.0,1854.0,0,13968,388,9738
F5821#F8109,1049.0,641.0,1690.0,0,14004,389,9738
F628#F8109,1051.6966580976864,735.0,1786.6966580976864,0,14040,390,9738
F4254#F8109,1247.0,735.0,1982.0,0,14076,391,9738
F680#F8109,1145.0,851.0,1996.0,0,14112,392,9738
F6383#F8109,1147.920918367347,958.0,2105.920918367347,0,14148,393,9738
F647#F8109,1225.0,676.0,1901.0,0,14184,394,9738
F3627#F8109,1145.0,647.0,1792.0,0,14220,395,9738
F6599#F8109,1049.0,664.0,1713.0,0,14256,396,9738
F764#F8109,1023.0,646.0,1669.0,0,14292,397,9738
F5428#F8109,1080.0,711.0,1791.0,0,14328,398,9738
F1924#F8109,1092.0,668.0,1760.0,0,14364,399,9738
F9745#F8109,1060.0,653.0,1713.0,0,14400,400,9738
F6422#F8109,1042.0,638.0,1680.0,0,14436,401,9738
F1526#F8109,1067.0,679.0,1746.0,0,14472,402,9738
F3153#F8109,1091.0,690.0,1781.0,0,14508,403,9738
F6240#F8109,1154.0,663.0,1817.0,0,14544,404,9738
F7611#F8109,1156.8564356435643,664.6410891089109,1821.4975247524753,0,14580,405,9738
F1859#F8109,1159.7128712871286,666.2821782178218,1825.9950495049502,0,14616,406,9738
F4984#F8109,1162.569306930693,667.9232673267327,1830.4925742574258,0,14652,407,9738
F1539#F8109,1165.4257425742576,669.5643564356436,1834.9900990099013,0,14688,408,9738
F1744#F8109,1168.2821782178219,671.2054455445545,1839.4876237623764,0,14724,409,9738
F3471#F8109,1171.1386138613864,672.8465346534655,1843.985148514852,0,14760,410,9738
F3435#F8109,1173.9950495049507,764.0,1937.9950495049507,0,14796,411,9738
F4542#F8109,1176.8514851485152,780.0,1956.8514851485152,0,14832,412,9738
F7262#F8109,1179.7079207920797,897.0,2076.7079207920797,0,14868,413,9738
F7779#F8109,1182.564356435644,793.0,1975.564356435644,0,14904,414,9738
F462#F8109,1185.4207920792082,794.0,1979.4207920792082,0,14940,415,9738
F7749#F8109,1188.2772277227727,873.0,2061.2772277227727,0,14976,416,9738
F7009#F8109,1191.1336633663373,917.0,2108.1336633663373,0,15012,417,9738
F2424#F8109,1193.9900990099015,876.0,2069.9900990099013,0,15048,418,9738
F498#F8109,1196.846534653466,762.0,1958.846534653466,0,15084,419,9738
F6689#F8109,1199.7029702970303,740.0,1939.7029702970303,0,15120,420,9738
F3405#F8109,1202.5594059405946,801.0,2003.5594059405946,0,15156,421,9738
F2956#F8109,1440.0,842.0,2282.0,0,15192,422,9738
F2959#F8109,1392.0,810.0,2202.0,0,15228,423,9738
F2406#F8109,1490.0,774.0,2264.0,0,15264,424,9738
F7157#F8109,1567.0,858.0,2425.0,0,15300,425,9738
F390#F8109,1462.0,809.0,2271.0,0,15336,426,9738
F2630#F8109,1458.0,865.0,2323.0,0,15372,427,9738
F1801#F8109,1432.0,800.0,2232.0,0,15408,428,9738
F5708#F8109,1456.0,791.0,2247.0,0,15444,429,9738
F7166#F8109,1370.0,839.0,2209.0,0,15480,430,9738
F1508#F8109,1448.0,928.0,2376.0,0,15516,431,9738
F6970#F8109,1365.0,801.0,2166.0,0,15552,432,9738
F8881#F8109,1371.0,771.0,2142.0,0,15588,433,9738
F3612#F8109,1352.0,833.0,2185.0,0,15624,434,9738
F8651#F8109,1357.0,810.0,2167.0,0,15660,435,9738
F5047#F8109,1287.0,725.0,2012.0,0,15696,436,9738
F8750#F8109,1314.0,754.0,2068.0,0,15732,437,9738
F3093#F8109,1296.0,731.0,2027.0,0,15768,438,9738
F7848#F8109,1276.0,779.0,2055.0,0,15804,439,9738
F3560#F8109,1322.0,831.0,2153.0,0,15840,440,9738
F2544#F8109,1308.0,771.0,2079.0,0,15876,441,9738
F3096#F8109,1333.0,739.0,2072.0,0,15912,442,9738
F7397#F8109,1308.0,723.0,2031.0,0,15948,443,9738
F5113#F8109,1303.0,758.0,2061.0,0,15984,444,9738
F6385#F8109,1251.0,723.0,1974.0,0,16020,445,9738
F4382#F8109,1290.0,752.0,2042.0,0,16056,446,9738
F2400#F8109,1233.0,738.0,1971.0,0,16092,447,9738
F440#F8109,1350.0,749.0,2099.0,0,16128,448,9738
F5056#F8109,1388.0,756.0,2144.0,0,16164,449,9738
F6960#F8109,1290.0,752.0,2042.0,0,16200,450,9738
F6942#F8109,1272.0,732.0,2004.0,0,16236,451,9738
F3616#F8109,1294.0,761.0,2055.0,0,16272,452,9738
F8927#F8109,1277.0,741.0,2018.0,0,16308,453,9738
F5150#F8109,1313.0,799.0,2112.0,0,16344,454,9738
F2513#F8109,1343.0,872.0,2215.0,0,16380,455,9738
F5000#F8109,1319.0,776.0,2095.0,0,16416,456,9738
F5086#F8109,1315.0,778.0,2093.0,0,16452,457,9738
F260#F8109,1340.0,744.0,2084.0,0,16488,458,9738
F1890#F8109,1545.0,817.0,2362.0,0,16524,459,9738
F8198#F8109,1548.3660130718954,799.0,2347.3660130718954,0,16560,460,9738
F3212#F8109,1486.0,841.0,2327.0,0,16596,461,9738
F3653#F8109,1402.0,801.0,2203.0,0,16632,462,9738
F1536#F8109,1451.0,817.0,2268.0,0,16668,463,9738
F3728#F8109,1507.0,779.0,2286.0,0,16704,464,9738
F2169#F8109,1321.0,768.0,2089.0,0,16740,465,9738
F4059#F8109,1358.0,807.0,2165.0,0,16776,466,9738
F1585#F8109,1308.0,801.0,2109.0,0,16812,467,9738
F5217#F8109,1379.0,782.0,2161.0,0,16848,468,9738
F5358#F8109,1331.0,800.0,2131.0,0,16884,469,9738
F9390#F8109,1357.0,787.0,2144.0,0,16920,470,9738
F1013#F8109,1369.0,772.0,2141.0,0,16956,471,9738
F8426#F8109,1379.0,828.0,2207.0,0,16992,472,9738
F6009#F8109,1327.0,838.0,2165.0,0,17028,473,9738
F439#F8109,1345.0,765.0,2110.0,0,17064,474,9738
F6861#F8109,1331.0,794.0,2125.0,0,17100,475,9738
F2821#F8109,1362.0,846.0,2208.0,0,17136,476,9738
F5717#F8109,1499.0,816.0,2315.0,0,17172,477,9738
F6430#F8109,1395.0,885.0,2280.0,0,17208,478,9738
F3088#F8109,1496.0,906.0,2402.0,0,17244,479,9738
F8493#F8109,1469.0,936.0,2405.0,0,17280,480,9738
F730#F8109,1706.0,921.0,2627.0,0,17316,481,9738
F1698#F8109,1369.0,770.0,2139.0,0,17352,482,9738
F7384#F8109,1336.0,771.0,2107.0,0,17388,483,9738
F3233#F8109,1338.0,818.0,2156.0,0,17424,484,9738
F1037#F8109,1363.0,872.0,2235.0,0,17460,485,9738
F5896#F8109,1491.0,873.7979381443299,2364.79793814433,0,17496,486,9738
F967#F8109,1645.0,916.0,2561.0,0,17532,487,9738
F8611#F8109,1698.0,901.0,2599.0,0,17568,488,9738
F1889#F8109,1405.0,869.0,2274.0,0,17604,489,9738
F2736#F8109,1479.0,959.0,2438.0,0,17640,490,9738
F2605#F8109,1340.0,804.0,2144.0,0,17676,491,9738
F9901#F8109,1334.0,819.0,2153.0,0,17712,492,9738
F2955#F8109,1335.0,829.0,2164.0,0,17748,493,9738
F4688#F8109,1350.0,804.0,2154.0,0,17784,494,9738
F2662#F8109,1364.0,836.0,2200.0,0,17820,495,9738
F2924#F8109,1397.0,813.0,2210.0,0,17856,496,9738
F4656#F8109,1335.0,809.0,2144.0,0,17892,497,9738
F5690#F8109,1329.0,863.0,2192.0,0,17928,498,9738
F2887#F8109,1414.0,873.0,2287.0,0,17964,499,9738
F3497#F8109,1343.0,778.0,2121.0,0,18000,500,9738
F5545#F8109,1386.0,821.0,2207.0,0,18036,501,9738
F626#F8109,1359.0,798.0,2157.0,0,18072,502,9738
F3892#F8109,1591.0,799.589641434263,2390.589641434263,0,18108,503,9738
F1710#F8109,1548.0,834.0,2382.0,0,18144,504,9738
F4218#F8109,1501.0,891.0,2392.0,0,18180,505,9738
F3994#F8109,1469.0,928.0,2397.0,0,18216,506,9738
F5170#F8109,1428.0,852.0,2280.0,0,18252,507,9738
F4744#F8109,1562.0,885.0,2447.0,0,18288,508,9738
F7872#F8109,1363.0,863.0,2226.0,0,18324,509,9738
F328#F8109,1351.0,824.0,2175.0,0,18360,510,9738
F4156#F8109,1355.0,830.0,2185.0,0,18396,511,9738
F2371#F8109,1472.0,984.0,2456.0,0,18432,512,9738
F2105#F8109,1474.875,882.0,2356.875,0,18468,513,9738
F5197#F8109,1723.0,908.0,2631.0,0,18504,514,9738
F1252#F8109,1497.0,948.0,2445.0,0,18540,515,9738
F982#F8109,1486.0,905.0,2391.0,0,18576,516,9738
F8269#F8109,1483.0,980.0,2463.0,0,18612,517,9738
F2441#F8109,1408.0,826.0,2234.0,0,18648,518,9738
F5716#F8109,1447.0,905.0,2352.0,0,18684,519,9738
F4399#F8109,1428.0,877.0,2305.0,0,18720,520,9738
F5770#F8109,1444.0,843.0,2287.0,0,18756,521,9738
F7256#F8109,1419.0,901.0,2320.0,0,18792,522,9738
F5637#F8109,1430.0,875.0,2305.0,0,18828,523,9738
F2471#F8109,1350.0,826.0,2176.0,0,18864,524,9738
F5200#F8109,1307.0,836.0,2143.0,0,18900,525,9738
F8798#F8109,1336.0,862.0,2198.0,0,18936,526,9738
F3012#F8109,1355.0,865.0,2220.0,0,18972,527,9738
F2979#F8109,1365.0,875.0,2240.0,0,19008,528,9738
F9640#F8109,1375.0,901.0,2276.0,0,19044,529,9738
F6455#F8109,1345.0,921.0,2266.0,0,19080,530,9738
F9706#F8109,1416.0,849.0,2265.0,0,19116,531,9738
F7324#F8109,1382.0,877.0,2259.0,0,19152,532,9738
F8219#F8109,1329.0,862.0,2191.0,0,19188,533,9738
F5367#F8109,1436.0,870.0,2306.0,0,19224,534,9738
F1608#F8109,1375.0,868.0,2243.0,0,19260,535,9738
F2016#F8109,1449.0,877.0,2326.0,0,19296,536,9738
F5841#F8109,1351.0,838.0,2189.0,0,19332,537,9738
F6887#F8109,1402.0,854.0,2256.0,0,19368,538,9738
F8287#F8109,1504.0,864.0,2368.0,0,19404,539,9738
F2418#F8109,1397.0,826.0,2223.0,0,19440,540,9738
F8304#F8109,1398.0,864.0,2262.0,0,19476,541,9738
F7078#F8109,1466.0,887.0,2353.0,0,19512,542,9738
F8897#F8109,1403.0,888.0,2291.0,0,19548,543,9738
F2215#F8109,1456.0,865.0,2321.0,0,19584,544,9738
F3717#F8109,1451.0,875.0,2326.0,0,19620,545,9738
F2933#F8109,1526.0,977.0,2503.0,0,19656,546,9738
F1309#F8109,1584.0,919.0,2503.0,0,19692,547,9738
F5900#F8109,1528.0,1000.0,2528.0,0,19728,548,9738
F1246#F8109,1571.0,931.0,2502.0,0,19764,549,9738
F3165#F8109,1516.0,921.0,2437.0,0,19800,550,9738
F4048#F8109,1550.0,1008.0,2558.0,0,19836,551,9738
F5307#F8109,1504.0,894.0,2398.0,0,19872,552,9738
F3575#F8109,1444.0,900.0,2344.0,0,19908,553,9738
F3741#F8109,1501.0,922.0,2423.0,0,19944,554,9738
F757#F8109,1503.7093862815884,923.6642599277978,2427.373646209386,0,19980,555,9738
F1517#F8109,1506.4187725631768,925.3285198555957,2431.7472924187723,0,20016,556,9738
F7097#F8109,1509.1281588447653,1079.0,2588.1281588447655,0,20052,557,9738
F9756#F8109,1778.0,1057.0,2835.0,0,20088,558,9738
F6315#F8109,1753.0,970.0,2723.0,0,20124,559,9738
F2240#F8109,1803.0,961.0,2764.0,0,20160,560,9738
F567#F8109,1877.0,1122.0,2999.0,0,20196,561,9738
F3193#F8109,1972.0,966.0,2938.0,0,20232,562,9738
F9196#F8109,1852.0,975.0,2827.0,0,20268,563,9738
F7773#F8109,1778.0,945.0,2723.0,0,20304,564,9738
F7310#F8109,1775.0,963.0,2738.0,0,20340,565,9738
F8954#F8109,1810.0,978.0,2788.0,0,20376,566,9738
F8487#F8109,1825.0,1009.0,2834.0,0,20412,567,9738
F375#F8109,1892.0,1014.0,2906.0,0,20448,568,9738
F7105#F8109,2031.0,1156.0,3187.0,0,20484,569,9738
F6824#F8109,1963.0,1171.0,3134.0,0,20520,570,9738
F7910#F8109,1910.0,1076.0,2986.0,0,20556,571,9738
F1993#F8109,2074.0,1079.0,3153.0,0,20592,572,9738
F6043#F8109,1777.0,1004.0,2781.0,0,20628,573,9738
F1375#F8109,1813.0,944.0,2757.0,0,20664,574,9738
F1733#F8109,1816.158536585366,998.0,2814.158536585366,0,20700,575,9738
F5502#F8109,1819.3170731707319,1097.0,2916.317073170732,0,20736,576,9738
F6761#F8109,1994.0,1043.0,3037.0,0,20772,577,9738
F1620#F8109,1755.0,1031.0,2786.0,0,20808,578,9738
F9828#F8109,1956.0,986.0,2942.0,0,20844,579,9738
F5134#F8109,1884.0,944.0,2828.0,0,20880,580,9738
F3613#F8109,1927.0,957.0,2884.0,0,20916,581,9738
F1945#F8109,1894.0,994.0,2888.0,0,20952,582,9738
F5018#F8109,1865.0,986.0,2851.0,0,20988,583,9738
F8828#F8109,1913.0,933.0,2846.0,0,21024,584,9738
F7083#F8109,1867.0,988.0,2855.0,0,21060,585,9738
F9574#F8109,1836.0,1044.0,2880.0,0,21096,586,9738
F8317#F8109,1866.0,976.0,2842.0,0,21132,587,9738
F7101#F8109,1994.0,1111.0,3105.0,0,21168,588,9738
F3943#F8109,2031.0,1120.0,3151.0,0,21204,589,9738
F7594#F8109,2009.0,1182.0,3191.0,0,21240,590,9738
F2035#F8109,2165.0,1098.0,3263.0,0,21276,591,9738
F3937#F8109,2154.0,1235.0,3389.0,0,21312,592,9738
F694#F8109,2326.0,1077.0,3403.0,0,21348,593,9738
F776#F8109,2171.0,1018.0,3189.0,0,21384,594,9738
F1981#F8109,1870.0,1104.0,2974.0,0,21420,595,9738
F4310#F8109,1845.0,1108.0,2953.0,0,21456,596,9738
F9942#F8109,1707.0,1026.0,2733.0,0,21492,597,9738
F9740#F8109,1910.0,1153.0,3063.0,0,21528,598,9738
F251#F8109,2129.0,1022.0,3151.0,0,21564,599,9738
F437#F8109,2299.0,1035.0,3334.0,0,21600,600,9738
F834#F8109,2277.0,1066.0,3343.0,0,21636,601,9738
F7027#F8109,2269.0,971.0,3240.0,0,21672,602,9738
F4724#F8109,2221.0,1024.0,3245.0,0,21708,603,9738
F4239#F8109,2169.0,1031.0,3200.0,0,21744,604,9738
F3756#F8109,2124.0,1008.0,3132.0,0,21780,605,9738
F7610#F8109,2131.0,1013.0,3144.0,0,21816,606,9738
F156#F8109,2216.0,1055.0,3271.0,0,21852,607,9738
F9826#F8109,2170.0,1154.0,3324.0,0,21888,608,9738
F2111#F8109,2248.0,1039.0,3287.0,0,21924,609,9738
F3599#F8109,2484.0,1114.0,3598.0,0,21960,610,9738
F4449#F8109,2004.0,991.0,2995.0,0,21996,611,9738
F8436#F8109,1976.0,1067.0,3043.0,0,22032,612,9738
F2548#F8109,2289.0,1070.0,3359.0,0,22068,613,9738
F3141#F8109,2208.0,1076.0,3284.0,0,22104,614,9738
F3801#F8109,2097.0,959.0,3056.0,0,22140,615,9738
F9131#F8109,2006.0,1042.0,3048.0,0,22176,616,9738
F6613#F8109,2009.0,1053.0,3062.0,0,22212,617,9738
F1738#F8109,2026.0,1044.0,3070.0,0,22248,618,9738
F347#F8109,2108.0,1049.0,3157.0,0,22284,619,9738
F9255#F8109,2084.0,1050.6946688206785,3134.6946688206785,0,22320,620,9738
F3097#F8109,2057.0,1197.0,3254.0,0,22356,621,9738
F4875#F8109,2184.0,1191.0,3375.0,0,22392,622,9738
F6514#F8109,2265.0,1185.0,3450.0,0,22428,623,9738
F7960#F8109,2240.0,1079.0,3319.0,0,22464,624,9738
F395#F8109,2389.0,1111.0,3500.0,0,22500,625,9738
F4825#F8109,2325.0,1318.0,3643.0,0,22536,626,9738
F3659#F8109,2388.0,1320.1054313099041,3708.105431309904,0,22572,627,9738
F5694#F8109,2232.0,1181.0,3413.0,0,22608,628,9738
F5544#F8109,2078.0,1193.0,3271.0,0,22644,629,9738
F169#F8109,2176.0,1224.0,3400.0,0,22680,630,9738
F7930#F8109,2177.0,1106.0,3283.0,0,22716,631,9738
F908#F8109,2235.0,1083.0,3318.0,0,22752,632,9738
F582#F8109,2260.0,1011.0,3271.0,0,22788,633,9738
F2809#F8109,2287.0,1019.0,3306.0,0,22824,634,9738
F4701#F8109,2365.0,1111.0,3476.0,0,22860,635,9738
F3081#F8109,2302.0,1022.0,3324.0,0,22896,636,9738
F3608#F8109,2341.0,1156.0,3497.0,0,22932,637,9738
F1133#F8109,2530.0,1144.0,3674.0,0,22968,638,9738
F4772#F8109,2447.0,1185.0,3632.0,0,23004,639,9738
F3825#F8109,2407.0,1030.0,3437.0,0,23040,640,9738
F2404#F8109,2599.0,997.0,3596.0,0,23076,641,9738
F2718#F8109,2387.0,1088.0,3475.0,0,23112,642,9738
F7106#F8109,2280.0,1089.6947040498442,3369.6947040498444,0,23148,643,9738
F6579#F8109,2174.0,1250.0,3424.0,0,23184,644,9738
F7164#F8109,2431.0,1171.0,3602.0,0,23220,645,9738
F639#F8109,2438.0,1165.0,3603.0,0,23256,646,9738
F763#F8109,2332.0,1118.0,3450.0,0,23292,647,9738
F8356#F8109,2499.0,1114.0,3613.0,0,23328,648,9738
F9045#F8109,2373.0,1104.0,3477.0,0,23364,649,9738
F8316#F8109,2392.0,1056.0,3448.0,0,23400,650,9738
F5587#F8109,2097.0,1078.0,3175.0,0,23436,651,9738
F2810#F8109,2007.0,1031.0,3038.0,0,23472,652,9738
F4126#F8109,2174.0,1014.0,3188.0,0,23508,653,9738
F5279#F8109,2321.0,1159.0,3480.0,0,23544,654,9738
F4694#F8109,2036.0,1078.0,3114.0,0,23580,655,9738
F3338#F8109,2268.0,1095.0,3363.0,0,23616,656,9738
F9765#F8109,2543.0,1105.0,3648.0,0,23652,657,9738
F4440#F8109,2461.0,1094.0,3555.0,0,23688,658,9738
F8206#F8109,2456.0,1054.0,3510.0,0,23724,659,9738
F2487#F8109,2089.0,1063.0,3152.0,0,23760,660,9738
F5298#F8109,2196.0,1197.0,3393.0,0,23796,661,9738
F3844#F8109,2158.0,1103.0,3261.0,0,23832,662,9738
F6494#F8109,2461.0,1194.0,3655.0,0,23868,663,9738
F6540#F8109,2526.0,1152.0,3678.0,0,23904,664,9738
F818#F8109,2454.0,1123.0,3577.0,0,23940,665,9738
F7328#F8109,2446.0,1246.0,3692.0,0,23976,666,9738
F1779#F8109,2206.0,1189.0,3395.0,0,24012,667,9738
F1#F8109,2530.0,1245.0,3775.0,0,24048,668,9738
F6201#F8109,2628.0,1189.0,3817.0,0,24084,669,9738
F6295#F8109,2660.0,1189.0,3849.0,0,24120,670,9738
F3412#F8109,2734.0,1239.0,3973.0,0,24156,671,9738
F3433#F8109,2642.0,1266.0,3908.0,0,24192,672,9738
F2684#F8109,2614.0,1194.0,3808.0,0,24228,673,9738
F4980#F8109,2588.0,1372.0,3960.0,0,24264,674,9738
F8216#F8109,2477.0,1092.0,3569.0,0,24300,675,9738
F5859#F8109,2574.0,1137.0,3711.0,0,24336,676,9738
F6112#F8109,2348.0,1093.0,3441.0,0,24372,677,9738
F8480#F8109,2231.0,1119.0,3350.0,0,24408,678,9738
F897#F8109,2555.0,1111.0,3666.0,0,24444,679,9738
F7932#F8109,2560.0,1121.0,3681.0,0,24480,680,9738
F4510#F8109,2756.0,1162.0,3918.0,0,24516,681,9738
F8664#F8109,2741.0,1292.0,4033.0,0,24552,682,9738
F7604#F8109,2873.0,1364.0,4237.0,0,24588,683,9738
F130#F8109,2822.0,1168.0,3990.0,0,24624,684,9738
F8885#F8109,2835.0,1160.0,3995.0,0,24660,685,9738
F380#F8109,2987.0,1086.0,4073.0,0,24696,686,9738
F7321#F8109,3311.0,1275.0,4586.0,0,24732,687,9738
F877#F8109,2821.0,1279.0,4100.0,0,24768,688,9738
F603#F8109,2963.0,1141.0,4104.0,0,24804,689,9738
F5705#F8109,2865.0,1223.0,4088.0,0,24840,690,9738
F5294#F8109,3096.0,1257.0,4353.0,0,24876,691,9738
F7109#F8109,2607.0,1256.0,3863.0,0,24912,692,9738
F4634#F8109,2110.0,1111.0,3221.0,0,24948,693,9738
F9657#F8109,2111.0,1190.0,3301.0,0,24984,694,9738
F4582#F8109,2104.0,1108.0,3212.0,0,25020,695,9738
F4621#F8109,2181.0,1165.0,3346.0,0,25056,696,9738
F6582#F8109,2513.0,1218.0,3731.0,0,25092,697,9738
F2562#F8109,2643.0,1236.0,3879.0,0,25128,698,9738
F4518#F8109,2955.0,1262.0,4217.0,0,25200,700,9738
F5432#F8109,2978.0,1263.0,4241.0,0,25236,701,9738
F4741#F8109,2891.0,1141.0,4032.0,0,25272,702,9738
F6288#F8109,2664.0,1220.0,3884.0,0,25308,703,9738
F2157#F8109,2690.0,1293.0,3983.0,0,25344,704,9738
F3364#F8109,2864.0,1366.0,4230.0,0,25380,705,9738
F1785#F8109,2746.0,1400.0,4146.0,0,25416,706,9738
F9331#F8109,2645.0,1214.0,3859.0,0,25452,707,9738
F9492#F8109,2567.0,1327.0,3894.0,0,25488,708,9738
F4957#F8109,2295.0,1152.0,3447.0,0,25524,709,9738
F8363#F8109,2729.0,1211.0,3940.0,0,25560,710,9738
F1423#F8109,2607.0,1178.0,3785.0,0,25596,711,9738
F8796#F8109,2589.0,1158.0,3747.0,0,25632,712,9738
F4000#F8109,2397.0,1190.0,3587.0,0,25668,713,9738
F2152#F8109,2821.0,1191.6690042075736,4012.6690042075734,0,25704,714,9738
F1374#F8109,2711.0,1272.0,3983.0,0,25740,715,9738
F6347#F8109,2224.0,1276.0,3500.0,0,25776,716,9738
F8431#F8109,2427.0,1247.0,3674.0,0,25812,717,9738
F7840#F8109,2430.384937238494,1275.0,3705.384937238494,0,25848,718,9738
F720#F8109,2433.7698744769878,1238.0,3671.7698744769878,0,25884,719,9738
F392#F8109,2738.0,1153.0,3891.0,0,25920,720,9738
F5869#F8109,2513.0,1300.0,3813.0,0,25956,721,9738
F2728#F8109,2231.0,1213.0,3444.0,0,25992,722,9738
F655#F8109,2201.0,1072.0,3273.0,0,26028,723,9738
F1758#F8109,2331.0,1168.0,3499.0,0,26064,724,9738
F6482#F8109,2375.0,1253.0,3628.0,0,26100,725,9738
F9854#F8109,2525.0,1171.0,3696.0,0,26136,726,9738
F2996#F8109,2693.0,1293.0,3986.0,0,26172,727,9738
F2121#F8109,2713.0,1151.0,3864.0,0,26208,728,9738
F9137#F8109,2535.0,1187.0,3722.0,0,26244,729,9738
F6992#F8109,2767.0,1333.0,4100.0,0,26280,730,9738
F2134#F8109,2391.0,1193.0,3584.0,0,26316,731,9738
F4699#F8109,2415.0,1254.0,3669.0,0,26352,732,9738
F8239#F8109,2663.0,1311.0,3974.0,0,26388,733,9738
F9257#F8109,2904.0,1302.0,4206.0,0,26424,734,9738
F2772#F8109,2928.0,1186.0,4114.0,0,26460,735,9738
F4557#F8109,2749.0,1171.0,3920.0,0,26496,736,9738
F1132#F8109,2674.0,1216.0,3890.0,0,26532,737,9738
F8267#F8109,3023.0,1207.0,4230.0,0,26568,738,9738
F5029#F8109,2978.0,1228.0,4206.0,0,26604,739,9738
F16#F8109,2775.0,1394.0,4169.0,0,26640,740,9738
F7937#F8109,2614.0,1234.0,3848.0,0,26676,741,9738
F9388#F8109,2682.0,1235.6653171390012,3917.665317139001,0,26712,742,9738
F4397#F8109,2649.0,1300.0,3949.0,0,26748,743,9738
F5611#F8109,2500.0,1206.0,3706.0,0,26784,744,9738
F8151#F8109,2603.0,1207.6209677419356,3810.6209677419356,0,26820,745,9738
F2049#F8109,2739.0,1328.0,4067.0,0,26856,746,9738
F4879#F8109,2505.0,1443.0,3948.0,0,26892,747,9738
F5327#F8109,2181.0,1243.0,3424.0,0,26964,749,9738
F7532#F8109,2202.0,1164.0,3366.0,0,27000,750,9738
F2453#F8109,2085.0,1164.0,3249.0,0,27036,751,9738
F8826#F8109,2112.0,1185.0,3297.0,0,27072,752,9738
F808#F8109,2145.0,1181.0,3326.0,0,27108,753,9738
F3167#F8109,2160.0,1164.0,3324.0,0,27144,754,9738
F4780#F8109,2153.0,1237.0,3390.0,0,27180,755,9738
F7664#F8109,2232.0,1218.0,3450.0,0,27216,756,9738
F9035#F8109,2231.0,1282.0,3513.0,0,27252,757,9738
F7032#F8109,2263.0,1246.0,3509.0,0,27288,758,9738
F3238#F8109,2428.0,1275.0,3703.0,0,27324,759,9738
F3281#F8109,2379.0,1474.0,3853.0,0,27360,760,9738
F2233#F8109,2229.0,1190.0,3419.0,0,27396,761,9738
F3341#F8109,2236.0,1282.0,3518.0,0,27432,762,9738
F9300#F8109,2372.0,1283.6824146981626,3655.6824146981626,0,27468,763,9738
F837#F8109,2456.0,1298.0,3754.0,0,27540,765,9738
F6230#F8109,2459.21045751634,1393.0,3852.21045751634,0,27576,766,9738
F1291#F8109,2337.0,1204.0,3541.0,0,27612,767,9738
F4273#F8109,2243.0,1298.0,3541.0,0,27648,768,9738
F3154#F8109,2196.0,1183.0,3379.0,0,27684,769,9738
F9742#F8109,2275.0,1219.0,3494.0,0,27720,770,9738
F4121#F8109,2246.0,1152.0,3398.0,0,27756,771,9738
F7064#F8109,2352.0,1345.0,3697.0,0,27792,772,9738
F7042#F8109,2273.0,1193.0,3466.0,0,27828,773,9738
F2522#F8109,2315.0,1253.0,3568.0,0,27864,774,9738
F7457#F8109,2180.0,1214.0,3394.0,0,27900,775,9738
F8523#F8109,2255.0,1235.0,3490.0,0,27936,776,9738
F4861#F8109,2354.0,1236.0,3590.0,0,27972,777,9738
F1204#F8109,2380.0,1201.0,3581.0,0,28008,778,9738
F7805#F8109,2338.0,1169.0,3507.0,0,28044,779,9738
F5898#F8109,2256.0,1360.0,3616.0,0,28080,780,9738
F5939#F8109,2297.0,1240.0,3537.0,0,28116,781,9738
F7398#F8109,2238.0,1243.0,3481.0,0,28152,782,9738
F3574#F8109,2528.0,1257.0,3785.0,0,28188,783,9738
F6876#F8109,2248.0,1149.0,3397.0,0,28224,784,9738
F59#F8109,2284.0,1106.0,3390.0,0,28296,786,9738
F3381#F8109,2298.0,1266.0,3564.0,0,28332,787,9738
F9275#F8109,2484.0,1371.0,3855.0,0,28368,788,9738
F4854#F8109,2593.0,1363.0,3956.0,0,28404,789,9738
F2941#F8109,2522.0,1237.0,3759.0,0,28440,790,9738
F8645#F8109,2395.0,1217.0,3612.0,0,28476,791,9738
F8157#F8109,2276.0,1251.0,3527.0,0,28512,792,9738
F7520#F8109,2466.0,1369.0,3835.0,0,28548,793,9738
F4062#F8109,2540.0,1338.0,3878.0,0,28584,794,9738
F6192#F8109,2418.0,1338.0,3756.0,0,28620,795,9738
F7491#F8109,2285.0,1268.0,3553.0,0,28656,796,9738
F3367#F8109,2361.0,1254.0,3615.0,0,28692,797,9738
F8055#F8109,2220.0,1205.0,3425.0,0,28728,798,9738
F5188#F8109,2326.0,1226.0,3552.0,0,28764,799,9738
F9680#F8109,2349.0,1254.0,3603.0,0,28800,800,9738
F4148#F8109,2313.0,1164.0,3477.0,0,28836,801,9738
F5893#F8109,2397.0,1329.0,3726.0,0,28872,802,9738
F2667#F8109,2434.0,1408.0,3842.0,0,28908,803,9738
F2665#F8109,2507.0,1356.0,3863.0,0,28944,804,9738
F5185#F8109,2551.0,1415.0,3966.0,0,29016,806,9738
F6453#F8109,2626.0,1277.0,3903.0,0,29052,807,9738
F8149#F8109,2387.0,1200.0,3587.0,0,29088,808,9738
F7177#F8109,2316.0,1387.0,3703.0,0,29124,809,9738
F3200#F8109,2639.0,1334.0,3973.0,0,29160,810,9738
F7525#F8109,2412.0,1348.0,3760.0,0,29196,811,9738
F7536#F8109,2324.0,1305.0,3629.0,0,29232,812,9738
F2491#F8109,2335.0,1250.0,3585.0,0,29304,814,9738
F7416#F8109,2372.0,1271.0,3643.0,0,29340,815,9738
F2267#F8109,2341.0,1261.0,3602.0,0,29376,816,9738
F6951#F8109,2277.0,1172.0,3449.0,0,29412,817,9738
F7559#F8109,2380.0,1366.0,3746.0,0,29448,818,9738
F5299#F8109,2365.0,1282.0,3647.0,0,29484,819,9738
F8134#F8109,2426.0,1240.0,3666.0,0,29520,820,9738
F4078#F8109,2366.0,1320.0,3686.0,0,29556,821,9738
F4972#F8109,2297.0,1343.0,3640.0,0,29592,822,9738
F4627#F8109,2261.0,1250.0,3511.0,0,29664,824,9738
F8045#F8109,2260.0,1255.0,3515.0,0,29700,825,9738
F8955#F8109,2325.0,1237.0,3562.0,0,29736,826,9738
F6848#F8109,2149.0,1182.0,3331.0,0,29772,827,9738
F2036#F8109,2156.0,1166.0,3322.0,0,29808,828,9738
F2774#F8109,2161.0,1151.0,3312.0,0,29844,829,9738
F3496#F8109,2149.0,1164.0,3313.0,0,29880,830,9738
F8164#F8109,2224.0,1234.0,3458.0,0,29952,832,9738
F3870#F8109,2491.0,1308.0,3799.0,0,29988,833,9738
F2101#F8109,2347.0,1172.0,3519.0,0,30024,834,9738
F2608#F8109,2348.0,1211.0,3559.0,0,30060,835,9738
F8928#F8109,2335.0,1248.0,3583.0,0,30096,836,9738
F469#F8109,2354.0,1228.0,3582.0,0,30132,837,9738
F4094#F8109,2354.0,1226.0,3580.0,0,30168,838,9738
F8119#F8109,2287.0,1199.0,3486.0,0,30204,839,9738
F1381#F8109,2229.0,1275.0,3504.0,0,30240,840,9738
F4287#F8109,2447.0,1420.0,3867.0,0,30276,841,9738
F4762#F8109,2249.0,1401.0,3650.0,0,30312,842,9738
F6691#F8109,2372.0,1326.0,3698.0,0,30348,843,9738
F3315#F8109,2521.0,1314.0,3835.0,0,30384,844,9738
F6308#F8109,2296.0,1291.0,3587.0,0,30420,845,9738
F9422#F8109,2300.0,1266.0,3566.0,0,30456,846,9738
F1672#F8109,2246.0,1211.0,3457.0,0,30492,847,9738
F2974#F8109,2384.0,1395.0,3779.0,0,30528,848,9738
F5592#F8109,2413.0,1403.0,3816.0,0,30564,849,9738
F5647#F8109,2386.0,1382.0,3768.0,0,30600,850,9738
F2031#F8109,2401.0,1437.0,3838.0,0,30636,851,9738
F1466#F8109,2588.0,1480.0,4068.0,0,30672,852,9738
F5990#F8109,2531.0,1621.0,4152.0,0,30708,853,9738
F9004#F8109,2498.0,1416.0,3914.0,0,30744,854,9738
F3939#F8109,2386.0,1410.0,3796.0,0,30780,855,9738
F5391#F8109,2413.0,1608.0,4021.0,0,30816,856,9738
F4119#F8109,2489.0,1384.0,3873.0,0,30888,858,9738
F9643#F8109,2484.0,1599.0,4083.0,0,30924,859,9738
F3294#F8109,2504.0,1548.0,4052.0,0,30960,860,9738
F2849#F8109,2472.0,1530.0,4002.0,0,30996,861,9738
F8175#F8109,2302.0,1325.0,3627.0,0,31032,862,9738
F3703#F8109,2396.0,1530.0,3926.0,0,31068,863,9738
F8745#F8109,2449.0,1713.0,4162.0,0,31104,864,9738
F6125#F8109,2581.0,1517.0,4098.0,0,31140,865,9738
F3711#F8109,2396.0,1368.0,3764.0,0,31176,866,9738
F2878#F8109,2564.0,1476.0,4040.0,0,31212,867,9738
F8644#F8109,2519.0,1379.0,3898.0,0,31248,868,9738
F8165#F8109,2687.0,1305.0,3992.0,0,31320,870,9738
F6402#F8109,2397.0,1309.0,3706.0,0,31356,871,9738
F4484#F8109,2595.0,1372.0,3967.0,0,31392,872,9738
F8136#F8109,2384.0,1330.0,3714.0,0,31428,873,9738
F1338#F8109,2486.0,1350.0,3836.0,0,31464,874,9738
F9530#F8109,2460.0,1387.0,3847.0,0,31500,875,9738
F6319#F8109,2440.0,1386.0,3826.0,0,31536,876,9738
F2209#F8109,2333.0,1291.0,3624.0,0,31716,881,9738
F2847#F8109,2342.0,1409.0,3751.0,0,31752,882,9738
F2024#F8109,2401.0,1265.0,3666.0,0,31788,883,9738
F6269#F8109,2305.0,1311.0,3616.0,0,31824,884,9738
F4934#F8109,2368.0,1295.0,3663.0,0,31860,885,9738
F5664#F8109,2404.0,1385.0,3789.0,0,31896,886,9738
F9102#F8109,2367.0,1399.0,3766.0,0,31932,887,9738
F2885#F8109,2434.0,1325.0,3759.0,0,31968,888,9738
F3221#F8109,2405.0,1467.0,3872.0,0,32004,889,9738
F9134#F8109,2355.0,1325.0,3680.0,0,32040,890,9738
F6534#F8109,2474.0,1372.0,3846.0,0,32076,891,9738
F7871#F8109,2378.0,1343.0,3721.0,0,32112,892,9738
F333#F8109,2359.0,1208.0,3567.0,0,32148,893,9738
F5915#F8109,2394.0,1332.0,3726.0,0,32184,894,9738
F530#F8109,2335.0,1296.0,3631.0,0,32220,895,9738
F7995#F8109,2385.0,1243.0,3628.0,0,32256,896,9738
F8915#F8109,2346.0,1313.0,3659.0,0,32292,897,9738
F3396#F8109,2377.0,1295.0,3672.0,0,32328,898,9738
F3536#F8109,2488.0,1386.0,3874.0,0,32364,899,9738
F5348#F8109,2571.0,1560.0,4131.0,0,32436,901,9738
F5045#F8109,2477.0,1421.0,3898.0,0,32472,902,9738
F3420#F8109,2645.0,1454.0,4099.0,0,32508,903,9738
F1866#F8109,2451.0,1393.0,3844.0,0,32544,904,9738
F1773#F8109,2406.0,1354.0,3760.0,0,32580,905,9738
F5014#F8109,2547.0,1543.0,4090.0,0,32616,906,9738
F7655#F8109,2517.0,1482.0,3999.0,0,32652,907,9738
F4904#F8109,2629.0,1467.0,4096.0,0,32688,908,9738
F1442#F8109,2374.0,1272.0,3646.0,0,32724,909,9738
F4511#F8109,2432.0,1336.0,3768.0,0,32760,910,9738
F2702#F8109,2540.0,1337.4681318681319,3877.468131868132,0,32796,911,9738
F2392#F8109,2437.0,1298.0,3735.0,0,32832,912,9738
F8760#F8109,2437.0,1389.0,3826.0,0,32868,913,9738
F9789#F8109,2431.0,1363.0,3794.0,0,32904,914,9738
F6462#F8109,2470.0,1496.0,3966.0,0,32940,915,9738
F1076#F8109,2586.0,1447.0,4033.0,0,32976,916,9738
F8596#F8109,2569.0,1413.0,3982.0,0,33012,917,9738
F1350#F8109,2450.0,1576.0,4026.0,0,33048,918,9738
F7720#F8109,2477.0,1446.0,3923.0,0,33084,919,9738
F1295#F8109,2541.0,1407.0,3948.0,0,33120,920,9738
F3530#F8109,2571.0,1510.0,4081.0,0,33156,921,9738
F2096#F8109,2531.0,1347.0,3878.0,0,33192,922,9738
F3583#F8109,2542.0,1348.4609544468547,3890.460954446855,0,33228,923,9738
F1243#F8109,2440.0,1513.0,3953.0,0,33264,924,9738
F907#F8109,2516.0,1396.0,3912.0,0,33300,925,9738
F1330#F8109,2394.0,1385.0,3779.0,0,33336,926,9738
F731#F8109,2429.0,1401.0,3830.0,0,33372,927,9738
F7261#F8109,2374.0,1393.0,3767.0,0,33408,928,9738
F3778#F8109,2455.0,1341.0,3796.0,0,33444,929,9738
F7000#F8109,2496.0,1445.0,3941.0,0,33480,930,9738
F3836#F8109,2556.0,1450.0,4006.0,0,33516,931,9738
F1187#F8109,2672.0,1428.0,4100.0,0,33624,934,9738
F5278#F8109,2603.0,1525.0,4128.0,0,33660,935,9738
F838#F8109,2465.0,1396.0,3861.0,0,33732,937,9738
F5300#F8109,2433.0,1443.0,3876.0,0,33768,938,9738
F2483#F8109,2475.0,1333.0,3808.0,0,33804,939,9738
F1424#F8109,2563.0,1332.0,3895.0,0,33840,940,9738
F7730#F8109,2490.0,1404.0,3894.0,0,33912,942,9738
F8384#F8109,2506.0,1472.0,3978.0,0,33948,943,9738
F7765#F8109,2516.0,1437.0,3953.0,0,33984,944,9738
F7983#F8109,2517.0,1438.522245762712,3955.522245762712,0,34020,945,9738
F2166#F8109,2595.0,1438.0,4033.0,0,34056,946,9738
F4392#F8109,2625.0,1424.0,4049.0,0,34092,947,9738
F3867#F8109,2576.0,1457.0,4033.0,0,34128,948,9738
F6036#F8109,2594.0,1461.0,4055.0,0,34164,949,9738
F1525#F8109,2667.0,1562.0,4229.0,0,34200,950,9738
F641#F8109,2625.0,1393.0,4018.0,0,34236,951,9738
F7488#F8109,2632.0,1607.0,4239.0,0,34272,952,9738
F2488#F8109,2503.0,1420.0,3923.0,0,34308,953,9738
F9233#F8109,2586.0,1455.0,4041.0,0,34344,954,9738
F7270#F8109,2561.0,1438.0,3999.0,0,34380,955,9738
F4719#F8109,2506.0,1373.0,3879.0,0,34416,956,9738
F4172#F8109,2457.0,1338.0,3795.0,0,34452,957,9738
F5280#F8109,2598.0,1493.0,4091.0,0,34488,958,9738
F6918#F8109,2555.0,1395.0,3950.0,0,34524,959,9738
F1233#F8109,2776.0,1614.0,4390.0,0,34596,961,9738
F4778#F8109,2705.0,1617.0,4322.0,0,34632,962,9738
F9264#F8109,2796.0,1473.0,4269.0,0,34668,963,9738
F8713#F8109,2566.0,1415.0,3981.0,0,34704,964,9738
F4842#F8109,2671.0,1608.0,4279.0,0,34740,965,9738
F9621#F8109,2730.0,1575.0,4305.0,0,34776,966,9738
F5128#F8109,2685.0,1554.0,4239.0,0,34812,967,9738
F1055#F8109,2738.0,1522.0,4260.0,0,34848,968,9738
F9319#F8109,2600.0,1486.0,4086.0,0,34884,969,9738
F8236#F8109,2517.0,1436.0,3953.0,0,34920,970,9738
F8098#F8109,2553.0,1376.0,3929.0,0,34956,971,9738
F3698#F8109,2589.0,1419.0,4008.0,0,34992,972,9738
F3086#F8109,2538.0,1407.0,3945.0,0,35028,973,9738
F6469#F8109,2594.0,1602.0,4196.0,0,35064,974,9738
F8997#F8109,2658.0,1791.0,4449.0,0,35136,976,9738
F6543#F8109,2960.0,1711.0,4671.0,0,35172,977,9738
F2991#F8109,2736.0,1515.0,4251.0,0,35244,979,9738
F8618#F8109,2619.0,1536.0,4155.0,0,35280,980,9738
F6445#F8109,2629.0,1471.0,4100.0,0,35316,981,9738
F4802#F8109,2856.0,1644.0,4500.0,0,35352,982,9738
F2595#F8109,2740.0,1562.0,4302.0,0,35424,984,9738
F4124#F8109,2732.0,1547.0,4279.0,0,35460,985,9738
F4948#F8109,2643.0,1480.0,4123.0,0,35496,986,9738
F3027#F8109,2570.0,1457.0,4027.0,0,35532,987,9738
F2106#F8109,2543.0,1366.0,3909.0,0,35604,989,9738
F9814#F8109,2609.0,1501.0,4110.0,0,35640,990,9738
F7510#F8109,2590.0,1428.0,4018.0,0,35676,991,9738
F2971#F8109,2637.0,1473.0,4110.0,0,35712,992,9738
F785#F8109,2670.0,1463.0,4133.0,0,35748,993,9738
F2061#F8109,2651.0,1463.0,4114.0,0,35784,994,9738
F1960#F8109,2693.0,1516.0,4209.0,0,35820,995,9738
F6710#F8109,2642.0,1501.0,4143.0,0,35856,996,9738
F9628#F8109,2700.0,1502.0,4202.0,0,35892,997,9738
F1203#F8109,2695.0,1448.0,4143.0,0,35928,998,9738
F5397#F8109,2660.0,1519.0,4179.0,0,35964,999,9738
F5322#F8109,2705.0,1490.0,4195.0,0,36000,1000,9738
F9020#F8109,2585.0,1405.0,3990.0,0,36036,1001,9738
F8616#F8109,2661.0,1523.0,4184.0,0,36072,1002,9738
F5619#F8109,2896.0,1551.0,4447.0,0,36108,1003,9738
F2245#F8109,2821.0,1610.0,4431.0,0,36144,1004,9738
F6736#F8109,2702.0,1651.0,4353.0,0,36180,1005,9738
F1277#F8109,2654.0,1473.0,4127.0,0,36216,1006,9738
F8831#F8109,2756.0,1572.0,4328.0,0,36252,1007,9738
F5919#F8109,3016.0,1694.0,4710.0,0,36288,1008,9738
F6890#F8109,2934.0,1536.0,4470.0,0,36324,1009,9738
F616#F8109,2998.0,1443.0,4441.0,0,36360,1010,9738
F4023#F8109,2697.0,1537.0,4234.0,0,36396,1011,9738
F9655#F8109,2622.0,1560.0,4182.0,0,36432,1012,9738
F8510#F8109,2613.0,1540.0,4153.0,0,36468,1013,9738
F8261#F8109,2614.0,1478.0,4092.0,0,36504,1014,9738
F1874#F8109,2863.0,1523.0,4386.0,0,36540,1015,9738
F5950#F8109,2943.0,1578.0,4521.0,0,36576,1016,9738
F1807#F8109,2945.896653543307,1579.5531496062993,4525.449803149606,0,36612,1017,9738
F856#F8109,2948.793307086614,1581.1062992125985,4529.899606299212,0,36648,1018,9738
F8451#F8109,2951.689960629921,1582.6594488188978,4534.349409448819,0,36684,1019,9738
F2478#F8109,2954.586614173228,1584.2125984251968,4538.799212598425,0,36720,1020,9738
F3457#F8109,2957.483267716535,1585.765748031496,4543.2490157480315,0,36756,1021,9738
F8074#F8109,2960.379921259842,1587.3188976377953,4547.6988188976375,0,36792,1022,9738
F7020#F8109,2966.1732283464557,1590.4251968503936,4556.598425196849,0,36864,1024,9738
F5330#F8109,2969.0698818897627,1591.9783464566929,4561.048228346455,0,36900,1025,9738
F3127#F8109,2971.9665354330696,1593.5314960629921,4565.498031496061,0,36936,1026,9738
F4945#F8109,2977.759842519684,1596.6377952755906,4574.397637795275,0,37008,1028,9738
F1916#F8109,2980.6564960629908,1598.19094488189,4578.847440944881,0,37044,1029,9738
F6155#F8109,2983.553149606298,1599.7440944881891,4583.297244094487,0,37080,1030,9738
F1646#F8109,2986.4498031496055,1601.2972440944884,4587.747047244094,0,37116,1031,9738
F2080#F8109,2989.346456692913,1602.8503937007877,4592.1968503937005,0,37152,1032,9738
F4766#F8109,2992.2431102362198,1604.403543307087,4596.6466535433065,0,37188,1033,9738
F7881#F8109,2995.1397637795267,1605.956692913386,4601.096456692912,0,37224,1034,9738
F8855#F8109,2998.0364173228336,1607.5098425196852,4605.546259842518,0,37260,1035,9738
F1491#F8109,3000.933070866141,1609.0629921259845,4609.996062992125,0,37296,1036,9738
F2842#F8109,3003.829724409448,1610.6161417322835,4614.445866141731,0,37332,1037,9738
F6622#F8109,3006.7263779527552,1612.1692913385828,4618.895669291338,0,37368,1038,9738
F6575#F8109,3009.623031496062,1613.7224409448818,4623.345472440944,0,37404,1039,9738
F4920#F8109,3012.5196850393695,1615.2755905511813,4627.795275590551,0,37440,1040,9738
F2712#F8109,3015.4163385826764,1616.8287401574805,4632.245078740157,0,37476,1041,9738
F7138#F8109,3018.3129921259833,1618.3818897637796,4636.694881889763,0,37512,1042,9738
F8747#F8109,3021.2096456692902,1859.0,4880.209645669291,0,37548,1043,9738
F5413#F8109,3024.106299212597,1965.0,4989.106299212597,0,37584,1044,9738
F4631#F8109,3365.0,1765.0,5130.0,0,37620,1045,9738
F286#F8109,2871.0,1584.0,4455.0,0,37692,1047,9738
F6780#F8109,2924.0,1591.0,4515.0,0,37728,1048,9738
F4240#F8109,2870.0,1559.0,4429.0,0,37764,1049,9738
F8941#F8109,2992.0,1592.0,4584.0,0,37836,1051,9738
F8542#F8109,2905.0,1591.0,4496.0,0,37872,1052,9738
F1462#F8109,2855.0,1535.0,4390.0,0,37908,1053,9738
F268#F8109,3072.0,1638.0,4710.0,0,37944,1054,9738
F8228#F8109,3074.9146110056927,1785.0,4859.914611005693,0,37980,1055,9738
F1985#F8109,3077.829222011385,2020.0,5097.829222011385,0,38016,1056,9738
F4276#F8109,3080.7438330170776,2156.0,5236.743833017077,0,38052,1057,9738
F2190#F8109,3089.487666034155,1862.0,4951.487666034155,0,38160,1060,9738
F6967#F8109,3092.402277039848,1773.0,4865.402277039848,0,38196,1061,9738
F3052#F8109,3095.31688804554,1774.6710650329876,4869.987953078527,0,38232,1062,9738
F1158#F8109,3101.1461100569254,1954.0,5055.146110056925,0,38304,1064,9738
F7999#F8109,3104.060721062618,1718.0,4822.0607210626185,0,38340,1065,9738
F9777#F8109,3568.0,1927.0,5495.0,0,38376,1066,9738
F3712#F8109,3898.0,2105.0,6003.0,0,38412,1067,9738
F1589#F8109,3765.0,1991.0,5756.0,0,38556,1071,9738
F3025#F8109,3619.0,1741.0,5360.0,0,38592,1072,9738
F362#F8109,3482.0,1750.0,5232.0,0,38628,1073,9738
F3446#F8109,3445.0,1793.0,5238.0,0,38664,1074,9738
F1188#F8109,3391.0,1856.0,5247.0,0,38700,1075,9738
F2896#F8109,3566.0,1757.0,5323.0,0,38736,1076,9738
F8667#F8109,3750.0,1924.0,5674.0,0,38808,1078,9738
F8298#F8109,3900.0,1898.0,5798.0,0,38844,1079,9738
F9165#F8109,3821.0,1859.0,5680.0,0,38880,1080,9738
F8600#F8109,3766.0,1791.0,5557.0,0,38916,1081,9738
F7946#F8109,3850.0,1953.0,5803.0,0,38952,1082,9738
F2803#F8109,3902.0,1962.0,5864.0,0,38988,1083,9738
F1293#F8109,3474.0,1796.0,5270.0,0,39024,1084,9738
F5612#F8109,3337.0,1830.0,5167.0,0,39060,1085,9738
F4747#F8109,3340.0755760368666,1831.6866359447006,5171.762211981567,0,39096,1086,9738
F1450#F8109,3343.151152073733,2078.0,5421.151152073733,0,39132,1087,9738
F359#F8109,3346.2267281105997,2079.911683532659,5426.138411643258,0,39168,1088,9738
F578#F8109,3349.302304147466,2468.0,5817.302304147466,0,39204,1089,9738
F4362#F8109,3352.3778801843328,2612.0,5964.377880184333,0,39240,1090,9738
F7865#F8109,3358.5290322580654,2155.0,5513.529032258066,0,39312,1092,9738
F8916#F8109,3361.604608294932,2014.0,5375.604608294932,0,39348,1093,9738
F2835#F8109,3364.6801843317985,1670.0,5034.680184331799,0,39384,1094,9738
F7744#F8109,3367.755760368665,1901.0,5268.7557603686655,0,39420,1095,9738
F3763#F8109,3370.8313364055316,2114.0,5484.831336405532,0,39456,1096,9738
F7424#F8109,3373.906912442398,1927.0,5300.906912442399,0,39492,1097,9738
F6583#F8109,3628.0,2177.0,5805.0,0,39528,1098,9738
F1810#F8109,3688.0,1967.0,5655.0,0,39600,1100,9738
F2992#F8109,3534.0,2136.0,5670.0,0,39636,1101,9738
F4219#F8109,3542.0,1812.0,5354.0,0,39672,1102,9738
F614#F8109,3619.0,1810.0,5429.0,0,39708,1103,9738
F1515#F8109,3642.0,1818.0,5460.0,0,39744,1104,9738
F1739#F8109,3335.0,1784.0,5119.0,0,39780,1105,9738
F2843#F8109,3423.0,1792.0,5215.0,0,39816,1106,9738
F8905#F8109,3806.0,1876.0,5682.0,0,39852,1107,9738
F5924#F8109,3728.0,1990.0,5718.0,0,39888,1108,9738
F5127#F8109,3437.0,1848.0,5285.0,0,39996,1111,9738
F5993#F8109,3494.0,1977.0,5471.0,0,40032,1112,9738
F2679#F8109,3427.0,2260.0,5687.0,0,40068,1113,9738
F5189#F8109,3425.0,1894.0,5319.0,0,40104,1114,9738
F9076#F8109,3175.0,1807.0,4982.0,0,40140,1115,9738
F4225#F8109,3087.0,1743.0,4830.0,0,40212,1117,9738
F9010#F8109,3164.0,1783.0,4947.0,0,40320,1120,9738
F4928#F8109,3140.0,1825.0,4965.0,0,40392,1122,9738
F968#F8109,3476.0,1746.0,5222.0,0,40500,1125,9738
F7800#F8109,3125.0,1862.0,4987.0,0,40536,1126,9738
F7230#F8109,3186.0,1853.0,5039.0,0,40572,1127,9738
F5798#F8109,3103.0,1708.0,4811.0,0,40644,1129,9738
F5273#F8109,3200.0,1881.0,5081.0,0,40716,1131,9738
F9062#F8109,3057.0,1687.0,4744.0,0,40752,1132,9738
F6314#F8109,3242.0,1728.0,4970.0,0,40788,1133,9738
F9284#F8109,3119.0,1813.0,4932.0,0,40824,1134,9738
F9125#F8109,3215.0,1952.0,5167.0,0,40860,1135,9738
F4709#F8109,3342.0,1957.0,5299.0,0,40896,1136,9738
F9213#F8109,3370.0,2170.0,5540.0,0,40932,1137,9738
F6779#F8109,3396.0,1957.0,5353.0,0,40968,1138,9738
F7368#F8109,3235.0,1846.0,5081.0,0,41004,1139,9738
F3856#F8109,3237.84021071115,2116.0,5353.840210711151,0,41040,1140,9738
F1947#F8109,3557.0,2075.0,5632.0,0,41112,1142,9738
F6854#F8109,3326.0,1717.0,5043.0,0,41148,1143,9738
F3625#F8109,3432.0,1790.0,5222.0,0,41184,1144,9738
F265#F8109,3237.0,1740.0,4977.0,0,41220,1145,9738
F7124#F8109,3154.0,1877.0,5031.0,0,41256,1146,9738
F3947#F8109,3202.0,1798.0,5000.0,0,41292,1147,9738
F2970#F8109,3504.0,1774.0,5278.0,0,41328,1148,9738
F4570#F8109,3341.0,2025.0,5366.0,0,41400,1150,9738
F8998#F8109,3448.0,1987.0,5435.0,0,41436,1151,9738
F1169#F8109,3289.0,1858.0,5147.0,0,41508,1153,9738
F698#F8109,3535.0,1951.0,5486.0,0,41544,1154,9738
F3464#F8109,3596.0,1870.0,5466.0,0,41580,1155,9738
F2770#F8109,3335.0,1912.0,5247.0,0,41616,1156,9738
F6149#F8109,3388.0,1820.0,5208.0,0,41652,1157,9738
F2854#F8109,3234.0,1965.0,5199.0,0,41688,1158,9738
F2137#F8109,3279.0,1664.0,4943.0,0,41724,1159,9738
F6317#F8109,3301.0,1881.0,5182.0,0,41796,1161,9738
F330#F8109,3447.0,1798.0,5245.0,0,41832,1162,9738
F8143#F8109,3608.0,2051.0,5659.0,0,41868,1163,9738
F3777#F8109,3622.0,2077.0,5699.0,0,41904,1164,9738
F5819#F8109,3716.0,1728.0,5444.0,0,41940,1165,9738
F8690#F8109,3172.0,1915.0,5087.0,0,41976,1166,9738
F8097#F8109,3264.0,1729.0,4993.0,0,42048,1168,9738
F4174#F8109,3336.0,1794.0,5130.0,0,42120,1170,9738
F4138#F8109,3240.0,1976.0,5216.0,0,42156,1171,9738
F354#F8109,3313.0,1826.0,5139.0,0,42192,1172,9738
F9480#F8109,3366.0,1859.0,5225.0,0,42228,1173,9738
F4579#F8109,3657.0,1734.0,5391.0,0,42264,1174,9738
F9891#F8109,3305.0,1772.0,5077.0,0,42336,1176,9738
F7839#F8109,3307.0,1977.0,5284.0,0,42372,1177,9738
F4228#F8109,3400.0,1925.0,5325.0,0,42408,1178,9738
F7534#F8109,3713.0,2029.0,5742.0,0,42444,1179,9738
F1852#F8109,3437.0,1952.0,5389.0,0,42480,1180,9738
F304#F8109,3487.0,1665.0,5152.0,0,42516,1181,9738
F8040#F8109,3243.0,1812.0,5055.0,0,42552,1182,9738
F4585#F8109,3264.0,1774.0,5038.0,0,42660,1185,9738
F8634#F8109,3357.0,1877.0,5234.0,0,42696,1186,9738
F2935#F8109,3473.0,2038.0,5511.0,0,42732,1187,9738
F1332#F8109,3661.0,2027.0,5688.0,0,42768,1188,9738
F4870#F8109,3391.0,1939.0,5330.0,0,42804,1189,9738
F9922#F8109,3374.0,1927.0,5301.0,0,42840,1190,9738
F1474#F8109,3731.0,1987.0,5718.0,0,42876,1191,9738
F6332#F8109,3783.0,1943.0,5726.0,0,42912,1192,9738
F3500#F8109,3290.0,1910.0,5200.0,0,42984,1194,9738
F7526#F8109,3481.0,1841.0,5322.0,0,43056,1196,9738
F4303#F8109,3347.0,1925.0,5272.0,0,43092,1197,9738
F172#F8109,3288.0,1932.0,5220.0,0,43128,1198,9738
F5973#F8109,3354.0,1914.0,5268.0,0,43164,1199,9738
F2596#F8109,3594.0,1953.0,5547.0,0,43200,1200,9738
F3506#F8109,3424.0,1915.0,5339.0,0,43308,1203,9738
F4858#F8109,3709.0,1951.0,5660.0,0,43344,1204,9738
F8716#F8109,3627.0,2106.0,5733.0,0,43380,1205,9738
F2858#F8109,3657.0,2232.0,5889.0,0,43416,1206,9738
F7430#F8109,4041.0,2150.0,6191.0,0,43452,1207,9738
F3375#F8109,3885.0,1899.0,5784.0,0,43488,1208,9738
F8934#F8109,3622.0,1886.0,5508.0,0,43524,1209,9738
F7435#F8109,3845.0,1918.0,5763.0,0,43560,1210,9738
F397#F8109,3538.0,1853.0,5391.0,0,43596,1211,9738
F2481#F8109,3298.0,1813.0,5111.0,0,43740,1215,9738
F4999#F8109,3706.0,2149.0,5855.0,0,43776,1216,9738
F1912#F8109,3862.0,1960.0,5822.0,0,43812,1217,9738
F1929#F8109,3727.0,1956.0,5683.0,0,43884,1219,9738
F6012#F8109,3588.0,1965.0,5553.0,0,43920,1220,9738
F2657#F8109,3517.0,1925.0,5442.0,0,43992,1222,9738
F3069#F8109,3290.0,2022.0,5312.0,0,44028,1223,9738
F5067#F8109,3447.0,2077.0,5524.0,0,44064,1224,9738
F4513#F8109,3517.0,2073.0,5590.0,0,44136,1226,9738
F5883#F8109,3582.0,2266.0,5848.0,0,44244,1229,9738
F6336#F8109,3403.0,1958.0,5361.0,0,44280,1230,9738
F8308#F8109,3451.0,2008.0,5459.0,0,44316,1231,9738
F3444#F8109,3610.0,2070.0,5680.0,0,44352,1232,9738
F8452#F8109,3779.0,2057.0,5836.0,0,44388,1233,9738
F6078#F8109,3571.0,2012.0,5583.0,0,44460,1235,9738
F3393#F8109,3763.0,1914.0,5677.0,0,44532,1237,9738
F3691#F8109,3604.0,1893.0,5497.0,0,44676,1241,9738
F4587#F8109,3642.0,1949.0,5591.0,0,44748,1243,9738
F2923#F8109,3877.0,2284.0,6161.0,0,44784,1244,9738
F6958#F8109,3987.0,2040.0,6027.0,0,44820,1245,9738
F128#F8109,3965.0,2171.0,6136.0,0,44856,1246,9738
F5951#F8109,3876.0,2051.0,5927.0,0,44892,1247,9738
F6756#F8109,3663.0,2140.0,5803.0,0,44928,1248,9738
F7514#F8109,3798.0,2156.0,5954.0,0,44964,1249,9738
F8378#F8109,4299.0,2219.0,6518.0,0,45000,1250,9738
F4638#F8109,4315.0,1974.0,6289.0,0,45036,1251,9738
F4072#F8109,4285.0,2122.0,6407.0,0,45108,1253,9738
F1683#F8109,4129.0,1935.0,6064.0,0,45252,1257,9738
F1398#F8109,4384.0,2069.0,6453.0,0,45396,1261,9738
F9599#F8109,4418.0,2421.0,6839.0,0,45468,1263,9738
F7258#F8109,4187.0,2122.0,6309.0,0,45504,1264,9738
F6438#F8109,3970.0,2014.0,5984.0,0,45576,1266,9738
F8784#F8109,4040.0,1994.0,6034.0,0,45612,1267,9738
F587#F8109,4259.0,1960.0,6219.0,0,45648,1268,9738
F4665#F8109,4104.0,1986.0,6090.0,0,45684,1269,9738
F9881#F8109,4276.0,1984.0,6260.0,0,45720,1270,9738
F4882#F8109,4099.0,2128.0,6227.0,0,45792,1272,9738
F6762#F8109,4137.0,2089.0,6226.0,0,45828,1273,9738
F3534#F8109,4166.0,2136.0,6302.0,0,45936,1276,9738
F9540#F8109,4096.0,2184.0,6280.0,0,45972,1277,9738
F3808#F8109,3717.0,2011.0,5728.0,0,46008,1278,9738
F6833#F8109,3968.0,2107.0,6075.0,0,46116,1281,9738
F272#F8109,3836.0,2015.0,5851.0,0,46152,1282,9738
F2957#F8109,4043.0,2015.0,6058.0,0,46188,1283,9738
F9229#F8109,4063.0,2279.0,6342.0,0,46260,1285,9738
F9217#F8109,4608.0,2431.0,7039.0,0,46296,1286,9738
F6644#F8109,4222.0,2063.0,6285.0,0,46332,1287,9738
F2363#F8109,4313.0,2295.0,6608.0,0,46476,1291,9738
F4289#F8109,4941.0,2298.5553834237026,7239.555383423703,0,46548,1293,9738
F2553#F8109,4187.0,2033.0,6220.0,0,46656,1296,9738
F1747#F8109,4421.0,1934.0,6355.0,0,46692,1297,9738
F1504#F8109,4532.0,2168.0,6700.0,0,46728,1298,9738
F7127#F8109,4471.0,2436.0,6907.0,0,46764,1299,9738
F8633#F8109,4342.0,2144.0,6486.0,0,46908,1303,9738
F3173#F8109,4535.0,2213.0,6748.0,0,46944,1304,9738
F5972#F8109,4404.0,2332.0,6736.0,0,46980,1305,9738
F7962#F8109,4427.0,2215.0,6642.0,0,47052,1307,9738
F226#F8109,4509.0,2193.0,6702.0,0,47124,1309,9738
F5675#F8109,4511.0,2046.0,6557.0,0,47196,1311,9738
F8407#F8109,4536.0,2202.0,6738.0,0,47268,1313,9738
F4682#F8109,4602.0,2039.0,6641.0,0,47304,1314,9738
F4211#F8109,4237.0,2119.0,6356.0,0,47376,1316,9738
F167#F8109,4254.0,1965.0,6219.0,0,47412,1317,9738
F2700#F8109,4003.0,2153.0,6156.0,0,47448,1318,9738
F3168#F8109,4647.0,2074.0,6721.0,0,47520,1320,9738
F6548#F8109,4567.0,2125.0,6692.0,0,47592,1322,9738
F9053#F8109,4648.0,2124.0,6772.0,0,47664,1324,9738
F7793#F8109,4673.0,2067.0,6740.0,0,47736,1326,9738
F1333#F8109,4739.0,2281.0,7020.0,0,47772,1327,9738
F7797#F8109,4718.0,2374.0,7092.0,0,47808,1328,9738
F1067#F8109,4722.0,2168.0,6890.0,0,47952,1332,9738
F2204#F8109,4506.0,2436.0,6942.0,0,48060,1335,9738
F7982#F8109,4589.0,2375.0,6964.0,0,48132,1337,9738
F4281#F8109,5007.0,2313.0,7320.0,0,48168,1338,9738
F4332#F8109,4545.0,2187.0,6732.0,0,48312,1342,9738
F8144#F8109,4156.0,2057.0,6213.0,0,48348,1343,9738
F6961#F8109,4490.0,2048.0,6538.0,0,48456,1346,9738
F4480#F8109,4471.0,2377.0,6848.0,0,48492,1347,9738
F7299#F8109,4660.0,2438.0,7098.0,0,48600,1350,9738
F1313#F8109,3957.0,2079.0,6036.0,0,48672,1352,9738
F5970#F8109,3788.0,2281.0,6069.0,0,48708,1353,9738
F3372#F8109,4278.0,2313.0,6591.0,0,48780,1355,9738
F4403#F8109,4268.0,2170.0,6438.0,0,48816,1356,9738
F4292#F8109,3879.0,2227.0,6106.0,0,48924,1359,9738
F2832#F8109,3944.0,2043.0,5987.0,0,48996,1361,9738
F3327#F8109,4096.0,2171.0,6267.0,0,49104,1364,9738
F316#F8109,4235.0,2127.0,6362.0,0,49140,1365,9738
F4209#F8109,4435.0,2160.0,6595.0,0,49176,1366,9738
F3765#F8109,4282.0,2453.0,6735.0,0,49320,1370,9738
F4404#F8109,4143.0,2256.0,6399.0,0,49356,1371,9738
F7736#F8109,4056.0,2131.0,6187.0,0,49500,1375,9738
F884#F8109,3978.0,2092.0,6070.0,0,49608,1378,9738
F715#F8109,4182.0,2169.0,6351.0,0,49860,1385,9738
F4633#F8109,3902.0,2130.0,6032.0,0,49896,1386,9738
F2593#F8109,4084.0,2151.0,6235.0,0,49968,1388,9738
F258#F8109,4000.0,2088.0,6088.0,0,50040,1390,9738
F6417#F8109,4689.0,2417.0,7106.0,0,50076,1391,9738
F8337#F8109,4513.0,2433.0,6946.0,0,50148,1393,9738
F8286#F8109,4185.0,2396.0,6581.0,0,50184,1394,9738
F5451#F8109,3925.0,2250.0,6175.0,0,50220,1395,9738
F6404#F8109,3942.0,2291.0,6233.0,0,50292,1397,9738
F5937#F8109,4278.0,2465.0,6743.0,0,50400,1400,9738
F9260#F8109,4499.0,2597.0,7096.0,0,50436,1401,9738
F7200#F8109,4311.0,2577.0,6888.0,0,50508,1403,9738
F9558#F8109,4266.0,2507.0,6773.0,0,50580,1405,9738
F8516#F8109,4687.0,2564.0,7251.0,0,50616,1406,9738
F5890#F8109,4310.0,2661.0,6971.0,0,50688,1408,9738
F2681#F8109,4058.0,2197.0,6255.0,0,50724,1409,9738
F8959#F8109,4168.0,2161.0,6329.0,0,50760,1410,9738
F4509#F8109,4392.0,2164.0,6556.0,0,50832,1412,9738
F5852#F8109,4171.0,2153.0,6324.0,0,50976,1416,9738
F7410#F8109,4371.0,2266.0,6637.0,0,51012,1417,9738
F7685#F8109,4307.0,2355.0,6662.0,0,51048,1418,9738
F8594#F8109,4086.0,2217.0,6303.0,0,51084,1419,9738
F3484#F8109,4168.0,2246.0,6414.0,0,51156,1421,9738
F9418#F8109,4193.0,2469.0,6662.0,0,51192,1422,9738
F9594#F8109,4383.0,2328.0,6711.0,0,51228,1423,9738
F2834#F8109,3976.0,2065.0,6041.0,0,51336,1426,9738
F3483#F8109,3841.0,2057.0,5898.0,0,51372,1427,9738
F6735#F8109,3874.0,2227.0,6101.0,0,51408,1428,9738
F3837#F8109,3681.0,2036.0,5717.0,0,51444,1429,9738
F4855#F8109,3859.0,2071.0,5930.0,0,51480,1430,9738
F7114#F8109,3891.0,2168.0,6059.0,0,51516,1431,9738
F2527#F8109,3915.0,2149.0,6064.0,0,51588,1433,9738
F2493#F8109,3816.0,1922.0,5738.0,0,51696,1436,9738
F3431#F8109,3885.0,2126.0,6011.0,0,51732,1437,9738
F9454#F8109,4087.0,2112.0,6199.0,0,51804,1439,9738
F1836#F8109,4133.0,2282.0,6415.0,0,51840,1440,9738
F9400#F8109,4014.0,2291.0,6305.0,0,51876,1441,9738
F7538#F8109,4169.0,2094.0,6263.0,0,52020,1445,9738
F7194#F8109,4019.0,2494.0,6513.0,0,52056,1446,9738
F7936#F8109,3988.0,2315.0,6303.0,0,52092,1447,9738
F5415#F8109,4178.0,2177.0,6355.0,0,52164,1449,9738
F1370#F8109,3890.0,2142.0,6032.0,0,52236,1451,9738
F2611#F8109,3898.0,2100.0,5998.0,0,52272,1452,9738
F5697#F8109,3819.0,2074.0,5893.0,0,52344,1454,9738
F7367#F8109,3881.0,2095.0,5976.0,0,52452,1457,9738
F4363#F8109,4392.0,2294.0,6686.0,0,52488,1458,9738
F1251#F8109,4192.0,2209.0,6401.0,0,52596,1461,9738
F5519#F8109,3982.0,2154.0,6136.0,0,52668,1463,9738
F65#F8109,4082.0,2151.0,6233.0,0,52704,1464,9738
F4742#F8109,4110.0,2305.0,6415.0,0,52740,1465,9738
F3247#F8109,4149.0,2178.0,6327.0,0,52776,1466,9738
F4916#F8109,3985.0,2097.0,6082.0,0,52812,1467,9738
F4601#F8109,3818.0,2148.0,5966.0,0,52992,1472,9738
F1806#F8109,3948.0,2179.0,6127.0,0,53028,1473,9738
F511#F8109,3868.0,2219.0,6087.0,0,53064,1474,9738
F5785#F8109,4017.0,2209.0,6226.0,0,53100,1475,9738
F4390#F8109,4075.0,2496.0,6571.0,0,53244,1479,9738
F6440#F8109,4005.0,2153.0,6158.0,0,53316,1481,9738
F9051#F8109,3897.0,2114.0,6011.0,0,53460,1485,9738
F9679#F8109,3831.0,2180.0,6011.0,0,53496,1486,9738
F5949#F8109,3889.0,2274.0,6163.0,0,53532,1487,9738
F2076#F8109,3852.0,2045.0,5897.0,0,53568,1488,9738
F8949#F8109,4270.0,2165.0,6435.0,0,53604,1489,9738
F5216#F8109,4327.0,2149.0,6476.0,0,53748,1493,9738
F2692#F8109,4253.0,2251.0,6504.0,0,53820,1495,9738
F5625#F8109,4097.0,2318.0,6415.0,0,53892,1497,9738
F1220#F8109,4008.0,2218.0,6226.0,0,53928,1498,9738
F194#F8109,4020.0,2237.0,6257.0,0,53964,1499,9738
F1097#F8109,4046.0,2109.0,6155.0,0,54072,1502,9738
F1303#F8109,4128.0,2101.0,6229.0,0,54108,1503,9738
F4344#F8109,4037.0,2103.795741849634,6140.7957418496335,0,54180,1505,9738
F6844#F8109,4156.0,2345.0,6501.0,0,54252,1507,9738
F6592#F8109,4234.0,2406.0,6640.0,0,54324,1509,9738
F7911#F8109,4169.0,2495.0,6664.0,0,54396,1511,9738
F9278#F8109,4108.0,2474.0,6582.0,0,54432,1512,9738
F7100#F8109,4261.0,2358.0,6619.0,0,54540,1515,9738
F5013#F8109,3911.0,2357.0,6268.0,0,54576,1516,9738
F1059#F8109,3995.0,2225.0,6220.0,0,54612,1517,9738
F444#F8109,4023.0,2162.0,6185.0,0,54648,1518,9738
F2262#F8109,4123.0,2249.0,6372.0,0,54792,1522,9738
F3220#F8109,4444.0,2429.0,6873.0,0,54828,1523,9738
F9215#F8109,4382.0,2622.0,7004.0,0,54936,1526,9738
F6789#F8109,4162.0,2323.0,6485.0,0,54972,1527,9738
F7649#F8109,4664.0,2559.0,7223.0,0,55008,1528,9738
F8696#F8109,4274.0,2537.0,6811.0,0,55044,1529,9738
F2710#F8109,4067.0,2296.0,6363.0,0,55116,1531,9738
F1715#F8109,4038.0,2119.0,6157.0,0,55152,1532,9738
F4268#F8109,4075.0,2238.0,6313.0,0,55188,1533,9738
F6931#F8109,4039.0,2132.0,6171.0,0,55224,1534,9738
F2078#F8109,4308.0,2239.0,6547.0,0,55260,1535,9738
F2607#F8109,4120.0,2409.0,6529.0,0,55332,1537,9738
F6499#F8109,4392.0,2547.0,6939.0,0,55368,1538,9738
F8406#F8109,4525.0,2543.0,7068.0,0,55476,1541,9738
F9237#F8109,4245.0,2683.0,6928.0,0,55548,1543,9738
F4081#F8109,4212.0,2285.0,6497.0,0,55584,1544,9738
F4112#F8109,4067.0,2065.0,6132.0,0,55656,1546,9738
F3868#F8109,4186.0,2287.0,6473.0,0,55692,1547,9738
F8033#F8109,4040.0,2167.0,6207.0,0,55728,1548,9738
F5360#F8109,4042.6098191214473,2168.3998708010336,6211.009689922481,0,55764,1549,9738
F8601#F8109,4047.829457364341,2171.1996124031007,6219.029069767442,0,55836,1551,9738
F8968#F8109,4053.049095607236,2173.9993540051682,6227.0484496124045,0,55908,1553,9738
F3313#F8109,4058.26873385013,2176.7990956072354,6235.067829457365,0,55980,1555,9738
F1721#F8109,4071.317829457365,2183.798449612403,6255.116279069768,0,56160,1560,9738
F3666#F8109,4076.537467700259,2186.5981912144703,6263.135658914729,0,56232,1562,9738
F5101#F8109,4079.147286821706,2187.998062015504,6267.14534883721,0,56268,1563,9738
F8761#F8109,4084.3669250646003,2190.797803617571,6275.164728682172,0,56340,1565,9738
F1711#F8109,4086.976744186047,2192.1976744186045,6279.174418604652,0,56376,1566,9738
F4083#F8109,4092.196382428941,2194.9974160206716,6287.193798449613,0,56448,1568,9738
F6348#F8109,4094.8062015503883,2196.397286821705,6291.2034883720935,0,56484,1569,9738
F5845#F8109,4097.416020671835,2197.7971576227387,6295.213178294574,0,56520,1570,9738
F4890#F8109,4100.025839793283,2199.1970284237727,6299.222868217055,0,56556,1571,9738
F1704#F8109,4105.245478036177,2201.99677002584,6307.242248062017,0,56628,1573,9738
F8532#F8109,4113.0749354005175,2206.1963824289405,6319.271317829458,0,56736,1576,9738
F3799#F8109,4115.684754521964,2207.596253229974,6323.281007751939,0,56772,1577,9738
F5325#F8109,4126.124031007752,2213.1957364341083,6339.319767441861,0,56916,1581,9738
F8241#F8109,4131.343669250646,2215.9954780361754,6347.339147286821,0,56988,1583,9738
F4456#F8109,4139.173126614987,2385.0,6524.173126614987,0,57096,1586,9738
F3944#F8109,4144.392764857881,2813.0,6957.392764857881,0,57168,1588,9738
F3440#F8109,4157.441860465116,2513.0,6670.441860465116,0,57348,1593,9738
F6532#F8109,4539.0,2802.0,7341.0,0,57492,1597,9738
F0#F8109,4848.0,2429.0,7277.0,0,57564,1599,9738
F2566#F8109,4664.0,2883.0,7547.0,0,57600,1600,9738
F5402#F8109,4681.0,2888.4056250000003,7569.405625,0,57708,1603,9738
F7496#F8109,4702.0,2827.0,7529.0,0,57744,1604,9738
F237#F8109,5012.0,2471.0,7483.0,0,57852,1607,9738
F2592#F8109,5015.118855009334,2472.537647790915,7487.656502800249,0,57888,1608,9738
F1469#F8109,5024.475420037336,2477.150591163659,7501.626011200995,0,57996,1611,9738
F7833#F8109,5598.0,2728.0,8326.0,0,58032,1612,9738
F3510#F8109,5556.0,2797.0,8353.0,0,58104,1614,9738
F1896#F8109,5421.0,2677.0,8098.0,0,58140,1615,9738
F7231#F8109,5680.0,2674.0,8354.0,0,58212,1617,9738
F4197#F8109,6226.0,2870.0,9096.0,0,58284,1619,9738
F3159#F8109,6078.0,2678.0,8756.0,0,58320,1620,9738
F8213#F8109,6081.751851851852,2674.0,8755.751851851852,0,58356,1621,9738
F6638#F8109,6934.0,3128.0,10062.0,0,58392,1622,9738
F2577#F8109,5511.0,2634.0,8145.0,0,58572,1627,9738
F3673#F8109,5506.0,3134.0,8640.0,0,58644,1629,9738
F9070#F8109,5424.0,2827.0,8251.0,0,58680,1630,9738
F3091#F8109,5148.0,2603.0,7751.0,0,58716,1631,9738
F4985#F8109,5101.0,2613.0,7714.0,0,58932,1637,9738
F6391#F8109,5201.0,2699.0,7900.0,0,59004,1639,9738
F701#F8109,5332.0,2855.0,8187.0,0,59112,1642,9738
F148#F8109,5267.0,2604.0,7871.0,0,59292,1647,9738
F5408#F8109,5150.0,2716.0,7866.0,0,59364,1649,9738
F5529#F8109,5425.0,3000.0,8425.0,0,59400,1650,9738
F7121#F8109,5319.0,2761.0,8080.0,0,59472,1652,9738
F4964#F8109,5158.0,2679.0,7837.0,0,59508,1653,9738
F6925#F8109,4973.0,2616.0,7589.0,0,59652,1657,9738
F6267#F8109,5247.0,2775.0,8022.0,0,59796,1661,9738
F3461#F8109,5296.0,2611.0,7907.0,0,60048,1668,9738
F9081#F8109,5249.0,2713.0,7962.0,0,60120,1670,9738
F8937#F8109,5056.0,2691.0,7747.0,0,60156,1671,9738
F2014#F8109,4917.0,2684.0,7601.0,0,60228,1673,9738
F9405#F8109,5090.0,2803.0,7893.0,0,60264,1674,9738
F9612#F8109,4734.0,2756.0,7490.0,0,60300,1675,9738
F8659#F8109,4795.0,2725.0,7520.0,0,60372,1677,9738
F6220#F8109,5089.0,2928.0,8017.0,0,60480,1680,9738
F227#F8109,5082.0,2892.0,7974.0,0,60516,1681,9738
F4752#F8109,4822.0,2683.0,7505.0,0,60804,1689,9738
F9484#F8109,4928.0,2732.0,7660.0,0,60840,1690,9738
F8433#F8109,4940.0,2874.0,7814.0,0,60912,1692,9738
F3694#F8109,5096.0,3241.0,8337.0,0,60948,1693,9738
F4165#F8109,5026.0,3021.0,8047.0,0,61056,1696,9738
F9473#F8109,4911.0,2787.0,7698.0,0,61128,1698,9738
F3352#F8109,5496.0,2942.0,8438.0,0,61164,1699,9738
F801#F8109,5131.0,2733.0,7864.0,0,61200,1700,9738
F4195#F8109,4791.0,2641.0,7432.0,0,61236,1701,9738
F9590#F8109,4854.0,2725.0,7579.0,0,61344,1704,9738
F139#F8109,4968.0,2492.0,7460.0,0,61452,1707,9738
F9509#F8109,5324.0,2935.0,8259.0,0,61596,1711,9738
F2872#F8109,5158.0,2963.0,8121.0,0,61848,1718,9738
F3191#F8109,5048.0,3051.0,8099.0,0,61920,1720,9738
F151#F8109,4985.0,2757.0,7742.0,0,62028,1723,9738
F2067#F8109,5226.0,2785.0,8011.0,0,62100,1725,9738
F1308#F8109,5073.0,2805.0,7878.0,0,62136,1726,9738
F689#F8109,5129.0,2843.0,7972.0,0,62208,1728,9738
F5085#F8109,4879.0,2673.0,7552.0,0,62280,1730,9738
F8969#F8109,5068.0,2911.0,7979.0,0,62352,1732,9738
F9610#F8109,5076.778290993071,2970.0,8046.778290993071,0,62460,1735,9738
F1069#F8109,5892.0,3258.0,9150.0,0,62568,1738,9738
F1090#F8109,6895.0,2710.0,9605.0,0,62784,1744,9738
F7415#F8109,6774.0,2717.769495412844,9491.769495412844,0,62964,1749,9738
F9797#F8109,6819.0,2723.9850917431195,9542.98509174312,0,63108,1753,9738
F5975#F8109,6324.0,3264.0,9588.0,0,63144,1754,9738
F651#F8109,6327.605473204105,2668.0,8995.605473204105,0,63180,1755,9738
F8333#F8109,6130.0,2737.0,8867.0,0,63252,1757,9738
F4671#F8109,6566.0,3106.0,9672.0,0,63324,1759,9738
F6811#F8109,6681.0,3294.0,9975.0,0,63360,1760,9738
F8456#F8109,7425.0,2843.0,10268.0,0,63504,1764,9738
F1680#F8109,8029.0,3102.0,11131.0,0,63612,1767,9738
F4129#F8109,5395.0,2748.0,8143.0,0,63684,1769,9738
F6949#F8109,5398.049745618994,2712.0,8110.049745618994,0,63720,1770,9738
F5021#F8109,5253.0,2812.0,8065.0,0,63792,1772,9738
F8072#F8109,5253.0,3181.0,8434.0,0,63828,1773,9738
F898#F8109,6086.0,2827.0,8913.0,0,63900,1775,9738
F7757#F8109,6215.0,2947.0,9162.0,0,64008,1778,9738
F2359#F8109,5450.0,2779.0,8229.0,0,64044,1779,9738
F76#F8109,5195.0,2618.0,7813.0,0,64080,1780,9738
F4994#F8109,5198.0,2830.0,8028.0,0,64152,1782,9738
F585#F8109,5564.0,2875.0,8439.0,0,64296,1786,9738
F4676#F8109,5427.0,3017.0,8444.0,0,64368,1788,9738
F8734#F8109,5893.0,3021.0,8914.0,0,64620,1795,9738
F2223#F8109,6140.0,2902.0,9042.0,0,64656,1796,9738
F5646#F8109,5463.0,2854.0,8317.0,0,64764,1799,9738
F8163#F8109,5877.0,2751.0,8628.0,0,64872,1802,9738
F289#F8109,6036.0,2992.0,9028.0,0,64908,1803,9738
F7819#F8109,5490.0,3009.0,8499.0,0,65052,1807,9738
F2461#F8109,5701.0,2944.0,8645.0,0,65088,1808,9738
F3516#F8109,5255.0,2998.0,8253.0,0,65196,1811,9738
F8549#F8109,5071.0,2994.0,8065.0,0,65340,1815,9738
F4134#F8109,4995.0,2816.0,7811.0,0,65376,1816,9738
F2555#F8109,5346.0,2906.0,8252.0,0,65484,1819,9738
F7841#F8109,5948.0,3078.0,9026.0,0,65628,1823,9738
F8710#F8109,5388.0,3298.0,8686.0,0,65664,1824,9738
F1456#F8109,5138.0,2928.0,8066.0,0,65808,1828,9738
F4051#F8109,6032.0,3025.0,9057.0,0,65844,1829,9738
F5290#F8109,5591.0,3047.0,8638.0,0,65880,1830,9738
F5142#F8109,5246.0,2957.0,8203.0,0,65916,1831,9738
F8353#F8109,5525.0,2861.0,8386.0,0,65988,1833,9738
F3989#F8109,5849.0,2963.0,8812.0,0,66276,1841,9738
F733#F8109,5569.0,2884.0,8453.0,0,66312,1842,9738
F1449#F8109,5096.0,2768.0,7864.0,0,66348,1843,9738
F4610#F8109,5521.0,2889.0,8410.0,0,66384,1844,9738
F2302#F8109,5411.0,2809.0,8220.0,0,66744,1854,9738
F7838#F8109,5847.0,3082.0,8929.0,0,66816,1856,9738
F6081#F8109,5787.0,2960.0,8747.0,0,66996,1861,9738
F4939#F8109,5437.0,3289.0,8726.0,0,67032,1862,9738
F3485#F8109,5831.0,3026.0,8857.0,0,67284,1869,9738
F1644#F8109,5606.0,2971.0,8577.0,0,67464,1874,9738
F2627#F8109,5942.0,2976.0,8918.0,0,67536,1876,9738
F112#F8109,5370.0,2672.0,8042.0,0,67572,1877,9738
F5459#F8109,5433.0,3136.0,8569.0,0,67608,1878,9738
F4856#F8109,5909.0,3069.0,8978.0,0,67788,1883,9738
F8392#F8109,6058.0,3363.0,9421.0,0,67824,1884,9738
F9730#F8109,5984.0,3069.0,9053.0,0,68004,1889,9738
F3651#F8109,5323.0,2931.0,8254.0,0,68076,1891,9738
F7727#F8109,5531.0,3110.0,8641.0,0,68112,1892,9738
F7139#F8109,5923.0,3398.0,9321.0,0,68364,1899,9738
F6751#F8109,6141.0,3182.0,9323.0,0,68508,1903,9738
F4575#F8109,5951.0,3098.0,9049.0,0,68652,1907,9738
F2615#F8109,6126.0,3004.0,9130.0,0,68724,1909,9738
F7963#F8109,5915.0,2899.0,8814.0,0,68760,1910,9738
F181#F8109,5987.0,2987.0,8974.0,0,69084,1919,9738
F5921#F8109,5913.0,3129.0,9042.0,0,69336,1926,9738
F5542#F8109,6187.0,3221.0,9408.0,0,69408,1928,9738
F2982#F8109,6128.0,3376.0,9504.0,0,69552,1932,9738
F8204#F8109,6041.0,3008.0,9049.0,0,69588,1933,9738
F2873#F8109,6052.0,3163.0,9215.0,0,69624,1934,9738
F6080#F8109,6368.0,3316.0,9684.0,0,69660,1935,9738
F6027#F8109,6440.0,3319.0,9759.0,0,69696,1936,9738
F1499#F8109,6149.0,3496.0,9645.0,0,69912,1942,9738
F3493#F8109,6280.0,3079.0,9359.0,0,70020,1945,9738
F5910#F8109,6176.0,3160.0,9336.0,0,70056,1946,9738
F1112#F8109,6517.0,3136.0,9653.0,0,70164,1949,9738
F2107#F8109,6218.0,2938.0,9156.0,0,70200,1950,9738
F9998#F8109,6721.0,3259.0,9980.0,0,70236,1951,9738
F8892#F8109,6385.0,3435.0,9820.0,0,70308,1953,9738
F9144#F8109,6185.0,3460.0,9645.0,0,70452,1957,9738
F7052#F8109,6924.0,3157.0,10081.0,0,70488,1958,9738
F2068#F8109,6826.0,3174.0,10000.0,0,70776,1966,9738
F7889#F8109,6552.0,3289.0,9841.0,0,70920,1970,9738
F5062#F8109,7100.0,3165.0,10265.0,0,71028,1973,9738
F1287#F8109,6526.0,3104.0,9630.0,0,71280,1980,9738
F7825#F8109,6463.0,3180.0,9643.0,0,71424,1984,9738
F8555#F8109,6476.0,3185.0,9661.0,0,71460,1985,9738
F1030#F8109,6703.0,3709.0,10412.0,0,71784,1994,9738
F5873#F8109,6828.0,3507.0,10335.0,0,71856,1996,9738
F4678#F8109,6955.0,3487.0,10442.0,0,71892,1997,9738
F69#F8109,6528.0,2982.0,9510.0,0,71964,1999,9738
F8506#F8109,6393.0,3238.0,9631.0,0,72108,2003,9738
F9116#F8109,6828.0,3209.0,10037.0,0,72216,2006,9738
F7183#F8109,6471.0,3823.0,10294.0,0,72504,2014,9738
F975#F8109,6822.0,3321.0,10143.0,0,73080,2030,9738
F6403#F8109,6289.0,3322.635960591133,9611.635960591133,0,73116,2031,9738
F7277#F8109,6678.0,3667.0,10345.0,0,73188,2033,9738
F5331#F8109,6364.0,3555.0,9919.0,0,73548,2043,9738
F4821#F8109,6780.0,3612.0,10392.0,0,73584,2044,9738
F4860#F8109,7426.0,4028.0,11454.0,0,73728,2048,9738
F4181#F8109,7072.0,3561.0,10633.0,0,73764,2049,9738
F7776#F8109,7385.0,3630.0,11015.0,0,73908,2053,9738
F8090#F8109,6403.0,3439.0,9842.0,0,73944,2054,9738
F6144#F8109,5921.0,3381.0,9302.0,0,73980,2055,9738
F7316#F8109,5861.0,3588.0,9449.0,0,74088,2058,9738
F7722#F8109,5960.0,3982.0,9942.0,0,74196,2061,9738
F8909#F8109,5933.0,3268.0,9201.0,0,74232,2062,9738
F240#F8109,5997.0,3016.0,9013.0,0,74484,2069,9738
F4910#F8109,6162.0,3270.0,9432.0,0,74592,2072,9738
F4093#F8109,6678.0,3698.0,10376.0,0,74628,2073,9738
F9775#F8109,6671.0,3391.0,10062.0,0,74664,2074,9738
F3706#F8109,7369.0,3595.0,10964.0,0,74808,2078,9738
F5527#F8109,6118.0,3342.0,9460.0,0,75060,2085,9738
F1727#F8109,6204.0,3203.0,9407.0,0,75348,2093,9738
F4978#F8109,6377.0,3396.0,9773.0,0,75384,2094,9738
F6281#F8109,6221.0,3370.0,9591.0,0,75456,2096,9738
F4880#F8109,6262.0,3338.0,9600.0,0,75528,2098,9738
F7413#F8109,6462.0,3565.0,10027.0,0,75564,2099,9738
F5072#F8109,6239.0,3326.0,9565.0,0,75600,2100,9738
F2385#F8109,5981.0,3245.0,9226.0,0,75744,2104,9738
F1986#F8109,6229.0,3297.0,9526.0,0,76068,2113,9738
F2987#F8109,6150.0,3272.0,9422.0,0,76140,2115,9738
F9899#F8109,6497.0,3213.0,9710.0,0,76320,2120,9738
F6865#F8109,6004.0,3185.0,9189.0,0,76500,2125,9738
F4499#F8109,5991.0,3332.0,9323.0,0,76572,2127,9738
F6977#F8109,6289.0,3543.0,9832.0,0,76716,2131,9738
F536#F8109,6209.0,3556.0,9765.0,0,76860,2135,9738
F9086#F8109,5839.0,3791.0,9630.0,0,76968,2138,9738
F4581#F8109,6138.0,3501.0,9639.0,0,77040,2140,9738
F3103#F8109,5690.0,3357.0,9047.0,0,77184,2144,9738
F9835#F8109,5722.0,3288.0,9010.0,0,77256,2146,9738
F1675#F8109,5795.0,3294.0,9089.0,0,77328,2148,9738
F5146#F8109,6057.0,3310.0,9367.0,0,77364,2149,9738
F8485#F8109,5812.0,3224.0,9036.0,0,77400,2150,9738
F7933#F8109,6450.0,3409.0,9859.0,0,77508,2153,9738
F4038#F8109,5831.0,3223.0,9054.0,0,77544,2154,9738
F6755#F8109,5694.0,3189.0,8883.0,0,77616,2156,9738
F4086#F8109,5720.0,3259.0,8979.0,0,77652,2157,9738
F2415#F8109,5980.0,3436.0,9416.0,0,77796,2161,9738
F827#F8109,6090.0,3785.0,9875.0,0,77868,2163,9738
F9043#F8109,5984.0,3217.0,9201.0,0,77904,2164,9738
F844#F8109,5810.0,3441.0,9251.0,0,77940,2165,9738
F8873#F8109,5749.0,3270.0,9019.0,0,78192,2172,9738
F6448#F8109,5750.0,3034.0,8784.0,0,78264,2174,9738
F3679#F8109,6168.0,3430.0,9598.0,0,78696,2186,9738
F2804#F8109,6197.0,3337.0,9534.0,0,78768,2188,9738
F2283#F8109,6032.0,3319.0,9351.0,0,78804,2189,9738
F6360#F8109,5784.0,3539.0,9323.0,0,78948,2193,9738
F4340#F8109,6017.0,3375.0,9392.0,0,79056,2196,9738
F2968#F8109,6862.0,3711.0,10573.0,0,79416,2206,9738
F1436#F8109,6834.0,3268.0,10102.0,0,79452,2207,9738
F999#F8109,6442.0,3623.0,10065.0,0,79632,2212,9738
F6557#F8109,6241.0,3535.0,9776.0,0,79668,2213,9738
F1092#F8109,5786.0,3269.0,9055.0,0,79812,2217,9738
F1261#F8109,6007.0,3372.0,9379.0,0,79920,2220,9738
F6513#F8109,6377.0,3729.0,10106.0,0,79992,2222,9738
F8807#F8109,6236.0,3294.0,9530.0,0,80064,2224,9738
F8301#F8109,6306.0,3771.0,10077.0,0,80100,2225,9738
F4066#F8109,6269.0,3411.0,9680.0,0,80424,2234,9738
F8078#F8109,6277.418531781557,3415.5805729632943,9692.999104744851,0,80532,2237,9738
F4145#F8109,6297.061772605191,3426.268576544315,9723.330349149506,0,80784,2244,9738
F4732#F8109,6319.511190689346,3438.483437779767,9757.994628469114,0,81072,2252,9738
F6157#F8109,6322.317367949866,3440.0102954341987,9762.327663384065,0,81108,2253,9738
F158#F8109,6333.542076991943,3446.117726051925,9779.659803043867,0,81252,2257,9738
F3638#F8109,6350.379140555059,3455.2788719785144,9805.658012533573,0,81468,2263,9738
F7411#F8109,6355.991495076098,3458.3325872873775,9814.324082363475,0,81540,2265,9738
F6623#F8109,6364.410026857656,3462.9131602506723,9827.323187108328,0,81648,2268,9738
F9436#F8109,6370.022381378694,3465.9668755595353,9835.98925693823,0,81720,2270,9738
F8654#F8109,6395.277976723368,3479.7085944494193,9874.986571172787,0,82044,2279,9738
F3121#F8109,6412.115040286484,3488.8697403760084,9900.984780662493,0,82260,2285,9738
F2124#F8109,6417.7273948075235,3491.923455684872,9909.650850492395,0,82332,2287,9738
F5012#F8109,6423.339749328562,3494.977170993735,9918.316920322297,0,82404,2289,9738
F568#F8109,6445.789167412716,3507.192032229187,9952.981199641903,0,82692,2297,9738
F8069#F8109,6800.0,3516.3531781557763,10316.353178155776,0,82908,2303,9738
F434#F8109,6946.0,3905.0,10851.0,0,82980,2305,9738
F2641#F8109,6859.0,4494.0,11353.0,0,83088,2308,9738
F7920#F8109,6966.0,3646.0,10612.0,0,83196,2311,9738
F9857#F8109,6437.0,3687.0,10124.0,0,83664,2324,9738
F4508#F8109,6439.769793459552,3688.586488812392,10128.356282271943,0,83700,2325,9738
F1316#F8109,6456.388554216867,4361.0,10817.388554216868,0,83916,2331,9738
F6156#F8109,6470.23752151463,4680.0,11150.237521514631,0,84096,2336,9738
F1100#F8109,6489.626075731498,4058.0,10547.626075731498,0,84348,2343,9738
F3993#F8109,6506.244836488813,4158.0,10664.244836488813,0,84564,2349,9738
F3509#F8109,7632.0,4218.0,11850.0,0,85104,2364,9738
F424#F8109,7527.0,4151.0,11678.0,0,85248,2368,9738
F7393#F8109,7724.0,4079.0,11803.0,0,85356,2371,9738
F4388#F8109,8698.0,4704.0,13402.0,0,85572,2377,9738
F8837#F8109,7670.0,4336.0,12006.0,0,85968,2388,9738
F9629#F8109,8746.0,4854.0,13600.0,0,86328,2398,9738
F4408#F8109,8778.824854045039,5062.0,13840.824854045039,0,86652,2407,9738
F3790#F8109,8782.472060050042,5348.0,14130.472060050042,0,86688,2408,9738
F6915#F8109,8808.002502085072,4237.0,13045.002502085072,0,86940,2415,9738
F1136#F8109,8818.944120100085,4761.0,13579.944120100085,0,87048,2418,9738
F147#F8109,8837.180150125105,4072.0,12909.180150125105,0,87228,2423,9738
F1950#F8109,8274.0,4386.0,12660.0,0,87300,2425,9738
F9768#F8109,7774.0,4208.0,11982.0,0,87516,2431,9738
F8781#F8109,7786.791443850268,4701.0,12487.791443850267,0,87660,2435,9738
F2600#F8109,7793.187165775401,4016.0,11809.187165775402,0,87732,2437,9738
F3849#F8109,7844.352941176471,4175.0,12019.352941176472,0,88308,2453,9738
F7255#F8109,7863.540106951872,4734.0,12597.540106951872,0,88524,2459,9738
F947#F8109,7432.0,4528.0,11960.0,0,88560,2460,9738
F4067#F8109,7441.0,4642.0,12083.0,0,88740,2465,9738
F2184#F8109,7935.0,4038.0,11973.0,0,88812,2467,9738
F6171#F8109,7448.0,3932.0,11380.0,0,89028,2473,9738
F4118#F8109,7730.0,4378.0,12108.0,0,89460,2485,9738
F7291#F8109,7105.0,4426.0,11531.0,0,89532,2487,9738
F8502#F8109,7655.0,4467.0,12122.0,0,89784,2494,9738
F7867#F8109,7386.0,4091.0,11477.0,0,89892,2497,9738
F6299#F8109,7360.0,4004.0,11364.0,0,90360,2510,9738
F3591#F8109,7584.0,4132.0,11716.0,0,90792,2522,9738
F508#F8109,7445.0,4059.0,11504.0,0,90828,2523,9738
F6657#F8109,7533.0,4110.0,11643.0,0,92664,2574,9738
F8105#F8109,7630.0,4876.0,12506.0,0,92844,2579,9738
F417#F8109,7718.0,4254.0,11972.0,0,93060,2585,9738
F5867#F8109,7861.0,4831.0,12692.0,0,93528,2598,9738
F3658#F8109,8170.0,4279.0,12449.0,0,93636,2601,9738
F7990#F8109,7678.0,4279.0,11957.0,0,93708,2603,9738
F329#F8109,8201.0,4531.0,12732.0,0,93888,2608,9738
F3460#F8109,8222.0,4481.0,12703.0,0,93960,2610,9738
F4933#F8109,8010.0,4719.0,12729.0,0,94176,2616,9738
F5863#F8109,7899.0,4390.0,12289.0,0,94248,2618,9738
F2002#F8109,7754.0,4338.0,12092.0,0,94356,2621,9738
F9085#F8109,8673.0,4910.0,13583.0,0,94536,2626,9738
F4927#F8109,7796.0,4965.0,12761.0,0,94968,2638,9738
F5461#F8109,8105.0,4667.0,12772.0,0,95040,2640,9738
F2112#F8109,7985.0,4168.0,12153.0,0,95328,2648,9738
F4146#F8109,7902.0,4261.0,12163.0,0,95544,2654,9738
F922#F8109,8640.0,4551.0,13191.0,0,95760,2660,9738
F2545#F8109,7971.0,4792.0,12763.0,0,96732,2687,9738
F186#F8109,7503.0,4329.0,11832.0,0,96912,2692,9738
F7739#F8109,8262.0,4842.0,13104.0,0,97020,2695,9738
F8736#F8109,8161.0,4620.0,12781.0,0,97200,2700,9738
F6306#F8109,8115.0,4697.0,12812.0,0,97272,2702,9738
F2868#F8109,7969.0,4594.0,12563.0,0,97848,2718,9738
F9663#F8109,8369.0,4769.0,13138.0,0,98172,2727,9738
F6373#F8109,8897.0,5104.0,14001.0,0,98424,2734,9738
F9871#F8109,7829.0,4785.0,12614.0,0,98712,2742,9738
F8113#F8109,8358.0,4297.0,12655.0,0,98820,2745,9738
F7487#F8109,8491.0,4753.0,13244.0,0,98964,2749,9738
F8878#F8109,8338.0,5165.0,13503.0,0,99072,2752,9738
F7507#F8109,8461.0,4600.0,13061.0,0,99108,2753,9738
F1007#F8109,9073.0,5021.0,14094.0,0,99288,2758,9738
F6208#F8109,8844.0,4525.0,13369.0,0,99576,2766,9738
F7132#F8109,8343.0,4574.0,12917.0,0,99648,2768,9738
F3085#F8109,8291.0,4474.0,12765.0,0,99720,2770,9738
F1142#F8109,8241.0,4268.0,12509.0,0,99864,2774,9738
F8721#F8109,7769.0,4784.0,12553.0,0,99972,2777,9738
F2866#F8109,7796.976233345336,4913.0,12709.976233345336,0,100332,2787,9738
F8527#F8109,8771.0,5271.0,14042.0,0,100584,2794,9738
F6995#F8109,8231.0,4614.0,12845.0,0,101196,2811,9738
F6003#F8109,8967.0,4717.0,13684.0,0,101340,2815,9738
F8012#F8109,9192.0,4764.0,13956.0,0,101880,2830,9738
F2416#F8109,8049.0,4476.0,12525.0,0,102168,2838,9738
F114#F8109,8858.0,5044.0,13902.0,0,102564,2849,9738
F4760#F8109,9003.0,4990.0,13993.0,0,102708,2853,9738
F1437#F8109,8851.0,5105.0,13956.0,0,102744,2854,9738
F6834#F8109,9174.0,5081.0,14255.0,0,102852,2857,9738
F6058#F8109,8255.0,4985.0,13240.0,0,103176,2866,9738
F8951#F8109,8399.0,4736.0,13135.0,0,103680,2880,9738
F9449#F8109,8716.0,4683.0,13399.0,0,103968,2888,9738
F8320#F8109,8976.0,5234.0,14210.0,0,104400,2900,9738
F9915#F8109,8467.0,4738.0,13205.0,0,104652,2907,9738
F1468#F8109,8757.0,4745.0,13502.0,0,105264,2924,9738
F5162#F8109,9589.0,5019.0,14608.0,0,105408,2928,9738
F1795#F8109,9487.0,5032.0,14519.0,0,105588,2933,9738
F3348#F8109,10408.0,4872.0,15280.0,0,105624,2934,9738
F4962#F8109,9931.0,4877.0,14808.0,0,105768,2938,9738
F3108#F8109,10000.0,5188.0,15188.0,0,106200,2950,9738
F5671#F8109,9403.0,5485.0,14888.0,0,106272,2952,9738
F335#F8109,9375.0,4634.0,14009.0,0,106308,2953,9738
F9448#F8109,9684.0,5005.0,14689.0,0,106524,2959,9738
F2860#F8109,10203.0,5129.0,15332.0,0,106596,2961,9738
F4007#F8109,9106.0,5488.0,14594.0,0,106812,2967,9738
F9337#F8109,9637.0,5816.0,15453.0,0,106884,2969,9738
F8062#F8109,10517.0,5249.0,15766.0,0,107388,2983,9738
F7985#F8109,10565.0,5363.0,15928.0,0,107424,2984,9738
F5762#F8109,9910.0,5507.0,15417.0,0,107712,2992,9738
F8254#F8109,10213.0,5815.0,16028.0,0,109260,3035,9738
F9880#F8109,10250.0,4905.0,15155.0,0,110160,3060,9738
F5036#F8109,9809.0,4916.220588235294,14725.220588235294,0,110412,3067,9738
F5523#F8109,9322.0,4937.058823529412,14259.058823529413,0,110880,3080,9738
F5864#F8109,8702.0,4953.088235294118,13655.088235294119,0,111240,3090,9738
F5160#F8109,8544.0,4954.691176470588,13498.691176470587,0,111276,3091,9738
F994#F8109,9116.0,4967.514705882353,14083.514705882353,0,111564,3099,9738
F6310#F8109,8733.0,5015.60294117647,13748.60294117647,0,112644,3129,9738
F556#F8109,9316.0,5047.661764705883,14363.661764705883,0,113364,3149,9738
F7883#F8109,9824.0,5058.8823529411775,14882.882352941178,0,113616,3156,9738
F4337#F8109,8477.0,5106.970588235295,13583.970588235294,0,114696,3186,9738
F2210#F8109,8754.0,5114.985294117647,13868.985294117647,0,114876,3191,9738
F4845#F8109,9064.0,5134.220588235295,14198.220588235294,0,115308,3203,9738
F7879#F8109,9155.0,5151.852941176471,14306.852941176472,0,115704,3214,9738
F4681#F8109,8397.0,5166.279411764707,13563.279411764706,0,116028,3223,9738
F2811#F8109,8354.0,5177.500000000001,13531.5,0,116280,3230,9738
F3283#F8109,8491.0,5180.705882352941,13671.70588235294,0,116352,3232,9738
F3236#F8109,8729.0,5182.308823529413,13911.308823529413,0,116388,3233,9738
F5400#F8109,9274.0,5209.558823529412,14483.558823529413,0,117000,3250,9738
F2844#F8109,9601.0,5238.411764705882,14839.411764705881,0,117648,3268,9738
F3062#F8109,8632.0,5256.044117647058,13888.044117647058,0,118044,3279,9738
F5276#F8109,9290.0,5276.882352941175,14566.882352941175,0,118512,3292,9738
F3157#F8109,8808.0,5299.323529411764,14107.323529411764,0,119016,3306,9738
F4956#F8109,8680.0,5355.426470588234,14035.426470588234,0,120276,3341,9738
F5020#F8109,9066.0,5357.0294117647045,14423.029411764704,0,120312,3342,9738
F8607#F8109,9164.0,5435.573529411763,14599.573529411762,0,122076,3391,9738
F6568#F8109,9044.0,5466.029411764704,14510.029411764703,0,122760,3410,9738
F2892#F8109,9346.0,5467.632352941174,14813.632352941175,0,122796,3411,9738
F7412#F8109,9508.0,5536.558823529409,15044.558823529409,0,124344,3454,9738
F7237#F8109,9343.0,5575.029411764703,14918.029411764703,0,125208,3478,9738
F7428#F8109,9733.0,5578.235294117643,15311.235294117643,0,125280,3480,9738
F8495#F8109,9536.0,5611.897058823526,15147.897058823526,0,126036,3501,9738
F6562#F8109,9499.0,5618.308823529408,15117.308823529409,0,126180,3505,9738
F9094#F8109,9646.0,5687.235294117643,15333.235294117643,0,127728,3548,9738
F9748#F8109,9982.0,5717.691176470584,15699.691176470584,0,128412,3567,9738
F5272#F8109,10032.371740958788,5746.544117647054,15778.915858605842,0,129060,3585,9738
F1122#F8109,10211.471264367814,5849.132352941171,16060.603617308985,0,131364,3649,9738
F1091#F8109,10247.850855060273,5869.970588235288,16117.821443295561,0,131832,3662,9738
F6615#F8109,10326.206896551723,5914.852941176465,16241.059837728188,0,132840,3690,9738
F4767#F8109,10356.98962713765,5932.485294117641,16289.47492125529,0,133236,3701,9738
F7495#F8109,11838.0,5993.397058823523,17831.397058823524,0,134604,3739,9738
F1438#F8109,10359.0,6004.617647058817,16363.617647058818,0,134856,3746,9738
F5297#F8109,11343.0,6011.0294117647,17354.0294117647,0,135000,3750,9738
F9545#F8109,12215.0,6015.838235294111,18230.83823529411,0,135108,3753,9738
F9015#F8109,12599.05808686384,6204.98529411764,18804.04338098148,0,139356,3871,9738
F9220#F8109,12657.643218758327,6233.838235294111,18891.48145405244,0,140004,3889,9738
F8350#F8109,13916.0,6269.102941176464,20185.102941176465,0,140796,3911,9738
F192#F8109,12916.0,6338.029411764698,19254.0294117647,0,142344,3954,9738
F1823#F8109,12566.0,6342.838235294111,18908.83823529411,0,142452,3957,9738
F7498#F8109,13421.0,6344.441176470582,19765.44117647058,0,142488,3958,9738
F6722#F8109,13060.0,6354.058823529405,19414.058823529405,0,142704,3964,9738
F8125#F8109,11714.0,6376.499999999993,18090.499999999993,0,143208,3978,9738
F5137#F8109,12560.0,6402.1470588235225,18962.147058823524,0,143784,3994,9738
F4414#F8109,12672.0,6424.588235294111,19096.58823529411,0,144288,4008,9738
F6731#F8109,11998.0,6503.132352941169,18501.132352941167,0,146052,4057,9738
F3737#F8109,12502.0,6568.0,19070.0,0,148716,4131,9738
F4383#F8109,12995.0,6347.0,19342.0,0,149472,4152,9738
F8566#F8109,11791.0,6298.0,18089.0,0,150552,4182,9738
F3223#F8109,12509.0,6741.0,19250.0,0,150948,4193,9738
F9872#F8109,11804.0,6249.0,18053.0,0,151884,4219,9738
F2454#F8109,12983.0,6869.0,19852.0,0,154332,4287,9738
F1027#F8109,14580.0,7033.0,21613.0,0,155304,4314,9738
F7577#F8109,12678.0,7267.0,19945.0,0,156564,4349,9738
F9172#F8109,13847.0,7265.0,21112.0,0,156960,4360,9738
F1601#F8109,13359.0,7081.0,20440.0,0,158544,4404,9738
F6775#F8109,12510.0,6953.0,19463.0,0,158652,4407,9738
F6907#F8109,12529.0,6804.0,19333.0,0,162072,4502,9738
F8295#F8109,13401.0,7054.0,20455.0,0,164124,4559,9738
F8805#F8109,14536.0,7488.0,22024.0,0,168084,4669,9738
F859#F8109,13653.0,7495.0,21148.0,0,170532,4737,9738
F5755#F8109,14105.0,7704.0,21809.0,0,173376,4816,9738
F5223#F8109,14902.0,8635.0,23537.0,0,178164,4949,9738
F8478#F8109,14478.0,7935.0,22413.0,0,178812,4967,9738
F4367#F8109,15809.0,8544.0,24353.0,0,184428,5123,9738
F1324#F8109,15925.0,8453.0,24378.0,0,187596,5211,9738
F2146#F8109,18635.0,9557.0,28192.0,0,187920,5220,9738
F756#F8109,18753.0,8734.0,27487.0,0,198504,5514,9738
F4844#F8109,21288.0,8844.0,30132.0,0,199224,5534,9738
F6180#F8109,18374.0,8912.0,27286.0,0,202608,5628,9738
F2823#F8109,17532.0,8355.0,25887.0,0,205164,5699,9738
F8305#F8109,17366.0,9025.0,26391.0,0,208800,5800,9738
F1440#F8109,16105.0,8551.0,24656.0,0,212184,5894,9738
F5372#F8109,17301.0,9300.0,26601.0,0,213552,5932,9738
F749#F8109,19256.0,9784.0,29040.0,0,214272,5952,9738
F8458#F8109,18350.0,10087.0,28437.0,0,217656,6046,9738
F4734#F8109,18070.0,9331.0,27401.0,0,218052,6057,9738
F6526#F8109,18264.0,9715.0,27979.0,0,222264,6174,9738
F9984#F8109,17755.0,10040.0,27795.0,0,223776,6216,9738
F6807#F8109,18761.0,10025.0,28786.0,0,226296,6286,9738
F4215#F8109,19874.0,9890.0,29764.0,0,228600,6350,9738
F8469#F8109,19807.0,10425.0,30232.0,0,228816,6356,9738
F3834#F8109,18902.0,10818.0,29720.0,0,229572,6377,9738
F6821#F8109,19742.0,11137.0,30879.0,0,242064,6724,9738
F6275#F8109,22148.0,11567.0,33715.0,0,248220,6895,9738
F2154#F8109,23092.0,11853.0,34945.0,0,264348,7343,9738
F4084#F8109,24597.0,14104.0,38701.0,0,279072,7752,9738
F7908#F8109,26854.0,13398.0,40252.0,0,296424,8234,9738
F7726#F8109,27134.0,14520.0,41654.0,0,302580,8405,9738
F2683#F8109,25713.0,14372.0,40085.0,0,304236,8451,9738
F2143#F8109,27023.0,12679.0,39702.0,0,308664,8574,9738
F8476#F8109,29178.0,14627.0,43805.0,0,323712,8992,9738
F8109#F8109,22039.0,11520.0,33559.0,0,350568,9738,9738
