keyword      ,clientTime,serverTime,totalTime,resultLength,payloadSize,w1,w2
F10800#F1308 ,64,77,141,0,400,10,11
F10800#F10693,64,71,135,0,400,10,12
F10800#F11138,64,71,135,0,400,10,13
F10800#F10159,64,56,120,0,400,10,14
F10800#F11380,64,53,117,0,400,10,15
F10800#F1047 ,64,46,110,0,400,10,16
F10800#F10072,64,54,118,0,400,10,17
F10800#F10516,64,54,118,0,400,10,18
F10800#F10454,54,41,96,0,400,10,19
F10800#F14280,58,69,129,0,400,10,20
F10800#F10544,55,68,125,0,400,10,21
F10800#F10744,55,69,124,0,400,10,22
F10800#F10374,55,69,124,0,400,10,23
F10800#F1029 ,57,65,130,0,400,10,24
F10800#F12029,52,75,128,0,400,10,25
F10800#F10595,63,75,139,0,400,10,26
F10800#F10700,58,67,126,0,400,10,27
F10800#F10165,57,65,123,0,400,10,28
F10800#F10922,47,79,127,0,400,10,29
F10800#F10398,52,72,125,0,400,10,30
F10800#F10802,52,45,97,0,400,10,31
F10800#F10166,49,45,94,0,400,10,32
F10800#F13268,58,72,132,1,400,10,33
F10800#F10043,54,36,91,0,400,10,34
F10800#F11321,55,43,99,0,400,10,35
F10800#F10115,58,43,101,0,400,10,36
F10800#F11053,57,74,133,0,400,10,37
F10800#F11114,52,75,129,0,400,10,38
F10800#F10237,61,41,103,0,400,10,39
F10800#F10942,59,64,124,0,400,10,40
F10800#F10450,57,77,135,0,400,10,41
F10800#F11220,56,64,122,0,400,10,42
F10800#F10055,56,64,120,0,400,10,43
F10800#F10494,56,41,97,0,400,10,44
F10800#F10158,58,67,126,0,400,10,45
F10800#F10205,53,35,89,0,400,10,46
F10800#F10813,55,69,125,0,400,10,47
F10800#F10081,55,45,100,0,400,10,48
F10800#F10014,61,45,106,0,400,10,49
F10800#F10136,61,67,128,0,400,10,50
F10800#F11604,54,67,121,0,400,10,51
F10800#F10195,65,79,145,0,400,10,52
F10800#F10355,69,69,141,0,400,10,53
F10800#F11076,55,69,124,0,400,10,54
F10800#F10378,54,43,98,0,400,10,55
F10800#F10547,53,75,129,0,400,10,56
F10800#F10463,55,75,130,0,400,10,57
F10800#F10020,53,71,124,0,400,10,58
F10800#F10541,57,71,128,0,400,10,59
F10800#F10032,63,80,144,0,400,10,60
F10800#F10178,63,54,117,0,400,10,61
F10800#F10121,70,54,124,0,400,10,62
F10800#F10305,70,46,116,0,400,10,63
F10800#F10033,60,46,106,0,400,10,64
F10800#F10143,62,77,140,0,400,10,65
F10800#F10141,63,77,140,0,400,10,66
F10800#F10961,63,69,133,0,400,10,67
F10800#F10873,54,66,121,0,400,10,68
F10800#F10317,67,36,104,0,400,10,69
F10800#F10170,57,75,133,0,400,10,70
F10800#F10636,68,57,126,0,400,10,71
F10800#F10037,49,79,130,0,400,10,72
F10800#F1003 ,52,63,117,1,400,10,73
F10800#F10691,51,63,114,0,400,10,74
F10800#F10338,50,72,124,0,400,10,75
F10800#F1005 ,55,80,136,0,400,10,76
F10800#F10152,59,72,133,0,400,10,77
F10800#F10313,54,79,135,0,400,10,78
F10800#F10217,54,67,123,0,400,10,79
F10800#F10437,55,68,125,0,400,10,80
F10800#F10286,58,73,132,0,400,10,81
F10800#F1095 ,57,57,116,0,400,10,82
F10800#F10380,59,64,125,0,400,10,83
F10800#F10377,57,67,126,0,400,10,84
F10800#F10139,52,67,119,0,400,10,85
F10800#F1153 ,57,67,124,0,400,10,86
F10800#F10561,57,77,134,0,400,10,87
F10800#F10334,56,80,137,0,400,10,88
F10800#F10298,56,39,97,0,400,10,89
F10800#F10344,56,48,105,0,400,10,90
F10800#F10176,57,67,126,0,400,10,91
F10800#F10096,56,37,95,0,400,10,92
F10800#F11165,55,62,118,0,400,10,93
F10800#F11330,50,76,127,0,400,10,94
F10800#F10737,56,38,95,0,400,10,95
F10800#F10820,48,72,121,0,400,10,96
F10800#F10029,60,40,101,0,400,10,97
F10800#F10099,43,74,119,0,400,10,98
F10800#F11019,54,69,125,0,400,10,99
F10800#F10351,52,69,121,0,400,10,100
F10800#F10140,54,75,131,0,400,10,101
F10800#F10470,50,73,124,0,400,10,102
F10800#F10191,50,73,123,0,400,10,103
F10800#F11069,58,73,131,0,400,10,104
F10800#F1035 ,53,80,134,0,400,10,105
F10800#F10326,51,71,123,0,400,10,106
F10800#F10061,51,68,119,0,400,10,107
F10800#F10151,61,68,129,0,400,10,108
F10800#F10303,56,77,135,0,400,10,109
F10800#F10235,56,50,106,0,400,10,110
F10800#F10270,55,67,123,0,400,10,111
F10800#F10022,54,70,125,0,400,10,112
F10800#F10319,61,40,102,0,400,10,113
F10800#F10369,61,40,101,0,400,10,114
F10800#F10066,55,40,95,0,400,10,115
F10800#F10161,50,73,124,0,400,10,116
F10800#F10198,53,65,120,0,400,10,117
F10800#F10268,53,79,132,0,400,10,118
F10800#F1028 ,52,43,96,0,400,10,119
F10800#F10228,59,55,115,0,400,10,120
F10800#F11913,66,74,141,0,400,10,121
F10800#F10088,65,74,139,0,400,10,122
F10800#F10366,65,74,139,0,400,10,123
F10800#F10989,63,74,137,0,400,10,124
F10800#F10069,65,74,140,0,400,10,125
F10800#F10316,58,78,137,0,400,10,126
F10800#F10080,60,72,133,0,400,10,127
F10800#F10086,61,37,99,0,400,10,128
F10800#F10697,55,66,122,0,400,10,129
F10800#F10707,51,79,131,0,400,10,130
F10800#F10277,59,38,98,0,400,10,131
F10800#F10079,53,74,127,0,400,10,132
F10800#F10098,52,74,126,0,400,10,133
F10800#F10045,52,74,126,0,400,10,134
F10800#F10183,61,74,135,0,400,10,135
F10800#F10290,57,39,97,0,400,10,136
F10800#F10353,54,39,93,0,400,10,137
F10800#F10608,52,39,91,0,400,10,138
F10800#F1024 ,61,80,142,0,400,10,139
F10800#F10175,57,80,138,0,400,10,140
F10800#F10039,56,80,136,0,400,10,141
F10800#F10281,56,80,136,0,400,10,142
F10800#F10808,58,37,96,0,400,10,143
F10800#F10042,53,37,90,0,400,10,144
F10800#F10488,50,76,127,0,400,10,145
F10800#F10239,58,71,130,0,400,10,146
F10800#F10552,67,63,131,0,400,10,147
F10800#F10822,57,63,120,0,400,10,148
F10800#F10186,52,63,115,0,400,10,149
F10800#F10263,56,79,136,0,400,10,150
F10800#F10685,55,73,129,0,400,10,151
F10800#F10097,62,72,135,0,400,10,152
F10800#F10041,60,45,107,0,400,10,153
F10800#F10231,58,45,103,0,400,10,154
F10800#F10383,58,37,96,0,400,10,155
F10800#F10392,53,37,90,0,400,10,156
F10800#F10106,51,73,125,0,400,10,157
F10800#F10019,54,73,127,0,400,10,158
F10800#F10082,57,66,123,0,400,10,159
F10800#F10592,59,75,135,0,400,10,160
F10800#F10011,61,43,104,0,400,10,161
F10800#F10048,60,38,98,0,400,10,162
F10800#F1033 ,47,78,126,0,400,10,163
F10800#F10040,52,80,134,0,400,10,164
F10800#F10631,47,80,127,0,400,10,165
F10800#F10065,53,40,94,0,400,10,166
F10800#F10233,58,61,121,0,400,10,167
F10800#F10250,58,79,138,0,400,10,168
F10800#F10639,48,77,126,0,400,10,169
F10800#F10622,57,72,130,0,400,10,170
F10800#F1106 ,53,69,123,0,400,10,171
F10800#F10260,52,72,126,0,400,10,172
F10800#F10157,48,72,121,0,400,10,173
F10800#F10984,54,72,128,0,400,10,174
F10800#F10110,65,41,107,0,400,10,175
F10800#F1049 ,55,46,102,0,400,10,176
F10800#F10062,52,46,98,0,400,10,177
F10800#F10090,60,45,106,0,400,10,178
F10800#F10197,60,62,123,0,400,10,179
F10800#F10180,50,39,91,0,400,10,180
F10800#F10194,49,70,120,0,400,10,181
F10800#F10116,65,78,143,0,400,10,182
F10800#F10423,56,45,102,0,400,10,183
F10800#F10584,61,72,134,0,400,10,184
F10800#F10435,57,72,129,0,400,10,185
F10800#F10017,60,72,132,0,400,10,186
F10800#F10027,61,74,136,0,400,10,187
F10800#F10095,60,51,113,0,400,10,188
F10800#F10049,60,40,101,0,400,10,189
F10800#F10181,50,74,125,0,400,10,190
F10800#F10324,55,47,103,0,400,10,191
F10800#F10764,54,47,101,0,400,10,192
F10800#F11431,57,77,135,0,400,10,193
F10800#F10360,58,77,135,0,400,10,194
F10800#F10688,59,79,140,0,400,10,195
F10800#F10067,54,76,131,0,400,10,196
F10800#F10252,62,69,133,0,400,10,197
F10800#F10227,56,69,125,0,400,10,198
F10800#F1009 ,59,69,128,0,400,10,199
F10800#F10109,50,76,127,0,400,10,200
F10800#F10074,56,41,98,0,400,10,201
F10800#F10084,54,64,119,0,400,10,202
F10800#F10318,48,64,113,0,400,10,203
F10800#F10119,48,64,112,0,400,10,204
F10800#F10185,55,35,90,0,400,10,205
F10800#F11093,50,37,89,0,400,10,206
F10800#F10288,59,69,129,0,400,10,207
F10800#F10412,53,70,124,0,400,10,208
F10800#F10929,53,77,131,0,400,10,209
F10800#F10871,53,66,119,0,400,10,210
F10800#F10243,68,66,134,0,400,10,211
F10800#F10008,68,38,106,0,400,10,212
F10800#F1017 ,56,38,94,0,400,10,213
F10800#F10245,62,78,142,0,400,10,214
F10800#F10913,50,78,128,0,400,10,215
F10800#F10070,69,38,108,0,400,10,216
F10800#F10522,52,38,90,0,400,10,217
F10800#F10587,62,40,103,0,400,10,218
F10800#F11237,65,40,105,0,400,10,219
F10800#F11664,53,37,92,0,400,10,220
F10800#F10001,54,37,91,0,400,10,221
F10800#F10125,53,54,108,0,400,10,222
F10800#F11102,59,54,113,0,400,10,223
F10800#F10425,55,65,121,0,400,10,224
F10800#F10718,51,69,121,0,400,10,225
F10800#F10689,52,69,121,0,400,10,226
F10800#F10167,53,75,129,0,400,10,227
F10800#F1015 ,59,37,97,0,400,10,228
F10800#F10215,49,37,86,0,400,10,229
F10800#F10518,56,63,120,0,400,10,230
F10800#F10050,54,73,128,0,400,10,231
F10800#F10665,52,40,93,0,400,10,232
F10800#F10477,56,69,127,0,400,10,233
F10800#F10173,52,69,121,0,400,10,234
F10800#F10007,52,69,121,0,400,10,235
F10800#F11813,54,76,132,0,400,10,236
F10800#F10229,54,76,130,0,400,10,237
F10800#F10209,59,76,135,0,400,10,238
F10800#F11048,52,76,130,0,400,10,239
F10800#F10446,55,74,130,0,400,10,240
F10800#F10026,55,47,102,0,400,10,241
F10800#F10322,60,70,131,0,400,10,242
F10800#F10232,47,70,117,0,400,10,243
F10800#F10000,59,74,135,0,400,10,244
F10800#F10123,52,51,104,0,400,10,245
F10800#F10208,56,74,133,0,400,10,246
F10800#F10009,55,37,93,0,400,10,247
F10800#F11541,52,37,89,0,400,10,248
F10800#F11400,52,80,132,0,400,10,249
F10800#F10172,54,40,96,0,400,10,250
F10800#F10101,59,73,134,0,400,10,251
F10800#F11925,51,46,98,0,400,10,252
F10800#F10799,50,46,96,0,400,10,253
F10800#F1082 ,55,66,123,0,400,10,254
F10800#F1077 ,58,67,127,0,400,10,255
F10800#F10524,50,80,131,0,400,10,256
F10800#F11045,55,39,94,0,400,10,257
F10800#F1027 ,58,74,132,0,400,10,258
F10800#F10448,48,75,125,0,400,10,259
F10800#F10127,58,39,98,0,400,10,260
F10800#F10134,49,35,85,0,400,10,261
F10800#F1130 ,53,35,88,0,400,10,262
F10800#F10258,57,35,92,0,400,10,263
F10800#F11386,58,70,130,0,400,10,264
F10800#F10156,61,76,138,0,400,10,265
F10800#F1018 ,53,79,134,0,400,10,266
F10800#F10078,56,69,126,0,400,10,267
F10800#F11186,54,72,127,0,400,10,268
F10800#F10025,54,58,112,0,400,10,269
F10800#F10882,58,39,98,0,400,10,270
F10800#F10935,58,72,131,0,400,10,271
F10800#F10212,57,73,131,0,400,10,272
F10800#F10129,57,73,130,0,400,10,273
F10800#F10332,54,80,136,0,400,10,274
F10800#F10321,49,80,129,0,400,10,275
F10800#F10076,59,71,132,0,400,10,276
F10800#F11545,49,42,93,0,400,10,277
F10800#F11096,52,67,120,0,400,10,278
F10800#F10060,52,78,130,0,400,10,279
F10800#F10164,58,78,137,0,400,10,280
F10800#F10389,50,65,118,0,400,10,281
F10800#F10133,59,65,124,0,400,10,282
F10800#F10248,50,80,133,1,400,10,283
F10800#F11487,51,80,131,0,400,10,284
F10800#F1016 ,54,79,135,0,400,10,285
F10800#F10442,56,69,126,0,400,10,286
F10800#F11185,53,70,124,0,400,10,287
F10800#F10242,60,78,139,0,400,10,288
F10800#F11334,61,58,122,0,400,10,289
F10800#F10291,55,79,136,0,400,10,290
F10800#F11405,49,77,127,0,400,10,291
F10800#F1069 ,59,68,128,0,400,10,292
F10800#F11584,54,79,134,0,400,10,293
F10800#F10733,54,42,96,0,400,10,294
F10800#F10476,61,42,103,0,400,10,295
F10800#F10842,55,72,128,0,400,10,296
F10800#F11211,55,72,127,0,400,10,297
F10800#F10128,52,72,124,0,400,10,298
F10800#F10105,48,80,129,0,400,10,299
F10800#F10273,57,72,130,1,400,10,300
F10800#F10284,49,73,123,0,400,10,301
F10800#F10028,50,66,118,0,400,10,302
F10800#F10554,48,68,117,0,400,10,303
F10800#F10058,50,68,119,0,400,10,304
F10800#F10439,45,72,119,0,400,10,305
F10800#F11134,55,64,120,0,400,10,306
F10800#F11785,49,41,92,0,400,10,307
F10800#F10093,61,41,104,0,400,10,308
F10800#F1108 ,51,71,123,0,400,10,309
F10800#F10574,48,65,120,0,400,10,310
F10800#F10553,53,62,116,0,400,10,311
F10800#F10333,50,71,122,1,400,10,312
F10800#F1085 ,60,67,128,0,400,10,313
F10800#F10295,50,73,125,0,400,10,314
F10800#F10262,55,38,94,0,400,10,315
F10800#F10148,52,62,115,0,400,10,316
F10800#F10486,56,39,96,0,400,10,317
F10800#F1051 ,51,65,117,0,400,10,318
F10800#F10075,51,74,125,0,400,10,319
F10800#F10137,47,68,117,0,400,10,320
F10800#F11306,65,80,146,1,400,10,321
F10800#F10840,48,69,119,0,400,10,322
F10800#F10144,57,66,124,0,400,10,323
F10800#F10030,58,69,128,0,400,10,324
F10800#F10682,67,69,136,0,400,10,325
F10800#F10003,51,69,120,0,400,10,326
F10800#F10331,52,64,117,0,400,10,327
F10800#F10803,49,31,81,0,400,10,328
F10800#F1004 ,54,78,133,0,400,10,329
F10800#F10569,48,78,126,0,400,10,330
F10800#F10051,53,70,124,0,400,10,331
F10800#F11141,50,70,120,0,400,10,332
F10800#F1310 ,62,69,133,0,400,10,333
F10800#F10363,56,42,99,0,400,10,334
F10800#F10677,51,67,119,0,400,10,335
F10800#F10753,48,78,127,0,400,10,336
F10800#F10196,57,67,125,0,400,10,337
F10800#F10251,53,62,116,0,400,10,338
F10800#F10473,53,72,125,0,400,10,339
F10800#F10327,56,41,98,0,400,10,340
F10800#F1081 ,58,66,125,0,400,10,341
F10800#F1007 ,45,75,122,0,400,10,342
F10800#F10969,50,80,131,0,400,10,343
F10800#F10107,49,74,124,0,400,10,344
F10800#F10359,57,75,133,0,400,10,345
F10800#F10002,52,71,125,0,400,10,346
F10800#F1008 ,48,39,88,0,400,10,347
F10800#F12082,53,78,132,0,400,10,348
F10800#F10059,50,78,128,0,400,10,349
F10800#F10269,55,75,131,0,400,10,350
F10800#F1105 ,57,36,94,0,400,10,351
F10800#F10184,52,35,88,0,400,10,352
F10800#F10701,49,34,85,0,400,10,353
F10800#F10883,52,68,122,0,400,10,354
F10800#F1057 ,49,66,116,0,400,10,355
F10800#F10071,53,66,119,0,400,10,356
F10800#F11041,54,44,99,0,400,10,357
F10800#F10203,52,68,122,0,400,10,358
F10800#F10352,55,64,120,0,400,10,359
F10800#F10168,49,80,130,0,400,10,360
F10800#F10461,46,78,125,0,400,10,361
F10800#F10145,47,68,116,0,400,10,362
F10800#F12033,45,80,126,0,400,10,363
F10800#F11179,51,80,131,0,400,10,364
F10800#F1    ,51,67,120,0,400,10,365
F10800#F11549,50,71,122,0,400,10,366
F10800#F10421,51,71,123,0,400,10,367
F10800#F10323,51,61,112,0,400,10,368
F10800#F10414,56,75,133,0,400,10,369
F10800#F12399,51,76,128,0,400,10,370
F10800#F10506,52,63,117,0,400,10,371
F10800#F10214,47,76,124,0,400,10,372
F10800#F11320,46,76,123,0,400,10,373
F10800#F10010,56,36,93,0,400,10,374
F10800#F10104,56,67,123,0,400,10,375
F10800#F10155,49,77,127,0,400,10,376
F10800#F10092,50,35,86,0,400,10,377
F10800#F11651,48,35,83,0,400,10,378
F10800#F1092 ,54,35,89,0,400,10,379
F10800#F10694,57,60,118,0,400,10,380
F10800#F10315,54,40,95,0,400,10,381
F10800#F13306,51,39,91,0,400,10,382
F10800#F11189,51,72,124,0,400,10,383
F10800#F10870,54,66,121,0,400,10,384
F10800#F12921,54,42,96,0,400,10,385
F10800#F10368,47,42,89,0,400,10,386
F10800#F11040,52,36,90,0,400,10,387
F10800#F10329,53,36,89,0,400,10,388
F10800#F12863,50,77,128,0,400,10,389
F10800#F10495,50,62,112,0,400,10,390
F10800#F11627,51,69,122,0,400,10,391
F10800#F10408,53,69,122,0,400,10,392
F10800#F11449,53,69,122,0,400,10,393
F10800#F10206,53,76,130,0,400,10,394
F10800#F10047,55,74,131,0,400,10,395
F10800#F10021,56,73,130,0,400,10,396
F10800#F10815,51,73,124,0,400,10,397
F10800#F10760,53,73,126,0,400,10,398
F10800#F11133,53,36,89,0,400,10,399
F10800#F10557,46,75,122,0,400,10,400
F10800#F10163,51,71,123,0,400,10,401
F10800#F10570,52,63,117,0,400,10,402
F10800#F10440,50,74,125,0,400,10,403
F10800#F10234,54,74,128,0,400,10,404
F10800#F10372,51,42,93,0,400,10,405
F10800#F10279,49,80,130,0,400,10,406
F10800#F11514,58,42,101,0,400,10,407
F10800#F10668,55,73,130,0,400,10,408
F10800#F10371,44,75,120,0,400,10,409
F10800#F1072 ,53,35,89,0,400,10,410
F10800#F10662,45,35,81,0,400,10,411
F10800#F10226,45,35,80,0,400,10,412
F10800#F10743,54,77,132,0,400,10,413
F10800#F10727,58,63,123,0,400,10,414
F10800#F10745,58,61,119,0,400,10,415
F10800#F11201,47,61,108,0,400,10,416
F10800#F11168,53,71,125,0,400,10,417
F10800#F10910,59,37,97,0,400,10,418
F10800#F1076 ,47,77,124,0,400,10,419
F10800#F11335,48,75,124,0,400,10,420
F10800#F10299,46,79,126,0,400,10,421
F10800#F10   ,55,40,97,0,400,10,422
F10800#F10404,48,73,122,0,400,10,423
F10800#F10526,53,73,126,0,400,10,424
F10800#F10514,51,71,123,0,400,10,425
F10800#F11910,52,74,127,0,400,10,426
F10800#F10064,49,74,123,0,400,10,427
F10800#F10972,44,71,116,0,400,10,428
F10800#F10676,46,34,81,0,400,10,429
F10800#F10117,44,62,107,0,400,10,430
F10800#F12634,49,62,112,0,400,10,431
F10800#F12273,46,73,120,0,400,10,432
F10800#F10857,48,80,129,0,400,10,433
F10800#F101  ,53,79,134,0,400,10,434
F10800#F10276,62,64,127,0,400,10,435
F10800#F10287,59,37,98,0,400,10,436
F10800#F10241,50,72,123,0,400,10,437
F10800#F10462,50,69,121,0,400,10,438
F10800#F1078 ,51,71,123,0,400,10,439
F10800#F11011,54,68,123,0,400,10,440
F10800#F10531,48,79,128,0,400,10,441
F10800#F13022,51,69,121,0,400,10,442
F10800#F10597,61,69,132,0,400,10,443
F10800#F10147,50,77,128,0,400,10,444
F10800#F10765,50,77,127,0,400,10,445
F10800#F11799,55,78,134,0,400,10,446
F10800#F10348,52,74,127,0,400,10,447
F10800#F12069,52,75,128,0,400,10,448
F10800#F11904,48,63,112,0,400,10,449
F10800#F11445,50,33,84,0,400,10,450
F10800#F11057,47,78,127,0,400,10,451
F10800#F1006 ,47,78,125,0,400,10,452
F10800#F12019,49,72,123,0,400,10,453
F10800#F11318,57,47,105,0,400,10,454
F10800#F11696,56,38,95,0,400,10,455
F10800#F10610,52,38,90,0,400,10,456
F10800#F10536,65,41,107,0,400,10,457
F10800#F10036,55,41,96,0,400,10,458
F10800#F10015,54,44,99,0,400,10,459
F10800#F10063,54,77,132,0,400,10,460
F10800#F10224,56,48,105,0,400,10,461
F10800#F11707,57,37,95,0,400,10,462
F10800#F10024,59,37,96,0,400,10,463
F10800#F10171,56,76,133,0,400,10,464
F10800#F11401,59,76,136,0,400,10,465
F10800#F10111,54,70,125,0,400,10,466
F10800#F1304 ,57,68,126,0,400,10,467
F10800#F10308,58,77,136,0,400,10,468
F10800#F10751,55,77,132,0,400,10,469
F10800#F13266,55,77,132,0,400,10,470
F10800#F10364,60,79,140,0,400,10,471
F10800#F12073,56,71,128,0,400,10,472
F10800#F10683,55,74,130,0,400,10,473
F10800#F10280,56,41,99,0,400,10,474
F10800#F10585,56,41,97,0,400,10,475
F10800#F12593,48,41,89,0,400,10,476
F10800#F10388,50,65,116,0,400,10,477
F10800#F12736,59,65,124,0,400,10,478
F10800#F10887,66,43,110,0,400,10,479
F10800#F10679,57,68,126,0,400,10,480
F10800#F10415,54,66,122,0,400,10,481
F10800#F12681,50,74,126,0,400,10,482
F10800#F12061,58,37,96,0,400,10,483
F10800#F10872,52,37,89,0,400,10,484
F10800#F12326,53,77,132,0,400,10,485
F10800#F1114 ,51,67,119,0,400,10,486
F10800#F10089,53,74,128,0,400,10,487
F10800#F13191,53,74,127,0,400,10,488
F10800#F12339,48,70,119,0,400,10,489
F10800#F12518,58,72,130,0,400,10,490
F10800#F10632,51,72,123,0,400,10,491
F10800#F10091,51,38,90,0,400,10,492
F10800#F106  ,46,38,84,0,400,10,493
F10800#F1210 ,53,79,134,0,400,10,494
F10800#F10951,55,76,132,0,400,10,495
F10800#F11088,52,72,125,0,400,10,496
F10800#F10643,49,72,121,0,400,10,497
F10800#F10044,54,72,126,0,400,10,498
F10800#F10382,56,77,135,0,400,10,499
F10800#F11036,52,79,132,0,400,10,500
F10800#F10238,63,77,141,0,400,10,501
F10800#F10519,59,78,138,0,400,10,502
F10800#F13525,52,70,123,0,400,10,503
F10800#F11706,54,42,97,0,400,10,504
F10800#F11119,55,70,127,0,400,10,505
F10800#F11553,53,69,124,0,400,10,506
F10800#F10361,54,80,135,0,400,10,507
F10800#F13916,56,59,116,0,400,10,508
F10800#F13738,59,41,101,0,400,10,509
F10800#F12037,53,48,103,0,400,10,510
F10800#F227  ,52,74,128,0,400,10,511
F10800#F10831,56,80,138,0,400,10,512
F10800#F10907,56,45,101,0,400,10,513
F10800#F12030,54,39,94,0,400,10,514
F10800#F10577,57,39,96,0,400,10,515
F10800#F10356,57,77,135,0,400,10,516
F10800#F10188,53,48,102,0,400,10,517
F10800#F10034,50,48,98,0,400,10,518
F10800#F13740,68,62,131,0,400,10,519
F10800#F10699,57,74,133,0,400,10,520
F10800#F1143 ,56,78,136,0,400,10,521
F10800#F10192,56,75,132,0,400,10,522
F10800#F149  ,56,66,124,0,400,10,523
F10800#F11519,51,68,120,0,400,10,524
F10800#F10604,57,36,94,0,400,10,525
F10800#F1062 ,56,47,105,0,400,10,526
F10800#F10549,53,47,100,0,400,10,527
F10800#F10455,53,47,100,0,400,10,528
F10800#F11286,53,79,133,0,400,10,529
F10800#F1093 ,52,38,92,0,400,10,530
F10800#F11336,60,37,99,0,400,10,531
F10800#F10510,54,65,121,0,400,10,532
F10800#F11015,54,63,117,0,400,10,533
F10800#F10489,52,46,99,0,400,10,534
F10800#F12672,54,67,123,0,400,10,535
F10800#F14039,51,79,131,0,400,10,536
F10800#F10309,49,80,130,0,400,10,537
F10800#F1265 ,49,76,125,0,400,10,538
F10800#F10411,55,70,127,0,400,10,539
F10800#F17457,50,76,127,0,400,10,540
F10800#F11108,64,77,143,0,400,10,541
F10800#F12956,54,69,124,0,400,10,542
F10800#F13   ,55,65,121,0,400,10,543
F10800#F11887,52,36,89,0,400,10,544
F10800#F10786,53,76,130,0,400,10,545
F10800#F10346,50,75,127,0,400,10,546
F10800#F12908,50,75,125,0,400,10,547
F10800#F12527,55,63,120,0,400,10,548
F10800#F11497,55,70,127,0,400,10,549
F10800#F10521,52,74,128,0,400,10,550
F10800#F10556,57,43,102,0,400,10,551
F10800#F11856,65,58,124,0,400,10,552
F10800#F12225,53,67,122,0,400,10,553
F10800#F12713,59,67,126,0,400,10,554
F10800#F14   ,53,46,99,0,400,10,555
F10800#F12589,53,79,133,0,400,10,556
F10800#F10853,56,74,131,0,400,10,557
F10800#F11841,55,72,128,0,400,10,558
F10800#F11573,59,65,125,0,400,10,559
F10800#F15109,56,43,100,0,400,10,560
F10800#F10325,51,43,94,0,400,10,561
F10800#F10725,61,79,141,0,400,10,562
F10800#F10142,57,65,123,0,400,10,563
F10800#F1001 ,57,73,132,0,400,10,564
F10800#F10982,57,70,127,0,400,10,565
F10800#F11602,62,76,140,0,400,10,566
F10800#F10335,54,68,123,0,400,10,567
F10800#F1145 ,62,64,128,0,400,10,568
F10800#F13110,61,44,107,0,400,10,569
F10800#F10046,59,44,103,0,400,10,570
F10800#F12617,54,73,129,0,400,10,571
F10800#F10160,49,41,92,0,400,10,572
F10800#F1039 ,49,41,90,0,400,10,573
F10800#F10520,59,67,128,0,400,10,574
F10800#F11787,63,50,114,0,400,10,575
F10800#F10006,61,50,111,0,400,10,576
F10800#F11647,60,42,103,0,400,10,577
F10800#F14240,65,37,104,0,400,10,578
F10800#F10900,58,77,136,0,400,10,579
F10800#F1535 ,54,77,131,0,400,10,580
F10800#F10246,54,78,132,0,400,10,581
F10800#F10931,57,70,128,0,400,10,582
F10800#F12311,67,68,136,0,400,10,583
F10800#F13755,55,78,135,0,400,10,584
F10800#F12788,50,79,130,0,400,10,585
F10800#F12264,57,62,121,0,400,10,586
F10800#F11149,57,66,123,0,400,10,587
F10800#F11322,56,65,123,0,400,10,588
F10800#F163  ,56,77,134,0,400,10,589
F10800#F10394,48,80,129,0,400,10,590
F10800#F10681,58,78,138,0,400,10,591
F10800#F12338,51,78,129,0,400,10,592
F10800#F11049,51,39,90,0,400,10,593
F10800#F1019 ,47,80,128,0,400,10,594
F10800#F21737,56,70,128,0,400,10,595
F10800#F10977,55,38,95,0,400,10,596
F10800#F10154,59,60,120,0,400,10,597
F10800#F10431,54,77,133,0,400,10,598
F10800#F17002,51,40,92,0,400,10,599
F10800#F10758,53,40,93,0,400,10,600
F10800#F11251,52,75,129,0,400,10,601
F10800#F1013 ,56,70,127,0,400,10,602
F10800#F11257,44,37,82,0,400,10,603
F10800#F11153,52,61,115,0,400,10,604
F10800#F12624,49,61,110,0,400,10,605
F10800#F11177,51,73,125,0,400,10,606
F10800#F10740,50,73,123,0,400,10,607
F10800#F1098 ,46,66,114,0,400,10,608
F10800#F11737,53,80,134,0,400,10,609
F10800#F11158,53,73,127,0,400,10,610
F10800#F10005,53,36,89,0,400,10,611
F10800#F10100,48,73,122,0,400,10,612
F10800#F10904,50,37,88,0,400,10,613
F10800#F12422,54,39,94,0,400,10,614
F10800#F10564,54,69,125,0,400,10,615
F10800#F11790,53,76,130,0,400,10,616
F10800#F12631,53,42,95,0,400,10,617
F10800#F13161,56,35,92,0,400,10,618
F10800#F8417 ,56,75,133,0,400,10,619
F10800#F1330 ,57,76,133,0,400,10,620
F10800#F2589 ,52,70,124,0,400,10,621
F10800#F10393,53,64,119,0,400,10,622
F10800#F14484,49,78,128,0,400,10,623
F10800#F12413,48,78,126,0,400,10,624
F10800#F14481,52,65,118,0,400,10,625
F10800#F12461,56,68,124,0,400,10,626
F10800#F2559 ,56,41,97,0,400,10,627
F10800#F13551,50,71,122,0,400,10,628
F10800#F25159,48,71,119,0,400,10,629
F10800#F145  ,56,34,91,0,400,10,630
F10800#F14751,55,70,127,0,400,10,631
F10800#F10182,53,50,104,0,400,10,632
F10800#F1263 ,51,77,130,0,400,10,633
F10800#F10162,55,71,126,0,400,10,634
F10800#F10594,53,36,90,0,400,10,635
F10800#F13852,53,70,124,0,400,10,636
F10800#F10018,52,40,94,0,400,10,637
F10800#F12817,56,40,96,0,400,10,638
F10800#F11903,45,40,85,0,400,10,639
F10800#F17744,50,74,125,0,400,10,640
F10800#F10118,50,76,127,0,400,10,641
F10800#F2514 ,55,79,135,0,400,10,642
F10800#F2091 ,50,65,117,0,400,10,643
F10800#F107  ,54,47,103,0,400,10,644
F10800#F1726 ,50,77,128,0,400,10,645
F10800#F10254,53,75,129,0,400,10,646
F10800#F14508,47,39,87,0,400,10,647
F10800#F17448,45,77,123,0,400,10,648
F10800#F10400,48,80,130,1,400,10,649
F10800#F12007,55,47,103,0,400,10,650
F10800#F11704,56,35,92,0,400,10,651
F10800#F12297,55,35,90,0,400,10,652
F10800#F10491,47,51,99,0,400,10,653
F10800#F10406,50,51,101,0,400,10,654
F10800#F3204 ,54,36,92,0,400,10,655
F10800#F10085,62,36,100,1,400,10,656
F10800#F10706,62,34,96,0,400,10,657
F10800#F10986,49,78,129,0,400,10,658
F10800#F10149,54,67,122,0,400,10,659
F10800#F10708,49,66,116,0,400,10,660
F10800#F12781,55,79,135,0,400,10,661
F10800#F11120,50,79,129,0,400,10,662
F10800#F1175 ,58,36,95,0,400,10,663
F10800#F11682,48,36,84,0,400,10,664
F10800#F232  ,48,35,83,0,400,10,665
F10800#F14042,50,73,125,1,400,10,666
F10800#F100  ,47,79,127,0,400,10,667
F10800#F194  ,52,79,131,0,400,10,668
F10800#F10540,54,76,131,0,400,10,669
F10800#F13539,55,42,98,0,400,10,670
F10800#F11713,57,68,126,0,400,10,671
F10800#F10135,47,80,127,0,400,10,672
F10800#F1334 ,47,80,127,1,400,10,673
F10800#F11389,48,80,128,0,400,10,674
F10800#F14244,51,47,98,0,400,10,675
F10800#F12753,50,34,86,0,400,10,676
F10800#F11939,47,76,125,0,400,10,677
F10800#F12362,49,76,125,0,400,10,678
F10800#F15257,48,76,124,0,400,10,679
F10800#F10365,51,66,118,0,400,10,680
F10800#F14911,51,66,117,0,400,10,681
F10800#F2420 ,57,71,129,0,400,10,682
F10800#F10122,50,44,96,0,400,10,683
F10800#F15101,49,67,116,0,400,10,684
F10800#F10410,54,67,121,0,400,10,685
F10800#F3707 ,54,65,121,0,400,10,686
F10800#F1084 ,44,73,118,0,400,10,687
F10800#F10108,47,78,126,0,400,10,688
F10800#F10375,49,78,127,0,400,10,689
F10800#F12484,58,80,139,0,400,10,690
F10800#F13371,49,40,91,0,400,10,691
F10800#F10451,54,65,121,0,400,10,692
F10800#F1229 ,58,34,94,0,400,10,693
F10800#F13681,50,59,110,0,400,10,694
F10800#F15677,47,33,82,0,400,10,695
F10800#F10052,48,76,125,0,400,10,696
F10800#F10056,48,37,85,0,400,10,697
F10800#F10264,53,76,131,1,400,10,698
F10800#F11564,45,77,123,0,400,10,699
F10800#F10981,48,44,93,0,400,10,700
F10800#F12223,68,63,132,0,400,10,701
F10800#F4578 ,55,38,95,0,400,10,702
F10800#F12973,55,38,93,0,400,10,703
F10800#F13021,59,73,134,0,400,10,704
F10800#F6733 ,51,72,124,0,400,10,705
F10800#F16095,61,72,133,0,400,10,706
F10800#F10891,49,72,121,0,400,10,707
F10800#F11730,48,79,128,0,400,10,708
F10800#F1594 ,55,40,96,0,400,10,709
F10800#F2096 ,57,79,137,0,400,10,710
F10800#F1054 ,55,79,134,0,400,10,711
F10800#F1325 ,51,79,131,0,400,10,712
F10800#F1037 ,58,40,100,0,400,10,713
F10800#F10593,55,73,129,0,400,10,714
F10800#F12970,50,74,125,0,400,10,715
F10800#F1434 ,48,72,122,0,400,10,716
F10800#F3784 ,53,44,98,0,400,10,717
F10800#F16600,49,60,110,0,400,10,718
F10800#F11566,49,47,96,0,400,10,719
F10800#F12189,59,47,106,0,400,10,720
F10800#F36349,70,67,138,0,400,10,721
F10800#F2670 ,54,67,121,0,400,10,722
F10800#F11026,62,67,129,0,400,10,723
F10800#F12701,51,74,126,0,400,10,724
F10800#F12594,48,77,125,0,400,10,725
F10800#F10401,56,50,108,0,400,10,726
F10800#F2592 ,49,38,90,0,400,10,727
F10800#F1147 ,50,67,118,0,400,10,728
F10800#F10835,46,78,125,0,400,10,729
F10800#F11106,44,78,122,0,400,10,730
F10800#F10849,56,40,98,0,400,10,731
F10800#F1200 ,45,40,85,0,400,10,732
F10800#F1543 ,45,78,123,0,400,10,733
F10800#F12730,48,34,83,0,400,10,734
F10800#F3590 ,63,51,115,0,400,10,735
F10800#F13683,62,76,139,0,400,10,736
F10800#F2086 ,56,53,110,0,400,10,737
F10800#F15864,56,53,109,0,400,10,738
F10800#F1497 ,57,78,137,0,400,10,739
F10800#F13939,57,45,102,0,400,10,740
F10800#F1706 ,56,36,93,0,400,10,741
F10800#F13766,54,35,90,0,400,10,742
F10800#F10500,54,67,122,0,400,10,743
F10800#F2442 ,54,36,90,0,400,10,744
F10800#F17310,51,36,87,0,400,10,745
F10800#F141  ,51,36,88,0,400,10,746
F10800#F1152 ,51,36,87,0,400,10,747
F10800#F10956,47,58,107,0,400,10,748
F10800#F2352 ,49,72,122,0,400,10,749
F10800#F4089 ,47,72,119,1,400,10,750
F10800#F11378,53,72,125,0,400,10,751
F10800#F1748 ,58,71,131,0,400,10,752
F10800#F11409,52,77,130,0,400,10,753
F10800#F10114,49,68,119,0,400,10,754
F10800#F10310,56,66,124,0,400,10,755
F10800#F10560,56,35,93,0,400,10,756
F10800#F10083,46,66,114,0,400,10,757
F10800#F2198 ,50,69,121,0,400,10,758
F10800#F11304,51,72,124,0,400,10,759
F10800#F2843 ,55,77,133,0,400,10,760
F10800#F1179 ,53,77,130,0,400,10,761
F10800#F12727,53,77,130,0,400,10,762
F10800#F1861 ,52,77,129,0,400,10,763
F10800#F11272,56,38,95,0,400,10,764
F10800#F11423,51,69,121,0,400,10,765
F10800#F1583 ,51,40,91,0,400,10,766
F10800#F10219,47,69,117,0,400,10,767
F10800#F2222 ,51,72,125,0,400,10,768
F10800#F11253,56,77,134,0,400,10,769
F10800#F20623,49,75,125,0,400,10,770
F10800#F12537,51,68,120,0,400,10,771
F10800#F11989,51,68,119,0,400,10,772
F10800#F15689,56,68,124,0,400,10,773
F10800#F4642 ,63,40,105,0,400,10,774
F10800#F11488,60,78,139,0,400,10,775
F10800#F18169,60,71,132,0,400,10,776
F10800#F10881,54,71,125,0,400,10,777
F10800#F10130,69,70,140,0,400,10,778
F10800#F2004 ,52,70,122,0,400,10,779
F10800#F2136 ,50,75,126,0,400,10,780
F10800#F1826 ,45,38,84,0,400,10,781
F10800#F10452,45,74,119,0,400,10,782
F10800#F1814 ,57,80,138,0,400,10,783
F10800#F4445 ,56,36,94,0,400,10,784
F10800#F11631,56,70,126,0,400,10,785
F10800#F13296,56,37,94,1,400,10,786
F10800#F3745 ,59,67,127,0,400,10,787
F10800#F4373 ,50,67,117,0,400,10,788
F10800#F13906,53,35,88,0,400,10,789
F10800#F2509 ,52,54,107,0,400,10,790
F10800#F1236 ,48,74,124,0,400,10,791
F10800#F2778 ,52,63,115,0,400,10,792
F10800#F12960,51,63,114,0,400,10,793
F10800#F17275,61,63,124,0,400,10,794
F10800#F11450,52,63,115,0,400,10,795
F10800#F11161,53,70,124,0,400,10,796
F10800#F1686 ,54,69,124,0,400,10,797
F10800#F454  ,53,77,131,0,400,10,798
F10800#F16986,49,38,88,0,400,10,799
F10800#F3822 ,49,72,122,0,400,10,800
F10800#F1663 ,52,74,127,0,400,10,801
F10800#F1189 ,46,38,86,0,400,10,802
F10800#F557  ,51,38,89,0,400,10,803
F10800#F197  ,50,76,127,0,400,10,804
F10800#F1140 ,66,41,109,0,400,10,805
F10800#F2251 ,52,77,131,0,400,10,806
F10800#F3520 ,48,77,125,0,400,10,807
F10800#F1073 ,53,65,120,0,400,10,808
F10800#F4268 ,48,35,84,0,400,10,809
F10800#F2322 ,52,35,87,0,400,10,810
F10800#F2826 ,50,72,124,0,400,10,811
F10800#F29476,56,74,131,0,400,10,812
F10800#F2400 ,51,72,125,0,400,10,813
F10800#F1090 ,52,72,124,0,400,10,814
F10800#F1020 ,58,42,101,0,400,10,815
F10800#F12562,55,65,121,0,400,10,816
F10800#F1195 ,56,66,123,0,400,10,817
F10800#F4702 ,52,69,122,0,400,10,818
F10800#F15971,57,36,95,0,400,10,819
F10800#F1060 ,49,36,85,0,400,10,820
F10800#F11929,52,70,123,0,400,10,821
F10800#F12542,51,70,121,0,400,10,822
F10800#F255  ,51,75,127,0,400,10,823
F10800#F2870 ,53,37,91,0,400,10,824
F10800#F15856,51,37,88,0,400,10,825
F10800#F222  ,51,37,88,0,400,10,826
F10800#F2202 ,54,73,129,0,400,10,827
F10800#F11946,45,69,115,0,400,10,828
F10800#F15343,49,69,118,0,400,10,829
F10800#F11577,53,79,133,0,400,10,830
F10800#F2300 ,61,35,98,0,400,10,831
F10800#F10038,53,68,123,0,400,10,832
F10800#F11712,55,41,97,0,400,10,833
F10800#F10539,55,80,135,0,400,10,834
F10800#F331  ,51,80,132,0,400,10,835
F10800#F13854,51,66,118,0,400,10,836
F10800#F11699,51,65,118,0,400,10,837
F10800#F10617,54,72,128,0,400,10,838
F10800#F12906,59,73,133,0,400,10,839
F10800#F5444 ,59,75,134,0,400,10,840
F10800#F4431 ,54,80,135,0,400,10,841
F10800#F11734,54,64,120,0,400,10,842
F10800#F6715 ,55,35,91,0,400,10,843
F10800#F2035 ,55,72,127,0,400,10,844
F10800#F21178,48,38,88,0,400,10,845
F10800#F13318,48,55,103,0,400,10,846
F10800#F125  ,54,38,93,0,400,10,847
F10800#F3500 ,54,34,89,0,400,10,848
F10800#F1612 ,51,34,85,0,400,10,849
F10800#F11175,50,34,84,0,400,10,850
F10800#F153  ,56,73,130,0,400,10,851
F10800#F198  ,50,71,122,0,400,10,852
F10800#F11702,52,76,129,0,400,10,853
F10800#F1150 ,48,79,128,0,400,10,855
F10800#F1040 ,54,68,123,0,400,10,856
F10800#F11429,53,71,125,0,400,10,857
F10800#F2860 ,51,73,126,0,400,10,858
F10800#F93   ,51,73,124,0,400,10,859
F10800#F11162,54,71,126,0,400,10,860
F10800#F2092 ,54,75,129,0,400,10,861
F10800#F3586 ,56,66,123,0,400,10,862
F10800#F2233 ,65,66,131,0,400,10,863
F10800#F1709 ,54,35,90,0,400,10,864
F10800#F7536 ,49,73,123,0,400,10,865
F10800#F10103,55,65,127,0,400,10,866
F10800#F13310,52,75,128,0,400,10,867
F10800#F1444 ,57,69,127,0,400,10,868
F10800#F1890 ,57,63,122,1,400,10,869
F10800#F2999 ,55,63,118,0,400,10,871
F10800#F7631 ,56,62,119,0,400,10,873
F10800#F2528 ,56,78,135,0,400,10,874
F10800#F1480 ,53,44,98,0,400,10,875
F10800#F10386,49,68,118,0,400,10,876
F10800#F14939,51,72,125,0,400,10,877
F10800#F3399 ,48,68,118,0,400,10,878
F10800#F13924,50,35,86,0,400,10,879
F10800#F14232,50,65,115,0,400,10,880
F10800#F10806,50,65,115,0,400,10,881
F10800#F4879 ,58,64,124,0,400,10,882
F10800#F11950,57,80,138,0,400,10,883
F10800#F10909,53,41,96,0,400,10,884
F10800#F2416 ,52,71,124,0,400,10,885
F10800#F17029,52,71,123,0,400,10,886
F10800#F14678,53,73,127,0,400,10,887
F10800#F12100,53,73,128,0,400,10,888
F10800#F14593,49,77,127,0,400,10,889
F10800#F4104 ,46,76,123,0,400,10,890
F10800#F192  ,49,76,126,0,400,10,891
F10800#F12187,56,33,90,0,400,10,892
F10800#F3574 ,52,72,125,0,400,10,893
F10800#F12740,51,72,123,0,400,10,894
F10800#F18504,51,73,125,0,400,10,895
F10800#F1237 ,49,73,122,0,400,10,896
F10800#F171  ,50,41,93,0,400,10,897
F10800#F2546 ,61,77,139,0,400,10,898
F10800#F1164 ,57,71,129,0,400,10,899
F10800#F2140 ,48,71,121,0,400,10,900
F10800#F244  ,49,79,129,0,400,10,901
F10800#F2657 ,49,68,118,0,400,10,902
F10800#F6297 ,50,80,132,0,400,10,903
F10800#F15098,49,80,129,0,400,10,904
F10800#F1066 ,50,36,87,0,400,10,905
F10800#F1415 ,53,36,89,0,400,10,906
F10800#F675  ,64,36,100,0,400,10,907
F10800#F6415 ,60,39,100,0,400,10,908
F10800#F5545 ,48,39,87,0,400,10,909
F10800#F14215,58,42,101,0,400,10,910
F10800#F6083 ,55,35,91,0,400,10,911
F10800#F4802 ,60,35,95,0,400,10,912
F10800#F3288 ,54,80,135,0,400,10,913
F10800#F3579 ,48,66,116,0,400,10,915
F10800#F1562 ,48,76,125,0,400,10,916
F10800#F3763 ,57,71,129,0,400,10,917
F10800#F12700,57,42,99,0,400,10,918
F10800#F12179,59,42,101,0,400,10,919
F10800#F5392 ,57,42,99,0,400,10,920
F10800#F1231 ,50,69,120,0,400,10,921
F10800#F2747 ,55,80,136,0,400,10,922
F10800#F1443 ,66,65,132,0,400,10,923
F10800#F11982,57,65,122,0,400,10,924
F10800#F12166,56,76,134,0,400,10,925
F10800#F14907,53,76,130,0,400,10,926
F10800#F118  ,53,38,91,0,400,10,927
F10800#F10838,52,79,132,0,400,10,929
F10800#F1416 ,52,42,95,0,400,10,930
F10800#F1324 ,58,63,122,0,400,10,931
F10800#F1303 ,50,63,113,0,400,10,932
F10800#F3222 ,54,71,126,0,400,10,933
F10800#F14267,52,45,98,0,400,10,934
F10800#F2398 ,52,74,128,0,400,10,935
F10800#F13721,52,40,93,0,400,10,936
F10800#F352  ,48,74,122,0,400,10,937
F10800#F10138,49,59,109,0,400,10,938
F10800#F1367 ,48,73,123,0,400,10,939
F10800#F1560 ,56,62,120,0,400,10,940
F10800#F12600,48,74,123,0,400,10,941
F10800#F19934,50,66,117,0,400,10,942
F10800#F16013,54,71,126,0,400,10,944
F10800#F1297 ,56,71,127,0,400,10,945
F10800#F10004,52,68,121,0,400,10,946
F10800#F1527 ,48,64,113,0,400,10,947
F10800#F1799 ,48,38,86,0,400,10,948
F10800#F1419 ,53,39,93,0,400,10,949
F10800#F13444,52,39,91,0,400,10,951
F10800#F2103 ,51,64,116,0,400,10,952
F10800#F10407,58,76,135,0,400,10,953
F10800#F11495,58,67,125,0,400,10,954
F10800#F1397 ,49,65,116,0,400,10,955
F10800#F9126 ,50,55,107,0,400,10,956
F10800#F4750 ,46,68,116,0,400,10,957
F10800#F313  ,50,68,119,0,400,10,958
F10800#F2203 ,52,70,123,0,400,10,959
F10800#F10971,50,34,85,0,400,10,960
F10800#F1041 ,47,66,114,1,400,10,961
F10800#F2001 ,55,74,131,0,400,10,962
F10800#F19877,51,70,122,0,400,10,963
F10800#F2977 ,51,75,127,0,400,10,964
F10800#F5553 ,52,69,122,0,400,10,965
F10800#F10456,68,36,105,0,400,10,966
F10800#F12637,48,75,124,0,400,10,967
F10800#F16376,49,75,124,0,400,10,968
F10800#F11738,48,74,123,0,400,10,969
F10800#F12321,48,75,123,0,400,10,970
F10800#F7068 ,43,36,81,0,400,10,971
F10800#F2527 ,49,72,122,0,400,10,972
F10800#F2274 ,48,46,95,0,400,10,973
F10800#F2616 ,46,65,112,0,400,10,974
F10800#F2642 ,46,79,125,0,400,10,976
F10800#F2893 ,46,75,121,0,400,10,977
F10800#F6014 ,54,75,129,0,400,10,978
F10800#F14494,53,71,125,0,400,10,979
F10800#F14651,57,40,98,0,400,10,980
F10800#F6964 ,55,62,119,0,400,10,981
F10800#F7472 ,58,71,131,0,400,10,982
F10800#F10054,52,64,117,0,400,10,983
F10800#F1509 ,52,64,116,0,400,10,984
F10800#F553  ,48,64,114,1,400,10,985
F10800#F10714,48,37,85,0,400,10,986
F10800#F13385,48,37,85,0,400,10,988
F10800#F1169 ,51,68,119,0,400,10,989
F10800#F4415 ,50,72,123,0,400,10,990
F10800#F1530 ,51,35,88,0,400,10,991
F10800#F2913 ,51,78,129,0,400,10,992
F10800#F11180,51,79,130,0,400,10,993
F10800#F4308 ,51,77,128,0,400,10,994
F10800#F10057,54,69,124,0,400,10,995
F10800#F1031 ,50,74,125,0,400,10,996
F10800#F1388 ,48,35,84,0,400,10,997
F10800#F1787 ,53,41,95,0,400,10,998
F10800#F6861 ,61,36,99,0,400,10,999
F10800#F1561 ,50,78,129,0,400,10,1001
F10800#F11062,46,75,122,0,400,10,1002
F10800#F1146 ,48,75,124,0,400,10,1003
F10800#F3298 ,48,75,123,0,400,10,1004
F10800#F18432,53,37,91,0,400,10,1005
F10800#F3742 ,49,39,89,0,400,10,1006
F10800#F4761 ,50,39,89,1,400,10,1007
F10800#F2718 ,49,73,123,0,400,10,1009
F10800#F10868,49,73,122,0,400,10,1010
F10800#F1602 ,49,73,122,0,400,10,1011
F10800#F7790 ,54,68,124,1,400,10,1013
F10800#F10812,55,80,137,0,400,10,1014
F10800#F10278,52,37,90,0,400,10,1016
F10800#F10967,50,79,130,0,400,10,1017
F10800#F1097 ,48,79,127,0,400,10,1018
F10800#F2070 ,54,33,88,0,400,10,1019
F10800#F13619,48,34,84,0,400,10,1020
F10800#F359  ,48,76,124,0,400,10,1021
F10800#F8710 ,51,70,122,0,400,10,1022
F10800#F3835 ,59,35,94,0,400,10,1023
F10800#F11551,59,33,92,0,400,10,1025
F10800#F1681 ,55,59,115,0,400,10,1026
F10800#F10603,58,69,128,0,400,10,1027
F10800#F1086 ,57,63,121,0,400,10,1028
F10800#F1693 ,52,76,129,0,400,10,1030
F10800#F4497 ,47,78,127,0,400,10,1031
F10800#F10641,50,72,123,0,400,10,1032
F10800#F2327 ,52,67,120,0,400,10,1033
F10800#F689  ,46,76,123,0,400,10,1034
F10800#F6145 ,50,77,128,0,400,10,1036
F10800#F6908 ,57,80,139,0,400,10,1037
F10800#F16316,59,80,140,0,400,10,1038
F10800#F4031 ,61,80,141,0,400,10,1039
F10800#F3488 ,60,80,140,0,400,10,1040
F10800#F4168 ,62,80,143,0,400,10,1041
F10800#F12247,53,72,126,0,400,10,1042
F10800#F1828 ,67,46,115,0,400,10,1044
F10800#F10976,47,70,118,0,400,10,1045
F10800#F8247 ,47,80,128,0,400,10,1046
F10800#F1985 ,50,75,126,0,400,10,1048
F10800#F179  ,53,74,129,0,400,10,1049
F10800#F1523 ,50,74,124,0,400,10,1050
F10800#F4040 ,53,74,127,0,400,10,1051
F10800#F2429 ,67,74,141,0,400,10,1052
F10800#F5029 ,48,71,120,0,400,10,1053
F10800#F6177 ,59,44,105,0,400,10,1054
F10800#F7885 ,56,72,129,0,400,10,1055
F10800#F5517 ,49,72,121,0,400,10,1057
F10800#F4204 ,49,78,127,0,400,10,1058
F10800#F18393,53,73,127,0,400,10,1059
F10800#F2413 ,50,71,122,0,400,10,1060
F10800#F10207,52,79,132,0,400,10,1061
F10800#F1348 ,50,79,129,0,400,10,1062
F10800#F12378,60,79,139,0,400,10,1063
F10800#F10925,61,79,141,0,400,10,1065
F10800#F977  ,59,50,110,0,400,10,1066
F10800#F3939 ,54,76,132,0,400,10,1067
F10800#F6290 ,58,72,132,0,400,10,1069
F10800#F4402 ,56,47,104,0,400,10,1071
F10800#F2750 ,56,47,103,0,400,10,1073
F10800#F10530,65,47,112,0,400,10,1074
F10800#F1766 ,59,64,125,0,400,10,1075
F10800#F14714,53,67,122,0,400,10,1077
F10800#F8614 ,59,64,125,0,400,10,1078
F10800#F11044,49,77,127,0,400,10,1079
F10800#F2817 ,50,65,117,0,400,10,1080
F10800#F6420 ,63,65,129,0,400,10,1082
F10800#F4097 ,51,38,90,0,400,10,1083
F10800#F4699 ,65,46,112,0,400,10,1084
F10800#F2714 ,56,38,96,0,400,10,1085
F10800#F10023,55,76,131,0,400,10,1086
F10800#F3498 ,61,67,130,0,400,10,1088
F10800#F1138 ,57,35,94,0,400,10,1089
F10800#F12129,54,78,133,0,400,10,1091
F10800#F10358,55,78,134,0,400,10,1092
F10800#F1337 ,59,40,100,0,400,10,1093
F10800#F12330,54,77,133,0,400,10,1095
F10800#F10013,61,77,138,0,400,10,1097
F10800#F10480,53,78,132,0,400,10,1098
F10800#F7756 ,67,43,111,0,400,10,1099
F10800#F590  ,53,67,121,0,400,10,1100
F10800#F2872 ,58,45,105,0,400,10,1103
F10800#F7025 ,56,77,134,0,400,10,1104
F10800#F3547 ,54,77,131,0,400,10,1105
F10800#F1457 ,59,77,136,0,400,10,1107
F10800#F6116 ,56,68,126,0,400,10,1108
F10800#F12292,57,74,132,0,400,10,1110
F10800#F9689 ,56,70,127,0,400,10,1111
F10800#F1877 ,50,77,128,0,400,10,1113
F10800#F5810 ,58,74,134,0,400,10,1115
F10800#F1112 ,53,74,127,0,400,10,1116
F10800#F801  ,58,74,132,0,400,10,1117
F10800#F1056 ,53,44,99,0,400,10,1118
F10800#F4957 ,53,44,97,0,400,10,1119
F10800#F8620 ,54,79,134,0,400,10,1120
F10800#F217  ,54,73,129,0,400,10,1121
F10800#F2173 ,58,67,126,0,400,10,1122
F10800#F4217 ,55,38,94,0,400,10,1123
F10800#F12059,48,67,116,0,400,10,1125
F10800#F1903 ,52,67,119,0,400,10,1126
F10800#F1043 ,57,78,136,0,400,10,1127
F10800#F4855 ,58,40,100,0,400,10,1128
F10800#F5475 ,54,40,94,0,400,10,1130
F10800#F9163 ,55,68,125,0,400,10,1131
F10800#F1608 ,65,64,129,0,400,10,1132
F10800#F21   ,55,64,119,0,400,10,1133
F10800#F6691 ,58,78,139,0,400,10,1135
F10800#F172  ,63,71,135,0,400,10,1140
F10800#F1774 ,58,80,140,0,400,10,1142
F10800#F11238,55,74,130,0,400,10,1143
F10800#F2707 ,55,66,121,0,400,10,1144
F10800#F1997 ,61,46,108,1,400,10,1146
F10800#F1234 ,67,47,115,0,400,10,1148
F10800#F3677 ,61,46,108,0,400,10,1149
F10800#F5021 ,66,76,143,0,400,10,1151
F10800#F7114 ,69,60,130,0,400,10,1152
F10800#F2443 ,60,60,120,0,400,10,1153
F10800#F1226 ,63,41,106,0,400,10,1154
F10800#F3316 ,63,57,120,0,400,10,1156
F10800#F4910 ,63,57,120,0,400,10,1157
F10800#F111  ,65,57,122,0,400,10,1158
F10800#F10823,60,78,139,0,400,10,1159
F10800#F7119 ,69,78,147,0,400,10,1160
F10800#F1692 ,66,63,130,0,400,10,1161
F10800#F13914,53,36,91,0,400,10,1163
F10800#F3165 ,56,63,120,0,400,10,1165
F10800#F690  ,70,63,133,0,400,10,1166
F10800#F3581 ,70,64,134,0,400,10,1167
F10800#F6767 ,56,64,120,0,400,10,1168
F10800#F2018 ,66,69,136,0,400,10,1170
F10800#F1455 ,63,77,141,0,400,10,1171
F10800#F8155 ,57,79,138,0,400,10,1172
F10800#F1100 ,56,80,137,0,400,10,1173
F10800#F466  ,60,41,102,0,400,10,1174
F10800#F7598 ,68,73,142,0,400,10,1175
F10800#F5120 ,68,65,133,0,400,10,1176
F10800#F3337 ,59,65,124,0,400,10,1177
F10800#F2105 ,60,65,126,0,400,10,1178
F10800#F4611 ,64,76,141,0,400,10,1179
F10800#F12006,53,76,129,0,400,10,1180
F10800#F10807,52,79,133,0,400,10,1181
F10800#F49   ,62,44,107,0,400,10,1182
F10800#F5909 ,52,70,123,0,400,10,1183
F10800#F17381,52,73,125,0,400,10,1184
F10800#F4292 ,63,73,136,0,400,10,1186
F10800#F4581 ,63,44,108,0,400,10,1188
F10800#F2929 ,58,69,128,0,400,10,1189
F10800#F14754,57,39,98,0,400,10,1190
F10800#F1713 ,54,40,95,0,400,10,1193
F10800#F3179 ,54,40,94,0,400,10,1194
F10800#F2258 ,54,40,94,0,400,10,1195
F10800#F1747 ,58,40,98,0,400,10,1196
F10800#F584  ,60,74,136,0,400,10,1197
F10800#F9968 ,58,74,132,0,400,10,1198
F10800#F1255 ,58,77,136,0,400,10,1199
F10800#F10696,56,77,133,0,400,10,1201
F10800#F1574 ,62,78,142,0,400,10,1204
F10800#F14468,56,78,134,0,400,10,1205
F10800#F1941 ,58,74,132,0,400,10,1206
F10800#F1786 ,52,71,124,0,400,10,1207
F10800#F3416 ,49,78,128,0,400,10,1208
F10800#F1808 ,50,72,124,0,400,10,1209
F10800#F4425 ,50,66,117,0,400,10,1210
F10800#F1954 ,52,66,118,0,400,10,1211
F10800#F4666 ,47,75,124,0,400,10,1212
F10800#F11249,48,79,129,0,400,10,1214
F10800#F7187 ,55,73,130,0,400,10,1216
F10800#F1611 ,52,65,119,0,400,10,1218
F10800#F602  ,50,65,115,0,400,10,1221
F10800#F45   ,55,65,121,0,400,10,1222
F10800#F6512 ,52,65,117,0,400,10,1223
F10800#F10267,53,65,118,0,400,10,1226
F10800#F187  ,53,68,123,0,400,10,1227
F10800#F3193 ,55,43,98,0,400,10,1229
F10800#F1000 ,61,80,142,0,400,10,1230
F10800#F3141 ,61,67,128,0,400,10,1233
F10800#F8681 ,61,67,128,0,400,10,1234
F10800#F2396 ,57,67,124,0,400,10,1235
F10800#F1504 ,62,67,129,0,400,10,1236
F10800#F430  ,63,48,113,0,400,10,1237
F10800#F1345 ,56,80,137,0,400,10,1238
F10800#F1154 ,49,68,119,0,400,10,1239
F10800#F10073,58,65,125,0,400,10,1240
F10800#F1909 ,48,65,113,0,400,10,1241
F10800#F2603 ,52,66,119,0,400,10,1242
F10800#F1401 ,48,66,114,0,400,10,1243
F10800#F1125 ,46,69,117,0,400,10,1244
F10800#F1689 ,48,70,119,0,400,10,1245
F10800#F1032 ,52,73,126,0,400,10,1246
F10800#F7933 ,44,77,123,0,400,10,1249
F10800#F1135 ,58,77,135,0,400,10,1250
F10800#F2265 ,57,77,134,0,400,10,1255
F10800#F1725 ,57,62,120,0,400,10,1257
F10800#F3214 ,52,62,114,0,400,10,1258
F10800#F10583,57,38,96,0,400,10,1259
F10800#F2166 ,49,80,130,0,400,10,1261
F10800#F7267 ,60,63,124,0,400,10,1262
F10800#F9099 ,50,48,100,0,400,10,1264
F10800#F651  ,53,37,91,0,400,10,1265
F10800#F240  ,55,40,97,0,400,10,1266
F10800#F1927 ,54,79,135,0,400,10,1267
F10800#F2023 ,52,69,123,0,400,10,1268
F10800#F5785 ,47,77,125,0,400,10,1269
F10800#F11042,52,36,89,0,400,10,1270
F10800#F12596,51,74,126,0,400,10,1271
F10800#F8198 ,51,74,125,0,400,10,1272
F10800#F4332 ,61,41,103,0,400,10,1273
F10800#F1124 ,52,75,129,0,400,10,1274
F10800#F1295 ,57,35,93,0,400,10,1275
F10800#F2873 ,50,76,127,0,400,10,1277
F10800#F1865 ,55,76,131,0,400,10,1278
F10800#F28553,63,80,145,0,400,10,1279
F10800#F2967 ,56,79,136,0,400,10,1280
F10800#F6884 ,51,73,126,0,400,10,1281
F10800#F4976 ,55,73,128,0,400,10,1282
F10800#F10680,53,73,126,0,400,10,1284
F10800#F9182 ,58,79,139,0,400,10,1285
F10800#F11511,58,63,122,0,400,10,1286
F10800#F10899,53,63,116,0,400,10,1287
F10800#F1171 ,60,70,131,0,400,10,1288
F10800#F8888 ,54,35,89,0,400,10,1290
F10800#F1654 ,58,35,93,0,400,10,1291
F10800#F1886 ,57,70,128,0,400,10,1292
F10800#F2689 ,54,73,129,0,400,10,1293
F10800#F400  ,63,40,104,0,400,10,1294
F10800#F12993,57,40,97,0,400,10,1295
F10800#F9114 ,58,40,98,0,400,10,1296
F10800#F11000,54,71,127,0,400,10,1297
F10800#F3753 ,45,38,85,0,400,10,1298
F10800#F4942 ,50,54,106,0,400,10,1299
F10800#F1899 ,50,40,90,0,400,10,1300
F10800#F2498 ,49,40,89,0,400,10,1301
F10800#F1675 ,55,68,124,0,400,10,1302
F10800#F7286 ,64,67,132,0,400,10,1303
F10800#F4946 ,51,67,119,0,400,10,1305
F10800#F0    ,48,35,85,0,400,10,1307
F10800#F7857 ,50,69,120,0,400,10,1308
F10800#F1805 ,48,69,117,0,400,10,1309
F10800#F5239 ,53,63,118,0,400,10,1311
F10800#F5999 ,50,80,131,0,400,10,1312
F10800#F10575,56,67,125,1,400,10,1313
F10800#F6146 ,57,39,97,0,400,10,1314
F10800#F1653 ,53,68,123,0,400,10,1318
F10800#F5199 ,51,39,91,0,400,10,1322
F10800#F2765 ,51,36,89,0,400,10,1327
F10800#F8190 ,53,72,126,0,400,10,1328
F10800#F160  ,52,58,112,0,400,10,1330
F10800#F8851 ,49,71,121,0,400,10,1332
F10800#F1425 ,63,33,98,0,400,10,1333
F10800#F21909,45,69,116,0,400,10,1335
F10800#F897  ,50,69,119,0,400,10,1336
F10800#F1445 ,49,77,126,0,400,10,1337
F10800#F1332 ,52,76,130,0,400,10,1338
F10800#F1058 ,55,70,126,0,400,10,1341
F10800#F7298 ,57,37,94,0,400,10,1342
F10800#F3004 ,56,36,93,0,400,10,1343
F10800#F6345 ,51,69,122,0,400,10,1344
F10800#F9441 ,58,69,127,0,400,10,1347
F10800#F12959,56,78,136,0,400,10,1348
F10800#F4675 ,51,68,119,0,400,10,1349
F10800#F662  ,53,72,126,0,400,10,1350
F10800#F1697 ,54,71,126,0,400,10,1351
F10800#F7721 ,50,38,89,0,400,10,1355
F10800#F2282 ,50,37,89,0,400,10,1356
F10800#F3381 ,50,79,129,0,400,10,1359
F10800#F556  ,52,79,131,0,400,10,1360
F10800#F2723 ,53,79,132,0,400,10,1361
F10800#F324  ,50,79,129,0,400,10,1362
F10800#F3978 ,50,79,129,0,400,10,1363
F10800#F1311 ,54,74,130,0,400,10,1364
F10800#F2678 ,61,45,108,0,400,10,1365
F10800#F1360 ,56,45,101,0,400,10,1367
F10800#F1596 ,53,80,134,0,400,10,1369
F10800#F3495 ,57,80,137,0,400,10,1370
F10800#F3997 ,60,78,139,0,400,10,1371
F10800#F1968 ,53,36,90,0,400,10,1373
F10800#F1347 ,49,77,127,0,400,10,1375
F10800#F3812 ,50,76,128,0,400,10,1376
F10800#F3415 ,50,76,126,0,400,10,1379
F10800#F3634 ,46,75,122,0,400,10,1380
F10800#F2715 ,56,44,100,0,400,10,1381
F10800#F79   ,56,74,130,0,400,10,1386
F10800#F6557 ,52,62,115,0,400,10,1388
F10800#F4701 ,52,36,88,1,400,10,1389
F10800#F372  ,52,36,88,0,400,10,1391
F10800#F2061 ,55,64,121,1,400,10,1397
F10800#F2632 ,52,64,116,0,400,10,1398
F10800#F11846,52,44,96,0,400,10,1400
F10800#F5291 ,67,68,137,0,400,10,1402
F10800#F237  ,59,41,101,0,400,10,1403
F10800#F8331 ,56,77,135,0,400,10,1408
F10800#F8259 ,54,77,131,0,400,10,1410
F10800#F2445 ,49,78,129,0,400,10,1414
F10800#F3534 ,52,49,103,0,400,10,1415
F10800#F12595,50,74,124,0,400,10,1417
F10800#F6072 ,50,68,119,0,400,10,1418
F10800#F4062 ,58,61,120,0,400,10,1419
F10800#F10230,53,65,120,0,400,10,1420
F10800#F4464 ,46,75,122,0,400,10,1423
F10800#F1807 ,54,75,129,0,400,10,1424
F10800#F4072 ,61,39,101,0,400,10,1428
F10800#F2886 ,53,78,133,0,400,10,1429
F10800#F10468,56,78,134,0,400,10,1431
F10800#F381  ,60,47,108,0,400,10,1434
F10800#F4978 ,56,35,93,0,400,10,1435
F10800#F2421 ,50,78,129,0,400,10,1438
F10800#F4091 ,45,35,81,0,400,10,1439
F10800#F3262 ,53,35,88,0,400,10,1442
F10800#F15014,49,35,84,0,400,10,1445
F10800#F3517 ,51,53,105,0,400,10,1449
F10800#F3826 ,51,53,104,0,400,10,1451
F10800#F1343 ,55,40,96,0,400,10,1452
F10800#F6712 ,51,72,124,0,400,10,1453
F10800#F1163 ,57,39,97,0,400,10,1454
F10800#F9396 ,56,39,95,0,400,10,1458
F10800#F3281 ,56,38,94,0,400,10,1460
F10800#F36   ,53,38,91,0,400,10,1463
F10800#F5596 ,53,38,91,0,400,10,1464
F10800#F2194 ,51,77,129,0,400,10,1466
F10800#F2758 ,54,64,119,0,400,10,1467
F10800#F5    ,50,79,130,0,400,10,1468
F10800#F9772 ,54,45,101,0,400,10,1469
F10800#F3278 ,59,69,129,0,400,10,1470
F10800#F6524 ,63,59,123,0,400,10,1471
F10800#F1579 ,53,59,112,0,400,10,1475
F10800#F2936 ,58,78,137,0,400,10,1476
F10800#F3235 ,48,70,120,0,400,10,1478
F10800#F9103 ,51,71,124,0,400,10,1480
F10800#F1519 ,51,71,122,0,400,10,1481
F10800#F5703 ,52,71,123,0,400,10,1482
F10800#F546  ,54,71,125,0,400,10,1483
F10800#F369  ,60,61,123,0,400,10,1488
F10800#F2211 ,58,46,105,0,400,10,1490
F10800#F2667 ,51,73,126,0,400,10,1491
F10800#F12344,59,64,125,0,400,10,1494
F10800#F1710 ,57,43,101,0,400,10,1498
F10800#F13857,56,43,99,0,400,10,1501
F10800#F3341 ,58,66,125,0,400,10,1502
F10800#F9230 ,57,35,93,0,400,10,1503
F10800#F7051 ,57,40,97,0,400,10,1506
F10800#F2671 ,51,71,124,0,400,10,1509
F10800#F41   ,49,71,120,0,400,10,1510
F10800#F13032,50,66,117,0,400,10,1511
F10800#F1225 ,53,67,121,0,400,10,1518
F10800#F2693 ,53,70,124,0,400,10,1520
F10800#F3351 ,52,75,128,0,400,10,1521
F10800#F2985 ,50,45,96,0,400,10,1523
F10800#F1711 ,50,45,95,0,400,10,1527
F10800#F2217 ,58,49,108,0,400,10,1528
F10800#F5266 ,58,49,107,0,400,10,1529
F10800#F8321 ,59,66,126,0,400,10,1531
F10800#F4087 ,53,66,119,0,400,10,1532
F10800#F2317 ,57,68,125,0,400,10,1533
F10800#F603  ,57,76,133,0,400,10,1535
F10800#F3089 ,56,76,132,0,400,10,1536
F10800#F7518 ,63,70,134,0,400,10,1538
F10800#F1790 ,57,80,138,0,400,10,1539
F10800#F3922 ,57,46,105,0,400,10,1541
F10800#F236  ,57,37,94,0,400,10,1542
F10800#F225  ,59,37,96,0,400,10,1546
F10800#F933  ,54,69,125,0,400,10,1552
F10800#F6818 ,68,65,134,0,400,10,1553
F10800#F4101 ,54,78,133,0,400,10,1557
F10800#F4116 ,54,64,118,0,400,10,1558
F10800#F249  ,60,64,124,0,400,10,1559
F10800#F3882 ,59,64,123,0,400,10,1560
F10800#F3538 ,59,64,123,0,400,10,1563
F10800#F492  ,59,73,132,0,400,10,1568
F10800#F4252 ,63,47,111,0,400,10,1569
F10800#F12938,61,68,130,0,400,10,1572
F10800#F3071 ,59,68,127,0,400,10,1580
F10800#F5257 ,55,80,136,0,400,10,1582
F10800#F1185 ,51,74,127,0,400,10,1585
F10800#F1481 ,50,78,129,0,400,10,1588
F10800#F2572 ,50,78,128,0,400,10,1590
F10800#F7489 ,46,80,128,0,400,10,1591
F10800#F323  ,51,71,122,0,400,10,1594
F10800#F3762 ,53,68,122,0,400,10,1596
F10800#F1212 ,52,69,122,0,400,10,1597
F10800#F4759 ,49,78,127,0,400,10,1601
F10800#F1792 ,54,65,120,0,400,10,1603
F10800#F708  ,54,73,127,0,400,10,1610
F10800#F5056 ,57,40,97,0,400,10,1611
F10800#F1716 ,54,69,124,0,400,10,1616
F10800#F1186 ,51,69,120,0,400,10,1627
F10800#F2841 ,53,75,129,0,400,10,1628
F10800#F229  ,54,48,103,0,400,10,1629
F10800#F6998 ,55,68,125,0,400,10,1636
F10800#F6416 ,53,68,122,0,400,10,1637
F10800#F1929 ,52,70,123,0,400,10,1639
F10800#F576  ,51,70,123,0,400,10,1642
F10800#F404  ,59,76,136,0,400,10,1643
F10800#F12954,51,77,129,0,400,10,1647
F10800#F3998 ,53,74,128,0,400,10,1654
F10800#F1868 ,57,63,122,0,400,10,1655
F10800#F8292 ,52,69,123,0,400,10,1656
F10800#F1544 ,52,69,121,0,400,10,1657
F10800#F5629 ,53,74,129,1,400,10,1659
F10800#F2787 ,61,42,105,0,400,10,1660
F10800#F1242 ,49,80,130,0,400,10,1663
F10800#F5727 ,50,73,124,0,400,10,1664
F10800#F3046 ,59,38,98,0,400,10,1669
F10800#F513  ,54,38,94,0,400,10,1673
F10800#F1038 ,48,38,86,0,400,10,1675
F10800#F6361 ,51,75,127,0,400,10,1682
F10800#F12191,45,75,120,0,400,10,1684
F10800#F2235 ,48,72,121,0,400,10,1685
F10800#F156  ,54,78,133,0,400,10,1686
F10800#F440  ,56,67,124,0,400,10,1688
F10800#F3444 ,53,73,127,0,400,10,1692
F10800#F2199 ,54,73,128,0,400,10,1693
F10800#F3979 ,52,38,91,0,400,10,1700
F10800#F377  ,57,61,120,0,400,10,1702
F10800#F1590 ,56,36,94,0,400,10,1708
F10800#F596  ,50,36,86,0,400,10,1709
F10800#F1785 ,53,69,124,0,400,10,1710
F10800#F4228 ,51,71,123,0,400,10,1712
F10800#F11267,63,39,103,0,400,10,1713
F10800#F5026 ,54,77,133,0,400,10,1714
F10800#F4230 ,54,37,93,0,400,10,1715
F10800#F3894 ,47,77,126,0,400,10,1716
F10800#F452  ,52,72,125,0,400,10,1719
F10800#F10709,54,66,121,0,400,10,1720
F10800#F7484 ,60,38,99,0,400,10,1721
F10800#F1857 ,58,65,125,0,400,10,1722
F10800#F5873 ,60,74,135,0,400,10,1723
F10800#F351  ,50,71,121,0,400,10,1726
F10800#F1969 ,51,76,129,0,400,10,1727
F10800#F1288 ,54,68,123,0,400,10,1734
F10800#F410  ,57,76,134,0,400,10,1736
F10800#F4318 ,53,36,91,0,400,10,1741
F10800#F1437 ,58,36,94,0,400,10,1744
F10800#F2960 ,58,69,127,0,400,10,1748
F10800#F4980 ,48,69,117,0,400,10,1750
F10800#F2859 ,56,69,125,0,400,10,1752
F10800#F6740 ,59,62,122,0,400,10,1753
F10800#F75   ,60,73,135,0,400,10,1758
F10800#F4021 ,57,73,131,0,400,10,1760
F10800#F8183 ,57,79,136,0,400,10,1763
F10800#F3114 ,54,79,133,0,400,10,1769
F10800#F10795,53,79,132,0,400,10,1773
F10800#F3632 ,53,36,89,0,400,10,1778
F10800#F2029 ,51,36,87,0,400,10,1780
F10800#F3490 ,46,76,123,1,400,10,1784
F10800#F1213 ,46,78,124,0,400,10,1785
F10800#F256  ,52,68,122,0,400,10,1786
F10800#F1680 ,52,68,120,0,400,10,1787
F10800#F4094 ,54,77,132,0,400,10,1801
F10800#F4164 ,51,77,128,0,400,10,1809
F10800#F3770 ,47,61,110,0,400,10,1811
F10800#F2288 ,49,69,119,0,400,10,1820
F10800#F5251 ,55,69,126,0,400,10,1830
F10800#F12372,55,79,134,0,400,10,1841
F10800#F1482 ,51,71,123,0,400,10,1844
F10800#F5507 ,51,73,126,0,400,10,1847
F10800#F11959,62,61,125,0,400,10,1848
F10800#F298  ,49,65,116,0,400,10,1849
F10800#F3661 ,47,65,112,0,400,10,1851
F10800#F677  ,52,65,117,0,400,10,1852
F10800#F2369 ,52,79,131,0,400,10,1854
F10800#F3724 ,56,76,133,0,400,10,1855
F10800#F2071 ,55,42,98,0,400,10,1857
F10800#F7483 ,55,78,133,0,400,10,1872
F10800#F28   ,55,78,133,0,400,10,1878
F10800#F5591 ,53,75,129,0,400,10,1890
F10800#F1376 ,52,72,125,0,400,10,1900
F10800#F6992 ,59,72,131,0,400,10,1913
F10800#F4788 ,54,65,121,0,400,10,1919
F10800#F1417 ,57,78,137,0,400,10,1920
F10800#F470  ,58,74,134,0,400,10,1925
F10800#F159  ,57,45,104,0,400,10,1939
F10800#F2212 ,51,38,90,0,400,10,1943
F10800#F1823 ,54,70,124,0,400,10,1946
F10800#F2958 ,57,70,127,0,400,10,1947
F10800#F4748 ,58,70,128,0,400,10,1951
F10800#F2366 ,52,73,126,0,400,10,1959
F10800#F7256 ,63,42,108,0,400,10,1967
F10800#F550  ,53,42,95,0,400,10,1970
F10800#F6213 ,55,42,97,0,400,10,1988
F10800#F367  ,57,74,132,0,400,10,1989
F10800#F2263 ,54,68,124,0,400,10,1992
F10800#F450  ,55,79,135,0,400,10,1998
F10800#F358  ,60,75,136,0,400,10,2005
F10800#F2557 ,51,37,90,0,400,10,2016
F10800#F864  ,55,37,92,0,400,10,2018
F10800#F12791,47,34,83,0,400,10,2019
F10800#F1132 ,63,64,127,0,400,10,2021
F10800#F9239 ,64,64,128,0,400,10,2027
F10800#F431  ,55,70,126,1,400,10,2031
F10800#F1937 ,55,39,94,0,400,10,2033
F10800#F4824 ,55,43,98,0,400,10,2048
F10800#F2051 ,55,43,98,0,400,10,2050
F10800#F7554 ,70,43,113,0,400,10,2059
F10800#F1291 ,58,60,120,0,400,10,2062
F10800#F955  ,50,40,92,0,400,10,2072
F10800#F2636 ,52,74,127,0,400,10,2083
F10800#F2581 ,62,76,138,0,400,10,2090
F10800#F4065 ,59,79,140,0,400,10,2097
F10800#F3562 ,50,73,125,0,400,10,2098
F10800#F637  ,60,73,133,0,400,10,2101
F10800#F7291 ,52,45,98,0,400,10,2105
F10800#F1667 ,56,80,137,0,400,10,2109
F10800#F121  ,56,78,134,0,400,10,2112
F10800#F2027 ,56,67,123,0,400,10,2114
F10800#F5901 ,56,70,126,0,400,10,2115
F10800#F7245 ,59,43,104,0,400,10,2118
F10800#F6182 ,61,43,104,0,400,10,2140
F10800#F3070 ,66,77,144,0,400,10,2141
F10800#F4807 ,60,77,137,0,400,10,2159
F10800#F46   ,57,36,95,0,400,10,2160
F10800#F1165 ,51,71,123,0,400,10,2168
F10800#F224  ,57,69,127,0,400,10,2175
F10800#F1500 ,49,69,118,0,400,10,2183
F10800#F2502 ,58,67,127,0,400,10,2189
F10800#F5210 ,54,76,131,0,400,10,2193
F10800#F842  ,56,79,137,0,400,10,2206
F10800#F779  ,57,79,136,0,400,10,2221
F10800#F5941 ,67,68,136,0,400,10,2223
F10800#F2774 ,59,68,127,0,400,10,2225
F10800#F5558 ,52,68,120,0,400,10,2226
F10800#F2268 ,48,77,127,0,400,10,2228
F10800#F6644 ,53,65,119,0,400,10,2243
F10800#F2138 ,47,36,84,0,400,10,2244
F10800#F299  ,51,36,87,0,400,10,2250
F10800#F2730 ,47,67,116,0,400,10,2255
F10800#F3509 ,53,67,120,0,400,10,2271
F10800#F5391 ,55,67,122,0,400,10,2276
F10800#F764  ,55,35,92,0,400,10,2277
F10800#F6790 ,51,35,86,0,400,10,2284
F10800#F3209 ,54,37,92,0,400,10,2287
F10800#F4800 ,52,71,124,0,400,10,2292
F10800#F3935 ,49,76,125,0,400,10,2306
F10800#F11796,53,76,129,0,400,10,2313
F10800#F2185 ,53,70,125,0,400,10,2316
F10800#F20   ,54,70,124,0,400,10,2320
F10800#F5964 ,55,72,128,0,400,10,2321
F10800#F4069 ,62,60,124,0,400,10,2324
F10800#F666  ,62,60,122,0,400,10,2329
F10800#F1173 ,52,73,126,0,400,10,2336
F10800#F1959 ,63,39,104,0,400,10,2377
F10800#F5824 ,60,45,107,0,400,10,2381
F10800#F9436 ,57,39,97,0,400,10,2393
F10800#F389  ,54,42,96,0,400,10,2399
F10800#F80   ,56,73,130,0,400,10,2402
F10800#F4024 ,50,80,131,0,400,10,2433
F10800#F1559 ,60,71,133,0,400,10,2447
F10800#F3582 ,56,72,129,0,400,10,2449
F10800#F1745 ,51,73,125,0,400,10,2456
F10800#F4262 ,51,46,97,0,400,10,2467
F10800#F326  ,52,46,98,0,400,10,2469
F10800#F115  ,53,41,96,0,400,10,2484
F10800#F2495 ,55,77,133,0,400,10,2485
F10800#F1270 ,51,76,129,0,400,10,2495
F10800#F1274 ,51,63,114,0,400,10,2499
F10800#F6570 ,50,63,113,0,400,10,2505
F10800#F468  ,68,46,115,0,400,10,2518
F10800#F2505 ,57,50,108,0,400,10,2519
F10800#F525  ,53,73,128,0,400,10,2526
F10800#F2983 ,60,68,130,0,400,10,2527
F10800#F5039 ,59,76,137,0,400,10,2572
F10800#F4208 ,50,76,127,0,400,10,2588
F10800#F2474 ,54,76,132,0,400,10,2605
F10800#F1442 ,55,65,121,0,400,10,2606
F10800#F2651 ,53,79,133,0,400,10,2613
F10800#F423  ,51,41,94,0,400,10,2614
F10800#F1518 ,48,41,89,0,400,10,2632
F10800#F220  ,60,41,101,0,400,10,2648
F10800#F1779 ,55,76,132,0,400,10,2699
F10800#F1328 ,55,75,130,0,400,10,2707
F10800#F6838 ,55,73,129,0,400,10,2724
F10800#F593  ,55,69,124,0,400,10,2730
F10800#F6573 ,55,61,117,0,400,10,2734
F10800#F2840 ,56,71,128,0,400,10,2753
F10800#F2538 ,56,78,134,0,400,10,2758
F10800#F4346 ,54,40,95,0,400,10,2798
F10800#F4090 ,49,80,130,0,400,10,2828
F10800#F35   ,59,80,139,0,400,10,2853
F10800#F5780 ,63,72,137,0,400,10,2874
F10800#F2590 ,50,77,129,1,400,10,2876
F10800#F268  ,57,37,95,0,400,10,2927
F10800#F2112 ,55,70,126,0,400,10,2964
F10800#F85   ,54,70,125,0,400,10,2967
F10800#F1172 ,51,78,131,0,400,10,2975
F10800#F1392 ,57,70,128,0,400,10,2987
F10800#F219  ,58,40,99,0,400,10,2992
F10800#F608  ,55,69,125,0,400,10,3055
F10800#F3223 ,54,72,127,0,400,10,3061
F10800#F2934 ,49,57,108,0,400,10,3070
F10800#F1453 ,57,73,132,0,400,10,3110
F10800#F736  ,59,73,133,0,400,10,3162
F10800#F193  ,55,66,122,0,400,10,3174
F10800#F621  ,59,64,125,0,400,10,3175
F10800#F290  ,52,43,95,0,400,10,3191
F10800#F3944 ,54,67,123,0,400,10,3211
F10800#F260  ,54,76,131,0,400,10,3251
F10800#F391  ,54,70,124,0,400,10,3294
F10800#F6425 ,56,77,134,0,400,10,3315
F10800#F3340 ,55,74,130,1,400,10,3331
F10800#F6530 ,58,70,129,1,400,10,3359
F10800#F1030 ,58,78,136,0,400,10,3375
F10800#F2248 ,58,75,133,0,400,10,3396
F10800#F4053 ,52,66,124,0,400,10,3404
F10800#F2824 ,59,42,103,1,400,10,3414
F10800#F412  ,60,77,138,0,400,10,3426
F10800#F1250 ,50,44,95,0,400,10,3556
F10800#F994  ,55,79,135,0,400,10,3608
F10800#F1789 ,59,69,129,0,400,10,3635
F10800#F4180 ,65,36,102,0,400,10,3640
F10800#F5658 ,50,36,86,1,400,10,3683
F10800#F264  ,54,36,90,0,400,10,3701
F10800#F4142 ,59,53,113,0,400,10,3711
F10800#F1699 ,58,37,97,0,400,10,3815
F10800#F103  ,51,74,126,0,400,10,3879
F10800#F4917 ,52,40,94,0,400,10,3880
F10800#F2054 ,56,47,104,0,400,10,3883
F10800#F2430 ,53,47,100,1,400,10,3898
F10800#F2953 ,52,72,126,0,400,10,3935
F10800#F6519 ,54,65,121,0,400,10,4023
F10800#F776  ,59,67,127,1,400,10,4169
F10800#F1671 ,56,41,99,0,400,10,4231
F10800#F1227 ,63,74,139,0,400,10,4421
F10800#F2631 ,56,74,130,0,400,10,4427
F10800#F1313 ,62,74,136,0,400,10,4489
F10800#F1235 ,61,66,128,0,400,10,4563
F10800#F3699 ,55,66,121,0,400,10,4728
F10800#F6996 ,50,73,124,0,400,10,5274
F10800#F133  ,62,73,135,1,400,10,5726
F10800#F78   ,54,67,123,0,400,10,6135
F10800#F1107 ,58,69,128,0,400,10,6969
F10800#F177  ,65,80,147,0,400,10,9411
F10800#F1695 ,65,40,105,0,400,10,9518
F10800#F845  ,65,40,105,0,400,10,10268
F10800#F774  ,65,75,141,0,400,10,15868
F10800#F1438 ,55,76,132,0,400,10,16644
