id,volume,addTime
0,18019,45609
1,42647,74365
2,25370,53805
3,24053,59228
4,18151,54671
5,22543,52152
6,18657,65445
7,6620,46305
8,35164,71861
9,45984,79350
10,12877,45107
11,36045,69025
12,42909,79287
13,18212,60831
14,18359,56579
15,28110,69572
16,6513,41764
17,2942,48943
18,11808,46785
19,39209,77782
20,7726,39463
21,3542,49313
22,38713,69828
23,6431,51659
24,6146,40304
25,382,52589
26,4247,47188
27,15663,63645
28,4390,44863
29,43040,89106
30,5135,38400
31,27735,49937
32,8450,52173
33,29101,52409
34,4444,45509
35,14776,50560
36,9969,42922
37,582,38474
38,27080,68044
39,13565,44127
40,8242,45024
41,13999,60764
42,29375,63959
43,8452,48032
44,7076,48518
45,5171,39113
46,11350,46082
47,5772,52907
48,15158,45077
49,10681,58849
50,82,40667
51,882,36692
52,2412,44559
53,4286,64684
54,8109,56517
55,934,44883
56,15645,71774
57,12891,51059
58,3832,43197
59,8724,48888
60,17344,61015
61,16398,60695
62,1814,61933
63,24558,64999
64,2440,34885
65,10545,41854
66,7257,40471
67,1220,40547
68,71,56783
69,4670,40863
70,22026,49956
71,7315,38372
72,2481,36992
73,2206,50687
74,1701,44623
75,9524,46178
76,2363,38391
77,12215,44011
78,11477,43367
79,7761,58453
80,3388,48825
81,1227,36506
82,11270,42041
83,13483,44373
84,15843,46071
85,5106,64122
86,4661,42224
87,6653,39959
88,4206,38293
89,12658,42580
90,5871,42581
91,1642,61365
92,20281,52715
93,7611,41724
94,4581,39219
95,8103,40050
96,1200,35639
97,3913,69659
98,3067,47007
99,1503,38354
