keyword,clientTime,serverTime,totalTime,resultLength,w1,w2
F6542#F8109,82,1095704,1095791,0,1,9738
F8396#F8109,41,1059790,1059833,1,2,9738
F8975#F8109,58,974698,974760,2,3,9738
F5981#F8109,84,977597,977684,4,4,9738
F7550#F8109,102,991112,991218,4,5,9738
F1014#F8109,103,967438,967545,2,6,9738
F6976#F8109,119,994910,995032,4,7,9738
F8581#F8109,148,1396682,1396834,3,8,9738
F4784#F8109,264,1105097,1105364,4,9,9738
F285#F8109,161,1031885,1032048,3,10,9738
F9078#F8109,179,983160,983342,7,11,9738
F931#F8109,198,1000349,1000549,6,12,9738
F9327#F8109,212,1015232,1015446,6,13,9738
F9803#F8109,228,1009400,1009632,4,14,9738
F8361#F8109,256,1004423,1004683,5,15,9738
F6479#F8109,261,1398373,1398636,11,16,9738
F9786#F8109,282,1072621,1072907,6,17,9738
F1812#F8109,313,1038664,1038979,7,18,9738
F1453#F8109,299,981801,982102,7,19,9738
F5044#F8109,321,984290,984613,6,20,9738
F7699#F8109,340,995299,995643,6,21,9738
F4127#F8109,371,1002769,1003143,7,22,9738
F4989#F8109,387,1001314,1001705,5,23,9738
F2777#F8109,390,1362998,1363390,8,24,9738
F35#F8109,407,1075319,1075728,6,25,9738
F5631#F8109,434,1036647,1037084,10,26,9738
F6021#F8109,451,1037847,1038301,11,27,9738
F5385#F8109,682,979382,980068,14,28,9738
F215#F8109,470,1016586,1017060,13,29,9738
F5570#F8109,502,1025531,1026037,13,30,9738
F6094#F8109,775,1015476,1016255,13,31,9738
F3769#F8109,529,1340808,1341340,11,32,9738
F5287#F8109,526,1045609,1046138,6,33,9738
F5424#F8109,546,1042179,1042728,13,34,9738
F3964#F8109,565,1056647,1057214,15,35,9738
F1813#F8109,562,983396,983961,15,36,9738
F7267#F8109,582,998836,999421,12,37,9738
F5517#F8109,620,1012111,1012734,15,38,9738
F9774#F8109,629,973493,974124,9,39,9738
F8700#F8109,643,1397434,1398079,15,40,9738
F3987#F8109,676,1030021,1030699,17,41,9738
F9914#F8109,1074,1037810,1038888,14,42,9738
F9286#F8109,702,1044204,1044909,23,43,9738
F5382#F8109,702,978241,978946,18,44,9738
F6186#F8109,723,956617,957344,18,45,9738
F5597#F8109,1120,964616,965740,17,46,9738
F3875#F8109,779,1116779,1117561,20,47,9738
F5577#F8109,1216,1237376,1238596,13,48,9738
F3105#F8109,774,1010116,1010893,22,49,9738
F6035#F8109,788,1056627,1057418,19,50,9738
F2790#F8109,850,1029414,1030267,16,51,9738
F5436#F8109,848,1043592,1044442,21,52,9738
F3901#F8109,837,990441,991281,15,53,9738
F2506#F8109,859,1003561,1004423,14,54,9738
F3919#F8109,1253,1313589,1314845,21,55,9738
F8132#F8109,3918,1094740,1098663,21,56,9738
F9882#F8109,900,1020257,1021160,19,57,9738
F748#F8109,924,1033201,1034130,14,58,9738
F7607#F8109,1025,1043123,1044151,16,59,9738
F1268#F8109,944,1047254,1048201,20,60,9738
F1717#F8109,974,993960,994938,17,61,9738
F6082#F8109,986,1001676,1002664,28,62,9738
F2782#F8109,1009,1363569,1364581,16,63,9738
F780#F8109,1032,1018697,1019732,19,64,9738
F3905#F8109,1094,998699,999796,26,65,9738
F1880#F8109,1023,997120,998146,19,66,9738
F7721#F8109,1052,1018223,1019279,20,67,9738
F6747#F8109,1062,1043772,1044837,23,68,9738
F1761#F8109,1095,974501,975599,24,69,9738
F3795#F8109,1092,979563,980658,21,70,9738
F3911#F8109,1116,1313730,1314848,16,71,9738
F1165#F8109,1178,1007166,1008346,23,72,9738
F460#F8109,1162,1020439,1021603,27,73,9738
F1760#F8109,1187,1025074,1026264,25,74,9738
F2687#F8109,1157,1042492,1043652,23,75,9738
F3566#F8109,1207,1058307,1059516,25,76,9738
F8692#F8109,1232,1010025,1011260,21,77,9738
F2393#F8109,1284,1045338,1046626,29,78,9738
F1877#F8109,2079,1305997,1308081,28,79,9738
F6179#F8109,1270,1013514,1014787,28,80,9738
F3893#F8109,1288,1013603,1014893,27,81,9738
F6377#F8109,1261,982942,984206,18,82,9738
F4550#F8109,1293,1032714,1034010,24,83,9738
F3853#F8109,1286,1001472,1002761,29,84,9738
F7737#F8109,1286,1009674,1010963,29,85,9738
F4864#F8109,1387,1215541,1216931,27,86,9738
F6884#F8109,5236,1114430,1119669,29,87,9738
F9242#F8109,1437,1007999,1009439,33,88,9738
F3988#F8109,1444,1017246,1018693,33,89,9738
F1554#F8109,1424,1013525,1014953,29,90,9738
F3147#F8109,1502,1050461,1051966,27,91,9738
F5025#F8109,1451,1032968,1034422,26,92,9738
F8445#F8109,1445,1052187,1053635,19,93,9738
F5058#F8109,1533,1297076,1298614,37,94,9738
F3282#F8109,1559,1026779,1028341,30,95,9738
F3207#F8109,1529,1016251,1017783,35,96,9738
F1222#F8109,1543,1009942,1011488,33,97,9738
F7001#F8109,1546,1011225,1012773,32,98,9738
F5141#F8109,1565,1028091,1029658,21,99,9738
F2367#F8109,1627,1043554,1045183,29,100,9738
F1417#F8109,1613,1046970,1048586,31,101,9738
F1143#F8109,1672,1305699,1307373,26,102,9738
F2472#F8109,1668,1016428,1018099,33,103,9738
F2721#F8109,1718,1000940,1002661,33,104,9738
F7660#F8109,1722,1034257,1035983,40,105,9738
F5807#F8109,1709,1013311,1015022,44,106,9738
F1181#F8109,1762,1030385,1032150,34,107,9738
F4828#F8109,1700,1044223,1045926,26,108,9738
F4793#F8109,1786,1262451,1264240,38,109,9738
F1558#F8109,2887,1145280,1148174,29,110,9738
F9771#F8109,1799,1022311,1024113,28,111,9738
F463#F8109,1820,1015168,1016990,44,112,9738
F8942#F8109,1815,1037840,1039658,34,113,9738
F3448#F8109,1865,1046278,1048146,47,114,9738
F2465#F8109,1856,1045219,1047078,29,115,9738
F3403#F8109,1895,1057037,1058934,46,116,9738
F6049#F8109,1859,1368190,1370051,37,117,9738
F7354#F8109,1897,1022738,1024638,53,118,9738
F1129#F8109,1868,994892,996763,40,119,9738
F1177#F8109,1888,995616,997506,34,120,9738
F2339#F8109,1957,1010942,1012902,41,121,9738
F1373#F8109,1942,1009510,1011455,40,122,9738
F1618#F8109,2027,1042833,1044863,44,123,9738
F2329#F8109,3042,1274313,1277359,35,124,9738
F1089#F8109,3163,1182121,1185289,33,125,9738
F1749#F8109,2036,1022021,1024059,33,126,9738
F638#F8109,1985,993770,995757,41,127,9738
F1582#F8109,2203,995957,998164,42,128,9738
F2212#F8109,2070,1025096,1027169,43,129,9738
F529#F8109,2071,1010826,1012901,31,130,9738
F3949#F8109,2043,1019062,1021108,52,131,9738
F4626#F8109,2094,1379132,1381229,62,132,9738
F2543#F8109,2234,1053105,1055341,56,133,9738
F2348#F8109,2124,1005201,1007328,40,134,9738
F3970#F8109,2087,995274,997364,50,135,9738
F2384#F8109,2223,1002704,1004930,35,136,9738
F9796#F8109,2201,1017715,1019919,52,137,9738
F4372#F8109,2198,1023234,1025434,39,138,9738
F1191#F8109,2275,1049728,1052007,45,139,9738
F3323#F8109,3463,1397067,1400533,55,140,9738
F2005#F8109,2215,1024025,1026242,42,141,9738
F1626#F8109,2236,1008477,1010716,40,142,9738
F2459#F8109,2205,979895,982103,36,143,9738
F1599#F8109,2201,979692,981896,50,144,9738
F1182#F8109,2263,987873,990138,52,145,9738
F1231#F8109,2290,1003967,1006260,45,146,9738
F2274#F8109,2370,1346888,1349262,49,147,9738
F5701#F8109,3833,1102042,1105879,50,148,9738
F2908#F8109,2394,1039553,1041950,44,149,9738
F1673#F8109,2465,1039496,1041964,46,150,9738
F9342#F8109,2370,990542,992915,48,151,9738
F512#F8109,2432,1003731,1006165,43,152,9738
F5535#F8109,2490,1021777,1024271,46,153,9738
F5691#F8109,2487,1028726,1031216,43,154,9738
F3924#F8109,2555,1379101,1381659,47,155,9738
F5831#F8109,2533,1026381,1028918,52,156,9738
F1198#F8109,2478,1019283,1021763,51,157,9738
F9536#F8109,2434,1025145,1027581,55,158,9738
F3336#F8109,2489,974065,976558,35,159,9738
F1946#F8109,2528,987363,989894,52,160,9738
F1411#F8109,2488,980899,983390,48,161,9738
F7497#F8109,2534,982220,984757,53,162,9738
F5987#F8109,2544,1440220,1442767,51,163,9738
F1147#F8109,2747,1068275,1071025,57,164,9738
F7704#F8109,3369,1021165,1024537,67,165,9738
F9280#F8109,2601,1006344,1008948,51,166,9738
F1756#F8109,2595,965667,968265,56,167,9738
F4411#F8109,2594,982315,984911,45,168,9738
F6029#F8109,2705,1009595,1012303,57,169,9738
F7824#F8109,2666,1330205,1332874,69,170,9738
F63#F8109,2779,1038498,1041279,50,171,9738
F2733#F8109,2794,1045817,1048614,66,172,9738
F2378#F8109,2831,1013985,1016819,52,173,9738
F428#F8109,2690,1010171,1012863,54,174,9738
F6660#F8109,2749,1007610,1010361,57,175,9738
F7439#F8109,2855,1013430,1016287,79,176,9738
F8715#F8109,2831,1028799,1031633,76,177,9738
F3714#F8109,2865,1294689,1297557,67,178,9738
F2833#F8109,2890,1036159,1039052,52,179,9738
F5747#F8109,2903,1031499,1034405,49,180,9738
F2914#F8109,2933,1033261,1036196,59,181,9738
F4159#F8109,2841,1056946,1059790,69,182,9738
F7590#F8109,3014,990040,993058,55,183,9738
F2879#F8109,4132,996070,1000205,59,184,9738
F1183#F8109,2993,1020297,1023294,66,185,9738
F478#F8109,3974,1328160,1332138,56,186,9738
F2366#F8109,3021,1016444,1019467,45,187,9738
F8562#F8109,2994,1003566,1006562,67,188,9738
F7117#F8109,2997,1024257,1027257,55,189,9738
F1777#F8109,2992,1009995,1012991,67,190,9738
F5766#F8109,3010,1004480,1007492,79,191,9738
F1346#F8109,2963,981142,984107,56,192,9738
F2021#F8109,3076,1132224,1135304,65,193,9738
F3589#F8109,8755,1258539,1267299,60,194,9738
F7184#F8109,3201,1041058,1044262,58,195,9738
F8748#F8109,3074,1028563,1031641,51,196,9738
F1899#F8109,3193,1036778,1039974,61,197,9738
F5214#F8109,3132,1057887,1061022,58,198,9738
F5742#F8109,3092,1074407,1077502,60,199,9738
F7202#F8109,3248,1009525,1012777,47,200,9738
F8073#F8109,3357,1356480,1359841,48,201,9738
F3916#F8109,5297,1067400,1072702,53,202,9738
F3668#F8109,3354,999373,1002731,64,203,9738
F1062#F8109,3253,989802,993058,70,204,9738
F2756#F8109,3165,1007131,1010299,54,205,9738
F8641#F8109,3202,1011017,1014222,64,206,9738
F2444#F8109,3248,1037912,1041163,65,207,9738
F4597#F8109,3272,999737,1003011,57,208,9738
F6679#F8109,3322,1336207,1339532,72,209,9738
F4759#F8109,3334,1034729,1038066,51,210,9738
F484#F8109,3416,1007504,1010923,78,211,9738
F8675#F8109,3321,1024655,1027979,65,212,9738
F9248#F8109,3337,1038881,1042220,77,213,9738
F1253#F8109,3483,1042735,1046221,59,214,9738
F2695#F8109,3419,1045862,1049285,59,215,9738
F7698#F8109,3519,1131275,1134797,70,216,9738
F8912#F8109,5606,1216699,1222312,64,217,9738
F3931#F8109,3420,1020335,1023757,50,218,9738
F1314#F8109,3462,982515,985980,63,219,9738
F9918#F8109,3396,1003283,1006681,76,220,9738
F325#F8109,3420,1013245,1016668,56,221,9738
F6375#F8109,3440,1048266,1051710,61,222,9738
F6123#F8109,3616,1030888,1034507,56,223,9738
F1446#F8109,3827,1356773,1360604,73,224,9738
F6904#F8109,3753,1020599,1024355,55,225,9738
F1990#F8109,3640,1005038,1008682,67,226,9738
F4757#F8109,3581,994557,998140,75,227,9738
F4730#F8109,3642,1024206,1027851,64,228,9738
F204#F8109,3774,1070320,1074097,61,229,9738
F6054#F8109,3697,1059252,1062952,64,230,9738
F1684#F8109,4332,1032951,1037286,71,231,9738
F7419#F8109,3732,1313711,1317447,73,232,9738
F1735#F8109,3783,1030223,1034009,76,233,9738
F1614#F8109,3805,999269,1003077,77,234,9738
F5066#F8109,3805,1025952,1029761,64,235,9738
F6752#F8109,4020,998132,1002155,65,236,9738
F1549#F8109,3745,1033597,1037345,71,237,9738
F5727#F8109,3811,1051421,1055234,68,238,9738
F8592#F8109,3995,1110188,1114185,73,239,9738
F2714#F8109,6686,1245178,1251868,107,240,9738
F4#F8109,3855,997563,1001421,77,241,9738
F5321#F8109,3877,1011415,1015294,99,242,9738
F9357#F8109,3909,1017307,1021219,68,243,9738
F2489#F8109,3847,1019000,1022850,79,244,9738
F7155#F8109,3895,1039548,1043446,66,245,9738
F4227#F8109,4063,1065378,1069444,75,246,9738
F9516#F8109,4050,1330538,1334591,75,247,9738
F2318#F8109,6629,1099378,1106012,71,248,9738
F3564#F8109,3927,990273,994203,90,249,9738
F1615#F8109,3997,980549,984549,94,250,9738
F497#F8109,4622,1013601,1018227,79,251,9738
F1862#F8109,4215,991509,995729,76,252,9738
F2409#F8109,6113,1011449,1017567,68,253,9738
F9332#F8109,4016,1046287,1050307,75,254,9738
F2891#F8109,4141,1352216,1356360,95,255,9738
F2585#F8109,4333,1060906,1065241,70,256,9738
F4563#F8109,4077,987942,992022,60,257,9738
F8199#F8109,4175,1003839,1008018,87,258,9738
F9519#F8109,4131,1018847,1022981,59,259,9738
F2420#F8109,4181,1011466,1015650,76,260,9738
F5071#F8109,4240,1029951,1034194,65,261,9738
F1927#F8109,4239,1040432,1044674,68,262,9738
F3066#F8109,4269,1424900,1429173,73,263,9738
F1009#F8109,4284,1035027,1039313,55,264,9738
F4312#F8109,4494,991145,995641,60,265,9738
F6569#F8109,4131,1013729,1017864,77,266,9738
F3858#F8109,4242,1015518,1019762,72,267,9738
F3707#F8109,4237,1005137,1009376,114,268,9738
F2011#F8109,4199,1024877,1029079,85,269,9738
F2015#F8109,4328,1404642,1408974,79,270,9738
F4549#F8109,4388,1078237,1082628,110,271,9738
F620#F8109,4277,1041169,1045449,70,272,9738
F4552#F8109,4768,1013698,1018470,79,273,9738
F5556#F8109,4394,1035107,1039504,69,274,9738
F8817#F8109,4349,1047240,1051592,69,275,9738
F9123#F8109,4402,1004008,1008412,102,276,9738
F1400#F8109,4403,1017818,1022224,89,277,9738
F4750#F8109,4456,1393905,1398363,85,278,9738
F5920#F8109,4491,1053403,1057896,102,279,9738
F2949#F8109,4494,1045046,1049542,67,280,9738
F2901#F8109,4436,1001672,1006111,60,281,9738
F4194#F8109,4566,1004108,1008677,70,282,9738
F5165#F8109,4596,1022951,1027550,75,283,9738
F4672#F8109,4549,1003051,1007601,91,284,9738
F6727#F8109,4702,1159898,1164605,90,285,9738
F8952#F8109,7549,1274545,1282099,81,286,9738
F1116#F8109,4700,1053391,1058094,76,287,9738
F5590#F8109,4590,1056889,1061483,77,288,9738
F1671#F8109,4729,1002547,1007279,81,289,9738
F2004#F8109,4609,1000863,1005474,86,290,9738
F6293#F8109,4766,1017760,1022529,94,291,9738
F4313#F8109,4686,1010929,1015632,100,292,9738
F5837#F8109,5054,1378808,1383867,88,293,9738
F9317#F8109,7407,1058696,1066109,80,294,9738
F2357#F8109,5672,1059558,1065233,91,295,9738
F2829#F8109,4762,1015988,1020753,70,296,9738
F3588#F8109,4773,1014288,1019064,67,297,9738
F9644#F8109,5047,1004524,1009574,100,298,9738
F9989#F8109,4717,997874,1002594,103,299,9738
F5083#F8109,4816,1008782,1013601,85,300,9738
F3749#F8109,4807,1357982,1362791,82,301,9738
F3655#F8109,5030,1015166,1020200,88,302,9738
F2070#F8109,4842,1040381,1045225,89,303,9738
F1894#F8109,4777,1031680,1036460,94,304,9738
F4894#F8109,4822,1028606,1033431,93,305,9738
F7341#F8109,4901,990223,995127,79,306,9738
F1797#F8109,4802,994782,999587,94,307,9738
F4826#F8109,4890,996891,1001784,93,308,9738
F4418#F8109,4890,1327006,1331899,78,309,9738
F78#F8109,5777,1049853,1055634,87,310,9738
F6496#F8109,5381,1023959,1029343,88,311,9738
F2114#F8109,5211,1040963,1046177,81,312,9738
F1404#F8109,4915,1048753,1053671,101,313,9738
F6523#F8109,5064,1015583,1020650,101,314,9738
F2655#F8109,5007,1016634,1021643,110,315,9738
F2998#F8109,5039,1102496,1107539,85,316,9738
F3513#F8109,8444,1263285,1271734,85,317,9738
F5403#F8109,5067,1042570,1047640,80,318,9738
F5595#F8109,5345,1068487,1073835,92,319,9738
F373#F8109,5268,1030565,1035837,99,320,9738
F1337#F8109,5109,1029050,1034161,76,321,9738
F678#F8109,5170,1031656,1036828,114,322,9738
F3254#F8109,5113,995458,1000573,80,323,9738
F7297#F8109,5287,1328219,1333509,94,324,9738
F1957#F8109,8374,1083253,1091631,85,325,9738
F5846#F8109,5147,1016152,1021302,76,326,9738
F6086#F8109,5160,1030244,1035406,100,327,9738
F5311#F8109,5176,1060920,1066100,104,328,9738
F9793#F8109,8413,1031028,1039445,100,329,9738
F5688#F8109,5260,1009457,1014719,90,330,9738
F2149#F8109,5170,963351,968524,108,331,9738
F3442#F8109,6589,1369148,1375741,126,332,9738
F2211#F8109,5687,1050285,1055974,103,333,9738
F1391#F8109,5409,989414,994827,98,334,9738
F6497#F8109,8006,990065,998075,86,335,9738
F540#F8109,6104,1062056,1068163,98,336,9738
F2535#F8109,5412,1033845,1039260,99,337,9738
F5750#F8109,5495,1020609,1026107,108,338,9738
F262#F8109,5334,993534,998870,89,339,9738
F8567#F8109,5434,1331326,1336763,90,340,9738
F6819#F8109,5367,1035943,1041314,77,341,9738
F1513#F8109,5455,1027759,1033217,69,342,9738
F8003#F8109,5667,1032205,1037874,82,343,9738
F2874#F8109,5400,1048951,1054353,107,344,9738
F6517#F8109,5637,1039057,1044698,88,345,9738
F2745#F8109,7461,1048789,1056254,104,346,9738
F8156#F8109,5547,1256991,1262541,86,347,9738
F1963#F8109,9312,1144907,1154223,95,348,9738
F517#F8109,5535,1024028,1029565,68,349,9738
F4199#F8109,5606,1027889,1033497,110,350,9738
F2219#F8109,5599,1046966,1052568,108,351,9738
F365#F8109,5649,1068979,1074630,118,352,9738
F4512#F8109,5731,1047870,1053603,86,353,9738
F8530#F8109,5657,1052687,1058347,91,354,9738
F9813#F8109,5743,1359384,1365131,83,355,9738
F7500#F8109,5738,1030933,1036674,88,356,9738
F6338#F8109,5792,1008643,1014438,73,357,9738
F4924#F8109,6049,1012497,1018549,85,358,9738
F8430#F8109,5620,1011124,1016747,104,359,9738
F2007#F8109,6018,1015517,1021538,115,360,9738
F2355#F8109,5845,1014838,1020685,115,361,9738
F3840#F8109,6288,998386,1004676,86,362,9738
F9335#F8109,5803,1353429,1359235,81,363,9738
F6170#F8109,5818,1024585,1030406,108,364,9738
F6701#F8109,5787,1034850,1040640,107,365,9738
F6641#F8109,5820,1014347,1020169,93,366,9738
F5813#F8109,5974,1030891,1036868,102,367,9738
F3324#F8109,8999,1042928,1051930,119,368,9738
F4465#F8109,5864,1049307,1055174,111,369,9738
F2387#F8109,6013,1374092,1380109,117,370,9738
F1846#F8109,6940,1026096,1033040,113,371,9738
F3382#F8109,5869,1011145,1017017,88,372,9738
F622#F8109,6082,1019163,1025247,108,373,9738
F1980#F8109,6177,1043003,1049183,126,374,9738
F2966#F8109,6209,1017739,1023951,87,375,9738
F7272#F8109,6138,1047204,1053344,109,376,9738
F6329#F8109,6136,1059464,1065603,98,377,9738
F5376#F8109,6347,1369865,1376215,94,378,9738
F8205#F8109,6274,1054292,1060569,106,379,9738
F3126#F8109,6086,976139,982228,111,380,9738
F6429#F8109,6079,980434,986516,97,381,9738
F2337#F8109,6029,1023455,1029487,101,382,9738
F430#F8109,6037,1011390,1017430,86,383,9738
F8044#F8109,5927,1016935,1022864,93,384,9738
F9219#F8109,6077,1111725,1117807,86,385,9738
F1362#F8109,9758,1285707,1295469,104,386,9738
F2117#F8109,6045,1036189,1042237,96,387,9738
F8519#F8109,6238,1008144,1014386,134,388,9738
F5821#F8109,6058,1006564,1012625,97,389,9738
F628#F8109,6161,1051936,1058100,93,390,9738
F4254#F8109,6246,1014261,1020510,107,391,9738
F680#F8109,6313,1014770,1021085,98,392,9738
F6383#F8109,6479,1319792,1326275,85,393,9738
F647#F8109,10355,1151974,1162334,71,394,9738
F3627#F8109,6511,1049726,1056240,103,395,9738
F6599#F8109,6273,1004308,1010584,100,396,9738
F764#F8109,6328,1001638,1007969,130,397,9738
F5428#F8109,6331,1032091,1038425,107,398,9738
F1924#F8109,6294,1036830,1043127,104,399,9738
F9745#F8109,6799,1050798,1057600,120,400,9738
F6422#F8109,6460,1394642,1401105,75,401,9738
F1526#F8109,6871,1081688,1088562,103,402,9738
F3153#F8109,6493,1020225,1026721,112,403,9738
F6240#F8109,6689,1003106,1009798,109,404,9738
F7611#F8109,6417,1013913,1020333,131,405,9738
F1859#F8109,6438,1032086,1038527,81,406,9738
F4984#F8109,6627,1029560,1036189,97,407,9738
F1539#F8109,6414,1033819,1040235,106,408,9738
F1744#F8109,6683,1363712,1370398,95,409,9738
F3471#F8109,6540,1037290,1043833,97,410,9738
F3435#F8109,9759,1035175,1044938,103,411,9738
F4542#F8109,7247,1000297,1007547,111,412,9738
F7262#F8109,7160,998675,1005839,129,413,9738
F7779#F8109,6577,1027738,1034317,125,414,9738
F462#F8109,6832,1022386,1029221,129,415,9738
F7749#F8109,6539,1068488,1075031,102,416,9738
F7009#F8109,10586,1366627,1377219,77,417,9738
F2424#F8109,6793,1076907,1083704,114,418,9738
F498#F8109,10668,1009152,1019824,110,419,9738
F6689#F8109,6728,1020723,1027455,166,420,9738
F3405#F8109,6730,1012383,1019116,97,421,9738
F2956#F8109,6761,1004846,1011610,99,422,9738
F2959#F8109,6947,1014668,1021618,126,423,9738
F2406#F8109,6779,1362111,1368893,122,424,9738
F7157#F8109,7424,1037435,1044861,110,425,9738
F390#F8109,6871,1078123,1084997,131,426,9738
F2630#F8109,6891,1032211,1039106,79,427,9738
F1801#F8109,6938,1042932,1049873,96,428,9738
F5708#F8109,6788,995006,1001796,110,429,9738
F7166#F8109,6805,1021275,1028083,117,430,9738
F1508#F8109,9701,1060963,1070668,138,431,9738
F6970#F8109,6993,1370990,1377986,129,432,9738
F8881#F8109,7063,1056333,1063399,144,433,9738
F3612#F8109,7011,1046631,1053645,100,434,9738
F8651#F8109,7061,1042869,1049933,110,435,9738
F5047#F8109,6845,1022130,1028979,123,436,9738
F8750#F8109,7143,989528,996674,94,437,9738
F3093#F8109,6907,1007551,1014460,110,438,9738
F7848#F8109,6792,1050631,1057425,92,439,9738
F3560#F8109,7083,1369042,1376127,120,440,9738
F2544#F8109,7197,1039531,1046731,148,441,9738
F3096#F8109,10105,1060616,1070725,114,442,9738
F7397#F8109,7175,1026690,1033869,149,443,9738
F5113#F8109,6980,1004925,1011908,115,444,9738
F6385#F8109,7063,1032199,1039266,121,445,9738
F4382#F8109,7307,1026618,1033928,129,446,9738
F2400#F8109,7164,1113918,1121085,101,447,9738
F440#F8109,11885,1223795,1235683,99,448,9738
F5056#F8109,7102,1011800,1018906,108,449,9738
F6960#F8109,7124,1021468,1028594,77,450,9738
F6942#F8109,7337,1052487,1059827,102,451,9738
F3616#F8109,7332,1024778,1032113,153,452,9738
F8927#F8109,7225,1025466,1032695,99,453,9738
F5150#F8109,8240,1003832,1012076,137,454,9738
F2513#F8109,11566,1377769,1389339,125,455,9738
F5000#F8109,8026,1060988,1069017,131,456,9738
F5086#F8109,8104,1032380,1040487,103,457,9738
F260#F8109,7569,1050370,1057943,156,458,9738
F1890#F8109,7539,1037638,1045180,119,459,9738
F8198#F8109,7556,1018927,1026486,120,460,9738
F3212#F8109,7394,1044144,1051541,126,461,9738
F3653#F8109,10696,1021519,1032218,125,462,9738
F1536#F8109,7554,1322004,1329561,114,463,9738
F3728#F8109,7745,1058233,1065980,107,464,9738
F2169#F8109,11316,1018584,1029904,167,465,9738
F4059#F8109,10800,1049388,1060192,157,466,9738
F1585#F8109,7625,1052637,1060266,112,467,9738
F5217#F8109,7429,1027110,1034542,116,468,9738
F5358#F8109,7608,1025562,1033173,142,469,9738
F9390#F8109,7498,1004218,1011719,119,470,9738
F1013#F8109,7689,1341858,1349550,194,471,9738
F8426#F8109,7434,1031355,1038792,102,472,9738
F6009#F8109,7566,1042642,1050212,117,473,9738
F439#F8109,7632,1032020,1039656,123,474,9738
F6861#F8109,7654,1060109,1067766,92,475,9738
F2821#F8109,7795,1053945,1061744,119,476,9738
F5717#F8109,7569,1004229,1011802,122,477,9738
F6430#F8109,7493,1346791,1354287,127,478,9738
F3088#F8109,12646,1068421,1081071,132,479,9738
F8493#F8109,7537,1038598,1046138,104,480,9738
F730#F8109,7669,1039468,1047141,148,481,9738
F1698#F8109,7691,1024926,1032621,161,482,9738
F7384#F8109,8034,1068088,1076126,120,483,9738
F3233#F8109,7863,1051864,1059731,124,484,9738
F1037#F8109,7691,1011825,1019519,115,485,9738
F5896#F8109,7980,1346330,1354313,129,486,9738
F967#F8109,7931,1036415,1044350,103,487,9738
F8611#F8109,7685,1045891,1053579,141,488,9738
F1889#F8109,7913,1017979,1025895,114,489,9738
F2736#F8109,7666,1010271,1017941,163,490,9738
F2605#F8109,7858,1059797,1067658,91,491,9738
F9901#F8109,8067,1063852,1071924,114,492,9738
F2955#F8109,7822,999083,1006908,65,493,9738
F4688#F8109,7933,1379189,1387124,90,494,9738
F2662#F8109,8240,1024447,1032690,131,495,9738
F2924#F8109,7913,1049808,1057724,153,496,9738
F4656#F8109,7827,1039524,1047354,149,497,9738
F5690#F8109,8334,1026901,1035238,116,498,9738
F2887#F8109,8043,1034764,1042811,119,499,9738
F3497#F8109,9790,1059815,1069609,105,500,9738
F5545#F8109,7848,1183956,1191807,141,501,9738
F626#F8109,13250,1213795,1227049,128,502,9738
F3892#F8109,7927,1015402,1023331,114,503,9738
F1710#F8109,8242,1033583,1041827,146,504,9738
F4218#F8109,8057,1030451,1038511,165,505,9738
F3994#F8109,8148,1014460,1022611,101,506,9738
F5170#F8109,8196,1034055,1042255,127,507,9738
F4744#F8109,10107,1053860,1063971,159,508,9738
F7872#F8109,8117,1348639,1356761,140,509,9738
F328#F8109,9770,1071342,1081117,136,510,9738
F4156#F8109,8663,1015684,1024349,155,511,9738
F2371#F8109,8173,1014463,1022638,135,512,9738
F2105#F8109,8053,1030224,1038288,131,513,9738
F5197#F8109,8226,1010502,1018731,121,514,9738
F1252#F8109,8070,1034034,1042107,142,515,9738
F982#F8109,11806,1063982,1075792,122,516,9738
F8269#F8109,8474,1340544,1349022,129,517,9738
F2441#F8109,11909,1019521,1031436,106,518,9738
F5716#F8109,11051,978724,989778,127,519,9738
F4399#F8109,8090,996587,1004680,127,520,9738
F5770#F8109,8395,1055067,1063466,113,521,9738
F7256#F8109,8388,1063249,1071640,187,522,9738
F5637#F8109,8498,1047919,1056420,111,523,9738
F2471#F8109,8489,1248179,1256671,145,524,9738
F5200#F8109,13523,1210594,1224122,139,525,9738
F8798#F8109,8756,1040130,1048890,173,526,9738
F3012#F8109,8378,1014500,1022880,145,527,9738
F2979#F8109,8766,1027441,1036210,141,528,9738
F9640#F8109,8754,1025898,1034655,101,529,9738
F6455#F8109,8455,1026107,1034566,116,530,9738
F9706#F8109,8804,1040277,1049085,146,531,9738
F7324#F8109,8425,1405422,1413850,131,532,9738
F8219#F8109,8799,1057399,1066202,151,533,9738
F5367#F8109,8956,1002763,1011722,122,534,9738
F1608#F8109,8499,980349,988851,143,535,9738
F2016#F8109,12822,1012479,1025305,110,536,9738
F5841#F8109,8474,1045723,1054200,131,537,9738
F6887#F8109,8782,1038482,1047267,130,538,9738
F8287#F8109,8729,1159286,1168018,169,539,9738
F2418#F8109,14508,1273087,1287602,125,540,9738
F8304#F8109,8725,1057457,1066186,136,541,9738
F7078#F8109,9689,1034577,1044270,128,542,9738
F8897#F8109,8775,999042,1007819,141,543,9738
F2215#F8109,8811,1017877,1026691,154,544,9738
F3717#F8109,8672,1034664,1043339,91,545,9738
F2933#F8109,8748,1030002,1038752,159,546,9738
F1309#F8109,8962,1376342,1385307,138,547,9738
F5900#F8109,9281,1059788,1069072,100,548,9738
F1246#F8109,8687,1031900,1040590,160,549,9738
F3165#F8109,8623,1024433,1033058,98,550,9738
F4048#F8109,8649,1008255,1016908,101,551,9738
F5307#F8109,10140,1023901,1034044,115,552,9738
F3575#F8109,8839,1041531,1050372,139,553,9738
F3741#F8109,8935,1043282,1052220,119,554,9738
F757#F8109,9105,1379044,1388152,139,555,9738
F1517#F8109,9126,1082486,1091615,136,556,9738
F7097#F8109,9129,1061561,1070693,149,557,9738
F9756#F8109,8927,1022101,1031031,133,558,9738
F6315#F8109,8986,1010515,1019505,128,559,9738
F2240#F8109,8867,1008217,1017086,131,560,9738
F567#F8109,8853,1034723,1043579,161,561,9738
F3193#F8109,9159,1155044,1164206,172,562,9738
F9196#F8109,15146,1280716,1295866,158,563,9738
F7773#F8109,9147,1063471,1072621,160,564,9738
F7310#F8109,10348,1039283,1049633,126,565,9738
F8954#F8109,9566,1007110,1016679,135,566,9738
F8487#F8109,9072,1031099,1040175,124,567,9738
F375#F8109,9101,1023149,1032253,154,568,9738
F7105#F8109,9217,1021414,1030634,161,569,9738
F6824#F8109,9431,1313771,1323205,169,570,9738
F7910#F8109,21114,1062078,1083196,153,571,9738
F1993#F8109,9145,1031814,1040961,135,572,9738
F6043#F8109,9383,1018987,1028374,158,573,9738
F1375#F8109,9015,1007701,1016718,161,574,9738
F1733#F8109,9092,1012819,1021915,116,575,9738
F5502#F8109,9713,995280,1004996,126,576,9738
F6761#F8109,9513,1032783,1042299,121,577,9738
F1620#F8109,9845,1340749,1350598,188,578,9738
F9828#F8109,9381,1007566,1016949,159,579,9738
F5134#F8109,9185,1020455,1029643,131,580,9738
F3613#F8109,11857,1039402,1051262,151,581,9738
F1945#F8109,9363,1016092,1025458,113,582,9738
F5018#F8109,9316,1030107,1039427,139,583,9738
F8828#F8109,10862,1025698,1036565,130,584,9738
F7083#F8109,9334,1018810,1028147,145,585,9738
F9574#F8109,9484,1410649,1420136,160,586,9738
F8317#F8109,9383,1022620,1032005,147,587,9738
F7101#F8109,9712,1033163,1042879,166,588,9738
F3943#F8109,10929,1031822,1042757,167,589,9738
F7594#F8109,9214,1009574,1018790,141,590,9738
F2035#F8109,9299,1025694,1034996,119,591,9738
F3937#F8109,9320,1003304,1012627,121,592,9738
F694#F8109,9519,1341042,1350564,145,593,9738
F776#F8109,9921,1031874,1041797,179,594,9738
F1981#F8109,9342,999688,1009032,158,595,9738
F4310#F8109,9457,1008732,1018192,100,596,9738
F9942#F8109,9535,1059105,1068643,147,597,9738
F9740#F8109,9495,1043817,1053315,148,598,9738
F251#F8109,9628,1021426,1031058,123,599,9738
F437#F8109,10791,1023419,1034214,159,600,9738
F834#F8109,13074,1363455,1376532,129,601,9738
F7027#F8109,9645,1037444,1047092,150,602,9738
F4724#F8109,9782,1052841,1062626,143,603,9738
F4239#F8109,9779,1033413,1043195,187,604,9738
F3756#F8109,9766,1062964,1072734,179,605,9738
F7610#F8109,9933,1033306,1043242,197,606,9738
F156#F8109,9805,1025919,1035727,170,607,9738
F9826#F8109,12711,1181271,1193985,130,608,9738
F2111#F8109,20114,1254641,1274760,127,609,9738
F3599#F8109,10320,1028094,1038417,157,610,9738
F4449#F8109,9845,1045297,1055146,134,611,9738
F8436#F8109,9903,1036953,1046859,166,612,9738
F2548#F8109,9757,1040533,1050292,148,613,9738
F3141#F8109,9882,1046483,1056368,130,614,9738
F3801#F8109,10031,1028164,1038199,142,615,9738
F9131#F8109,9907,1334318,1344228,133,616,9738
F6613#F8109,9962,1018594,1028559,146,617,9738
F1738#F8109,10253,1003420,1013676,140,618,9738
F347#F8109,10638,1066431,1077071,172,619,9738
F9255#F8109,10346,1060492,1070842,153,620,9738
F3097#F8109,10244,1078395,1088642,165,621,9738
F4875#F8109,14537,1065717,1080257,77,622,9738
F6514#F8109,10253,1033676,1043933,151,623,9738
F7960#F8109,16220,1327824,1344049,146,624,9738
F395#F8109,10348,1038539,1048890,146,625,9738
F4825#F8109,10243,1045920,1056167,142,626,9738
F3659#F8109,10163,1047053,1057219,174,627,9738
F5694#F8109,10043,1029491,1039536,204,628,9738
F5544#F8109,11156,1035398,1046558,168,629,9738
F169#F8109,9902,1059518,1069424,153,630,9738
F7930#F8109,10561,1343987,1354551,195,631,9738
F908#F8109,11049,1067879,1078931,124,632,9738
F582#F8109,10240,1031869,1042112,153,633,9738
F2809#F8109,10679,1033717,1044400,206,634,9738
F4701#F8109,10263,1037113,1047379,120,635,9738
F3081#F8109,10166,1012467,1022636,175,636,9738
F3608#F8109,10568,1043786,1054357,137,637,9738
F1133#F8109,10603,1038985,1049591,161,638,9738
F4772#F8109,10599,1352621,1363223,163,639,9738
F3825#F8109,10612,1049924,1060540,143,640,9738
F2404#F8109,10204,1020364,1030571,148,641,9738
F2718#F8109,10357,1026825,1037184,176,642,9738
F7106#F8109,10476,1048769,1059249,151,643,9738
F6579#F8109,11121,1029396,1040521,166,644,9738
F7164#F8109,10764,1053476,1064244,168,645,9738
F639#F8109,11890,1093123,1105017,138,646,9738
F763#F8109,54196,1347860,1402060,170,647,9738
F8356#F8109,10316,1031600,1041919,138,648,9738
F9045#F8109,10532,1025337,1035873,165,649,9738
F8316#F8109,10841,1013188,1024032,141,650,9738
F5587#F8109,10401,1055104,1065508,136,651,9738
F2810#F8109,10621,1005667,1016292,142,652,9738
F4126#F8109,10456,1025283,1035742,177,653,9738
F5279#F8109,10627,1376405,1387035,186,654,9738
F4694#F8109,13123,1052326,1065453,109,655,9738
F3338#F8109,10729,1032555,1043287,215,656,9738
F9765#F8109,10675,1005060,1015738,169,657,9738
F4440#F8109,10488,1014297,1024788,186,658,9738
F8206#F8109,14101,1028925,1043028,134,659,9738
F2487#F8109,11166,1044883,1056053,173,660,9738
F5298#F8109,10810,1061550,1072364,164,661,9738
F3844#F8109,10564,1398958,1409524,155,662,9738
F6494#F8109,10613,1042377,1052994,147,663,9738
F6540#F8109,12363,1037470,1049835,218,664,9738
F818#F8109,10849,1048583,1059436,117,665,9738
F7328#F8109,10842,1026051,1036896,151,666,9738
F1779#F8109,10840,1033431,1044273,165,667,9738
F1#F8109,10665,1026895,1037562,219,668,9738
F6201#F8109,10952,1055793,1066749,157,669,9738
F6295#F8109,18988,1379590,1398582,156,670,9738
F3412#F8109,10608,1039308,1049920,155,671,9738
F3433#F8109,11022,1011292,1022316,138,672,9738
F2684#F8109,11071,1007509,1018583,153,673,9738
F4980#F8109,10822,1027021,1037846,198,674,9738
F8216#F8109,10828,1021663,1032493,149,675,9738
F5859#F8109,10908,1030970,1041881,151,676,9738
F6112#F8109,14017,1395515,1409535,186,677,9738
F8480#F8109,12159,1093359,1105521,208,678,9738
F897#F8109,11088,1028186,1039276,148,679,9738
F7932#F8109,11011,1005606,1016619,163,680,9738
F4510#F8109,11523,1033039,1044566,179,681,9738
F8664#F8109,10970,1042070,1053042,166,682,9738
F7604#F8109,10927,1018819,1029749,157,683,9738
F130#F8109,10765,1043162,1053929,148,684,9738
F8885#F8109,12824,1400438,1413265,202,685,9738
F380#F8109,11882,1058369,1070254,150,686,9738
F7321#F8109,10995,1031939,1042937,171,687,9738
F877#F8109,11462,1020717,1032183,162,688,9738
F603#F8109,11474,1050862,1062339,178,689,9738
F5705#F8109,11046,1031999,1043048,178,690,9738
F5294#F8109,11421,1036974,1048397,163,691,9738
F7109#F8109,11237,1165339,1176579,175,692,9738
F4634#F8109,19090,1223936,1243031,197,693,9738
F9657#F8109,10939,1025475,1036415,151,694,9738
F4582#F8109,11085,1036205,1047293,115,695,9738
F4621#F8109,10892,1029224,1040120,193,696,9738
F6582#F8109,10927,1038221,1049152,101,697,9738
F2562#F8109,11449,1004939,1016391,140,698,9738
F4518#F8109,10933,1023407,1034345,154,700,9738
F5432#F8109,11418,1425267,1436687,192,701,9738
F4741#F8109,11576,1055757,1067336,159,702,9738
F6288#F8109,11097,1047408,1058508,214,703,9738
F2157#F8109,11173,1067846,1079022,181,704,9738
F3364#F8109,11649,1032899,1044551,186,705,9738
F1785#F8109,11330,1042154,1053487,176,706,9738
F9331#F8109,11909,1007277,1019189,186,707,9738
F9492#F8109,11453,1013843,1025300,186,708,9738
F4957#F8109,11573,1383620,1395198,233,709,9738
F8363#F8109,11623,1051806,1063432,180,710,9738
F1423#F8109,12739,1073307,1086049,135,711,9738
F8796#F8109,11663,1099047,1110712,183,712,9738
F4000#F8109,11438,1026835,1038275,143,713,9738
F2152#F8109,11854,1017492,1029348,184,714,9738
F1374#F8109,14580,1004719,1019304,127,715,9738
F6347#F8109,11951,1096327,1108282,174,716,9738
F8431#F8109,26111,1276166,1302281,161,717,9738
F7840#F8109,11390,1002596,1013989,140,718,9738
F720#F8109,13523,1023480,1037006,171,719,9738
F392#F8109,11683,1055182,1066869,197,720,9738
F5869#F8109,11524,1043340,1054867,184,721,9738
F2728#F8109,11883,1022413,1034299,158,722,9738
F655#F8109,12507,1029938,1042448,212,723,9738
F1758#F8109,11914,1354276,1366193,180,724,9738
F6482#F8109,12329,1047353,1059686,238,725,9738
F9854#F8109,11659,1031521,1043183,162,726,9738
F2996#F8109,15593,1029927,1045523,198,727,9738
F2121#F8109,11642,1069135,1080781,185,728,9738
F9137#F8109,11697,1043426,1055127,204,729,9738
F6992#F8109,12091,1058088,1070182,187,730,9738
F2134#F8109,12168,1035502,1047674,156,731,9738
F4699#F8109,11902,1337097,1349001,163,732,9738
F8239#F8109,12200,1058852,1071055,184,733,9738
F9257#F8109,12409,1031415,1043827,152,734,9738
F2772#F8109,12179,1036533,1048715,172,735,9738
F4557#F8109,13413,1077001,1090419,189,736,9738
F1132#F8109,11921,1031897,1043823,164,737,9738
F8267#F8109,11922,1028677,1040602,180,738,9738
F5029#F8109,11855,1241122,1252981,178,739,9738
F16#F8109,20040,1153807,1173851,174,740,9738
F7937#F8109,11950,1042436,1054389,158,741,9738
F9388#F8109,12068,1048769,1060840,131,742,9738
F4397#F8109,12407,1049798,1062208,225,743,9738
F5611#F8109,11883,1043405,1055291,181,744,9738
F8151#F8109,11828,1029517,1041348,166,745,9738
F2049#F8109,11756,1023233,1034993,189,746,9738
F4879#F8109,11936,1380067,1392006,209,747,9738
F5327#F8109,12220,1036337,1048560,146,749,9738
F7532#F8109,12600,1037515,1050117,200,750,9738
F2453#F8109,12817,1036280,1049101,172,751,9738
F8826#F8109,12451,1039946,1052400,193,752,9738
F808#F8109,12367,1064114,1076484,129,753,9738
F3167#F8109,12382,1039552,1051937,133,754,9738
F4780#F8109,12741,1170360,1183104,173,755,9738
F7664#F8109,19821,1242505,1262332,157,756,9738
F9035#F8109,12212,1021636,1033852,200,757,9738
F7032#F8109,17458,1026997,1044458,179,758,9738
F3238#F8109,12146,1026381,1038530,140,759,9738
F3281#F8109,12134,1049086,1061223,132,760,9738
F2233#F8109,12603,1057283,1069891,176,761,9738
F3341#F8109,12169,1040109,1052281,186,762,9738
F9300#F8109,12626,1359680,1372311,192,763,9738
F837#F8109,14855,1050011,1064870,189,765,9738
F6230#F8109,13010,1032082,1045095,166,766,9738
F1291#F8109,12708,1025866,1038579,198,767,9738
F4273#F8109,12532,1058914,1071449,221,768,9738
F3154#F8109,12866,1043590,1056460,129,769,9738
F9742#F8109,16169,1037569,1053741,203,770,9738
F4121#F8109,12264,1089668,1101935,186,771,9738
F7064#F8109,20287,1326956,1347248,156,772,9738
F7042#F8109,12664,1037920,1050587,185,773,9738
F2522#F8109,12747,1019076,1031826,192,774,9738
F7457#F8109,12592,1047941,1060536,246,775,9738
F8523#F8109,12681,1048449,1061133,174,776,9738
F4861#F8109,12528,1051568,1064099,205,777,9738
F1204#F8109,12734,1036815,1049552,161,778,9738
F7805#F8109,12633,1358707,1371344,165,779,9738
F5898#F8109,13035,1033002,1046041,165,780,9738
F5939#F8109,12680,1025557,1038241,158,781,9738
F7398#F8109,12444,1030078,1042526,178,782,9738
F3574#F8109,16289,1048945,1065236,175,783,9738
F6876#F8109,12814,1056006,1068823,220,784,9738
F59#F8109,12798,1053423,1066225,185,786,9738
F3381#F8109,12740,1077399,1090142,172,787,9738
F9275#F8109,13185,1362065,1375252,151,788,9738
F4854#F8109,17570,1052784,1070357,176,789,9738
F2941#F8109,16810,1015899,1032712,151,790,9738
F8645#F8109,12996,1019538,1032536,140,791,9738
F8157#F8109,12586,1039504,1052093,193,792,9738
F7520#F8109,12586,1051374,1063963,191,793,9738
F4062#F8109,12850,1029769,1042623,225,794,9738
F6192#F8109,12684,1120776,1133463,203,795,9738
F7491#F8109,21535,1350222,1371762,143,796,9738
F3367#F8109,13188,1028077,1041268,150,797,9738
F8055#F8109,15515,1054630,1070148,171,798,9738
F5188#F8109,13949,1035992,1049945,186,799,9738
F9680#F8109,13342,1032229,1045575,240,800,9738
F4148#F8109,13425,1064969,1078397,176,801,9738
F5893#F8109,13163,1027311,1040477,152,802,9738
F2667#F8109,17476,1450117,1467596,189,803,9738
F2665#F8109,15141,1069166,1084310,155,804,9738
F5185#F8109,13111,1019982,1033096,190,806,9738
F6453#F8109,13119,1015075,1028197,194,807,9738
F8149#F8109,13412,1009992,1023407,261,808,9738
F7177#F8109,14488,1038491,1052982,148,809,9738
F3200#F8109,13021,1037071,1050095,200,810,9738
F7525#F8109,12951,1015391,1028344,213,811,9738
F7536#F8109,13096,1384261,1397359,178,812,9738
F2491#F8109,13519,1053496,1067017,155,814,9738
F7416#F8109,13162,1035236,1048400,271,815,9738
F2267#F8109,13194,1039331,1052529,179,816,9738
F6951#F8109,14356,1020885,1035245,201,817,9738
F7559#F8109,13284,1028372,1041660,181,818,9738
F5299#F8109,13313,1054843,1068160,192,819,9738
F8134#F8109,13169,1155566,1168738,157,820,9738
F4078#F8109,21856,1280213,1302120,243,821,9738
F4972#F8109,15601,1064753,1080359,160,822,9738
F4627#F8109,13397,1028145,1041545,234,824,9738
F8045#F8109,13381,1001479,1014863,174,825,9738
F8955#F8109,13361,1022049,1035413,196,826,9738
F6848#F8109,13352,1027398,1040753,148,827,9738
F2036#F8109,15529,1035471,1051005,197,828,9738
F2774#F8109,13605,1424826,1438434,222,829,9738
F3496#F8109,14431,1090556,1104990,208,830,9738
F8164#F8109,13783,1077807,1091593,211,832,9738
F3870#F8109,13475,1013043,1026521,185,833,9738
F2101#F8109,13268,1045497,1058768,233,834,9738
F2608#F8109,14382,1038888,1053274,209,835,9738
F8928#F8109,13721,1052233,1065957,176,836,9738
F469#F8109,13602,1093626,1107231,200,837,9738
F4094#F8109,13932,1385979,1399915,207,838,9738
F8119#F8109,13982,1065477,1079462,168,839,9738
F1381#F8109,14770,1064578,1079351,197,840,9738
F4287#F8109,13665,1042239,1055907,168,841,9738
F4762#F8109,13570,1027070,1040644,183,842,9738
F6691#F8109,13706,1037010,1050719,161,843,9738
F3315#F8109,13876,1025519,1039398,227,844,9738
F6308#F8109,16263,1150388,1166655,180,845,9738
F9422#F8109,22514,1320378,1342898,132,846,9738
F1672#F8109,14038,1051118,1065159,166,847,9738
F2974#F8109,14391,1062163,1076558,193,848,9738
F5592#F8109,14072,1046753,1060828,155,849,9738
F5647#F8109,14651,1028219,1042873,160,850,9738
F2031#F8109,13721,1046851,1060575,137,851,9738
F1466#F8109,13991,1023342,1037337,218,852,9738
F5990#F8109,14651,1380608,1395262,212,853,9738
F9004#F8109,13926,1051171,1065100,216,854,9738
F3939#F8109,16268,1019964,1036236,208,855,9738
F5391#F8109,13695,1062599,1076296,145,856,9738
F4119#F8109,14181,1043235,1057420,250,858,9738
F9643#F8109,13799,1024305,1038107,191,859,9738
F3294#F8109,13603,1034727,1048332,206,860,9738
F2849#F8109,16466,1045568,1062037,236,861,9738
F8175#F8109,14375,1373310,1387690,85,862,9738
F3703#F8109,14835,1088143,1102983,183,863,9738
F8745#F8109,14190,1060349,1074542,152,864,9738
F6125#F8109,14218,1083610,1097833,115,865,9738
F3711#F8109,14548,1046415,1060966,234,866,9738
F2878#F8109,14421,1037922,1052346,156,867,9738
F8644#F8109,14054,1064155,1078211,209,868,9738
F8165#F8109,14794,1117609,1132406,197,870,9738
F6402#F8109,23684,1273906,1297596,177,871,9738
F4484#F8109,14074,1047759,1061836,198,872,9738
F8136#F8109,14460,1032300,1046763,208,873,9738
F1338#F8109,14228,1050990,1065220,208,874,9738
F9530#F8109,14156,1052893,1067052,202,875,9738
F6319#F8109,14360,1017977,1032340,204,876,9738
F2209#F8109,14184,1023020,1037206,265,881,9738
F2847#F8109,14332,1332969,1347305,181,882,9738
F2024#F8109,15339,1054835,1070176,201,883,9738
F6269#F8109,14217,1065900,1080120,177,884,9738
F4934#F8109,14399,1026368,1040770,208,885,9738
F5664#F8109,14649,1058417,1073069,229,886,9738
F9102#F8109,16202,1058042,1074247,193,887,9738
F2885#F8109,14481,1027856,1042340,201,888,9738
F3221#F8109,14346,1032407,1046757,206,889,9738
F9134#F8109,14229,1374101,1388334,216,890,9738
F6534#F8109,15020,1048413,1063436,204,891,9738
F7871#F8109,14643,1068430,1083077,182,892,9738
F333#F8109,14605,1040071,1054681,165,893,9738
F5915#F8109,14964,1048191,1063159,204,894,9738
F530#F8109,14672,1058165,1072840,223,895,9738
F7995#F8109,15106,1028341,1043451,227,896,9738
F8915#F8109,14698,1219695,1234396,203,897,9738
F3396#F8109,24223,1171667,1195895,216,898,9738
F3536#F8109,15202,1039222,1054428,217,899,9738
F5348#F8109,14980,1054809,1069793,184,901,9738
F5045#F8109,14860,1050647,1065511,195,902,9738
F3420#F8109,14896,1038600,1053499,196,903,9738
F1866#F8109,15199,1077841,1093043,204,904,9738
F1773#F8109,14999,1060806,1075809,194,905,9738
F5014#F8109,14925,1359069,1374000,212,906,9738
F7655#F8109,15081,1045869,1060954,193,907,9738
F4904#F8109,18593,1040516,1059113,219,908,9738
F1442#F8109,15256,1049843,1065102,219,909,9738
F4511#F8109,15671,1063330,1079005,219,910,9738
F2702#F8109,17764,1066296,1084063,203,911,9738
F2392#F8109,14893,1062388,1077284,203,912,9738
F8760#F8109,15030,1042838,1057871,205,913,9738
F9789#F8109,16238,1357486,1373726,208,914,9738
F6462#F8109,14570,1032987,1047560,234,915,9738
F1076#F8109,14460,1028669,1043132,129,916,9738
F8596#F8109,18079,1020227,1038310,168,917,9738
F1350#F8109,14605,1026799,1041407,208,918,9738
F7720#F8109,14742,1036454,1051199,197,919,9738
F1295#F8109,14748,1051490,1066242,207,920,9738
F3530#F8109,14721,1326797,1341522,202,921,9738
F2096#F8109,24914,1115642,1140562,174,922,9738
F3583#F8109,15175,1045539,1060719,222,923,9738
F1243#F8109,15968,1041046,1057017,217,924,9738
F907#F8109,15493,1046292,1061788,220,925,9738
F1330#F8109,14744,1061290,1076037,208,926,9738
F731#F8109,14737,1032561,1047301,123,927,9738
F7261#F8109,15096,1060241,1075341,173,928,9738
F3778#F8109,15431,1389809,1405244,225,929,9738
F7000#F8109,15090,1035367,1050461,197,930,9738
F3836#F8109,15076,1080668,1095746,234,931,9738
F1187#F8109,15145,1016877,1032026,211,934,9738
F5278#F8109,15372,1036801,1052176,230,935,9738
F838#F8109,15080,1049006,1064088,205,937,9738
F5300#F8109,15638,1050160,1065801,210,938,9738
F2483#F8109,15556,1140337,1155897,191,939,9738
F1424#F8109,25397,1314138,1339539,232,940,9738
F7730#F8109,15503,1034279,1049785,296,942,9738
F8384#F8109,15261,1026607,1041872,206,943,9738
F7765#F8109,15918,1037278,1053199,198,944,9738
F7983#F8109,19055,1044727,1063785,110,945,9738
F2166#F8109,15930,1072262,1088195,256,946,9738
F4392#F8109,15414,1034335,1049751,246,947,9738
F3867#F8109,15658,1404675,1420337,191,948,9738
F6036#F8109,15912,1045818,1061734,181,949,9738
F1525#F8109,15560,1009734,1025299,231,950,9738
F641#F8109,15391,1074615,1090009,246,951,9738
F7488#F8109,15592,1053052,1068646,179,952,9738
F2488#F8109,15658,1044712,1060373,242,953,9738
F9233#F8109,15373,1029936,1045312,235,954,9738
F7270#F8109,16491,1090494,1106989,176,955,9738
F4719#F8109,25001,1340506,1365514,213,956,9738
F4172#F8109,15729,1076082,1091814,208,957,9738
F5280#F8109,16447,1051608,1068059,210,958,9738
F6918#F8109,15616,1064249,1079868,212,959,9738
F1233#F8109,15577,1032559,1048139,198,961,9738
F4778#F8109,15793,1033007,1048803,261,962,9738
F9264#F8109,19570,1081849,1101422,210,963,9738
F8713#F8109,15601,1399115,1414719,276,964,9738
F4842#F8109,16234,1088335,1104572,195,965,9738
F9621#F8109,15946,1054119,1070069,209,966,9738
F5128#F8109,15692,1045562,1061261,272,967,9738
F1055#F8109,16278,1050834,1067114,200,968,9738
F9319#F8109,15894,1072411,1088307,225,969,9738
F8236#F8109,17139,1052804,1069945,243,970,9738
F8098#F8109,16061,1065716,1081780,198,971,9738
F3698#F8109,15659,1418615,1434278,161,972,9738
F3086#F8109,16492,1062962,1079457,220,973,9738
F6469#F8109,15952,1040318,1056274,287,974,9738
F8997#F8109,15729,1014234,1029967,201,976,9738
F6543#F8109,15819,1045905,1061728,164,977,9738
F2991#F8109,19285,1051593,1070881,267,979,9738
F8618#F8109,15949,1063178,1079134,207,980,9738
F6445#F8109,15713,1157550,1173267,239,981,9738
F4802#F8109,26950,1251623,1278577,236,982,9738
F2595#F8109,15677,1058928,1074608,203,984,9738
F4124#F8109,20779,1050373,1071156,221,985,9738
F4948#F8109,15837,1033877,1049717,176,986,9738
F3027#F8109,15690,1048578,1064271,279,987,9738
F2106#F8109,16699,1046734,1063436,238,989,9738
F9814#F8109,16605,1048873,1065482,166,990,9738
F7510#F8109,16073,1380306,1396383,197,991,9738
F2971#F8109,25547,1053266,1078819,132,992,9738
F785#F8109,16035,1045511,1061549,242,993,9738
F2061#F8109,21259,1053560,1074822,178,994,9738
F1960#F8109,16303,1027858,1044165,185,995,9738
F6710#F8109,15979,1056362,1072344,210,996,9738
F9628#F8109,16174,1042673,1058852,229,997,9738
F1203#F8109,17270,1030366,1047639,213,998,9738
F5397#F8109,16669,1419196,1435868,231,999,9738
F5322#F8109,16398,1060432,1076832,204,1000,9738
F9020#F8109,16360,1086899,1103262,197,1001,9738
F8616#F8109,16464,1046819,1063286,213,1002,9738
F5619#F8109,16087,1039725,1055815,208,1003,9738
F2245#F8109,17330,1055986,1073319,146,1004,9738
F6736#F8109,16610,1042567,1059182,193,1005,9738
F1277#F8109,16027,1223453,1239483,244,1006,9738
F8831#F8109,26156,1217474,1243635,259,1007,9738
F5919#F8109,16014,1040267,1056284,126,1008,9738
F6890#F8109,16694,1055994,1072691,220,1009,9738
F616#F8109,16543,1031998,1048544,260,1010,9738
F4023#F8109,16372,1008268,1024643,231,1011,9738
F9655#F8109,16298,1011855,1028156,229,1012,9738
F8510#F8109,16347,1011873,1028224,244,1013,9738
F8261#F8109,15876,1348210,1364089,222,1014,9738
F1874#F8109,16568,1031980,1048550,240,1015,9738
F5950#F8109,17083,1044637,1061723,175,1016,9738
F1807#F8109,16762,1070134,1086899,254,1017,9738
F856#F8109,17787,1056298,1074089,270,1018,9738
F8451#F8109,16837,1033227,1050067,189,1019,9738
F2478#F8109,16621,1041211,1057834,216,1020,9738
F3457#F8109,16583,1022499,1039086,212,1021,9738
F8074#F8109,18484,1370592,1389080,190,1022,9738
F7020#F8109,18181,1053801,1071986,176,1024,9738
F5330#F8109,17105,1058451,1075560,252,1025,9738
F3127#F8109,18332,1067425,1085761,212,1026,9738
F4945#F8109,20956,1057705,1078664,216,1028,9738
F1916#F8109,16629,1023374,1040007,249,1029,9738
F6155#F8109,16258,1021930,1038191,247,1030,9738
F1646#F8109,16745,1340384,1357132,277,1031,9738
F2080#F8109,17500,1069195,1086700,238,1032,9738
F4766#F8109,17481,1061872,1079357,217,1033,9738
F7881#F8109,18410,1059107,1077520,239,1034,9738
F8855#F8109,17087,1077860,1094950,230,1035,9738
F1491#F8109,17093,1058059,1075155,164,1036,9738
F2842#F8109,17895,1059225,1077122,248,1037,9738
F6622#F8109,16812,1057841,1074657,192,1038,9738
F6575#F8109,17030,1391723,1408757,234,1039,9738
F4920#F8109,16514,1034597,1051113,147,1040,9738
F2712#F8109,18027,1047382,1065413,305,1041,9738
F7138#F8109,17545,1049104,1066653,244,1042,9738
F8747#F8109,16929,1061871,1078804,224,1043,9738
F5413#F8109,17049,1065928,1082980,256,1044,9738
F4631#F8109,16803,1041140,1057946,211,1045,9738
F286#F8109,17178,1328053,1345235,236,1047,9738
F6780#F8109,26991,1124417,1151412,311,1048,9738
F4240#F8109,17589,1059757,1077350,292,1049,9738
F8941#F8109,16926,1058543,1075473,200,1051,9738
F8542#F8109,17524,1065740,1083269,237,1052,9738
F1462#F8109,16924,1052782,1069725,300,1053,9738
F268#F8109,17684,1051791,1069478,221,1054,9738
F8228#F8109,17289,1036777,1054068,207,1055,9738
F1985#F8109,21977,1409109,1431088,229,1056,9738
F4276#F8109,19922,1054339,1074264,344,1057,9738
F2190#F8109,17108,1043807,1060918,306,1060,9738
F6967#F8109,17032,1038502,1055537,242,1061,9738
F3052#F8109,17133,1043269,1060405,200,1062,9738
F1158#F8109,17573,1046988,1064564,161,1064,9738
F7999#F8109,17228,1038755,1055987,342,1065,9738
F9777#F8109,17678,1364176,1381857,256,1066,9738
F3712#F8109,27301,1046761,1074066,234,1067,9738
F1589#F8109,17393,1024242,1041638,242,1071,9738
F3025#F8109,21558,1011765,1033326,229,1072,9738
F362#F8109,17376,1042917,1060297,101,1073,9738
F3446#F8109,18262,1029147,1047414,240,1074,9738
F1188#F8109,17235,1042581,1059819,231,1075,9738
F2896#F8109,17193,1052078,1069274,209,1076,9738
F8667#F8109,18001,1388724,1406728,222,1078,9738
F8298#F8109,21443,1053452,1074898,235,1079,9738
F9165#F8109,17731,1047931,1065665,195,1080,9738
F8600#F8109,17607,1045186,1062795,241,1081,9738
F7946#F8109,18074,1058495,1076573,285,1082,9738
F2803#F8109,17688,1083645,1101337,266,1083,9738
F1293#F8109,17535,1107822,1125360,205,1084,9738
F5612#F8109,18008,1275053,1293065,243,1085,9738
F4747#F8109,29003,1173371,1202379,207,1086,9738
F1450#F8109,18135,1017084,1035222,197,1087,9738
F359#F8109,17221,1018928,1036151,227,1088,9738
F578#F8109,21980,1029811,1051795,211,1089,9738
F4362#F8109,17633,1034742,1052379,290,1090,9738
F7865#F8109,17817,1019714,1037533,198,1092,9738
F8916#F8109,17180,1069955,1087138,285,1093,9738
F2835#F8109,21757,1356874,1378634,222,1094,9738
F7744#F8109,18134,1026802,1044940,205,1095,9738
F3763#F8109,17562,1035265,1052830,259,1096,9738
F7424#F8109,18685,1025139,1043828,159,1097,9738
F6583#F8109,17813,1038007,1055823,206,1098,9738
F1810#F8109,18467,1047026,1065496,192,1100,9738
F2992#F8109,18353,1060195,1078552,198,1101,9738
F4219#F8109,18328,1112331,1130662,231,1102,9738
F614#F8109,30150,1345523,1375679,160,1103,9738
F1515#F8109,18571,1056281,1074856,243,1104,9738
F1739#F8109,23577,1055189,1078769,242,1105,9738
F2843#F8109,18266,1068258,1086526,233,1106,9738
F8905#F8109,17887,1062231,1080122,223,1107,9738
F5924#F8109,18413,1042308,1060724,217,1108,9738
F5127#F8109,18046,1045266,1063315,235,1111,9738
F5993#F8109,18317,1377608,1395929,232,1112,9738
F2679#F8109,18905,1065019,1083928,254,1113,9738
F5189#F8109,20947,1057487,1078437,289,1114,9738
F9076#F8109,18422,1046958,1065384,246,1115,9738
F4225#F8109,18221,1060110,1078334,323,1117,9738
F9010#F8109,19654,1067573,1087230,232,1120,9738
F4928#F8109,18047,1029476,1047527,230,1122,9738
F968#F8109,18140,1076680,1094823,147,1125,9738
F7800#F8109,33516,1373101,1406621,232,1126,9738
F7230#F8109,19119,1044823,1063946,196,1127,9738
F5798#F8109,18996,1031996,1050996,234,1129,9738
F5273#F8109,18103,1041662,1059768,153,1131,9738
F9062#F8109,18681,1057418,1076102,251,1132,9738
F6314#F8109,19649,1049792,1069445,219,1133,9738
F9284#F8109,18899,1048278,1067180,238,1134,9738
F9125#F8109,18743,1404714,1423461,248,1135,9738
F4709#F8109,19235,1092252,1111491,175,1136,9738
F9213#F8109,22952,1064772,1087727,256,1137,9738
F6779#F8109,18493,1043717,1062214,225,1138,9738
F7368#F8109,18338,1044909,1063250,189,1139,9738
F3856#F8109,22033,1060153,1082189,224,1140,9738
F1947#F8109,18377,1061081,1079462,238,1142,9738
F6854#F8109,18567,1031143,1049713,236,1143,9738
F3625#F8109,18846,1405298,1424147,292,1144,9738
F265#F8109,20388,1071414,1091806,254,1145,9738
F7124#F8109,19218,1065772,1084993,214,1146,9738
F3947#F8109,19404,1036433,1055840,184,1147,9738
F2970#F8109,18562,1039628,1058192,170,1148,9738
F4570#F8109,18631,1033737,1052371,237,1150,9738
F8998#F8109,18285,1017641,1035930,218,1151,9738
F1169#F8109,18474,1216398,1234875,254,1153,9738
F698#F8109,32268,1257558,1289831,210,1154,9738
F3464#F8109,21196,1061714,1082914,211,1155,9738
F2770#F8109,19071,1075220,1094294,195,1156,9738
F6149#F8109,18713,1054539,1073255,185,1157,9738
F2854#F8109,19217,1032531,1051751,213,1158,9738
F2137#F8109,18769,1065129,1083900,227,1159,9738
F6317#F8109,18775,1034754,1053534,259,1161,9738
F330#F8109,22569,1362135,1384709,227,1162,9738
F8143#F8109,19494,1094673,1114170,217,1163,9738
F3777#F8109,19836,1078421,1098261,209,1164,9738
F5819#F8109,18585,1032243,1050832,209,1165,9738
F8690#F8109,22913,1016071,1038987,296,1166,9738
F8097#F8109,18876,1023795,1042675,175,1168,9738
F4174#F8109,19460,1056479,1075942,278,1170,9738
F4138#F8109,19365,1041822,1061190,210,1171,9738
F354#F8109,23473,1392536,1416013,274,1172,9738
F9480#F8109,21707,1061536,1083247,244,1173,9738
F4579#F8109,19446,1050515,1069963,282,1174,9738
F9891#F8109,19533,1067088,1086625,297,1176,9738
F7839#F8109,23504,1053879,1077387,158,1177,9738
F4228#F8109,19416,1052569,1071988,278,1178,9738
F7534#F8109,19720,1044838,1064560,242,1179,9738
F1852#F8109,24117,1343782,1367903,248,1180,9738
F304#F8109,32179,1070652,1102836,190,1181,9738
F8040#F8109,18831,1050535,1069369,206,1182,9738
F4585#F8109,19441,1034218,1053663,342,1185,9738
F8634#F8109,19122,1056451,1075576,258,1186,9738
F2935#F8109,22766,1042742,1065513,209,1187,9738
F1332#F8109,18942,1046521,1065466,239,1188,9738
F4870#F8109,19982,1048149,1068134,305,1189,9738
F9922#F8109,20462,1374772,1395238,178,1190,9738
F1474#F8109,20201,1074009,1094212,232,1191,9738
F6332#F8109,20155,1049975,1070133,353,1192,9738
F3500#F8109,19678,1057979,1077660,221,1194,9738
F7526#F8109,22363,1081759,1104125,203,1196,9738
F4303#F8109,19695,1056559,1076258,239,1197,9738
F172#F8109,19102,1036781,1055886,221,1198,9738
F5973#F8109,24492,1133796,1158291,285,1199,9738
F2596#F8109,36761,1318101,1354867,206,1200,9738
F3506#F8109,19788,1052734,1072525,256,1203,9738
F4858#F8109,21438,1075399,1096841,242,1204,9738
F8716#F8109,19573,1092872,1112448,281,1205,9738
F2858#F8109,20506,1080905,1101414,327,1206,9738
F7430#F8109,19490,1058151,1077644,253,1207,9738
F3375#F8109,19631,1045283,1064918,256,1208,9738
F8934#F8109,21791,1365472,1387268,232,1209,9738
F7435#F8109,23481,1073777,1097264,210,1210,9738
F397#F8109,20581,1067888,1088472,221,1211,9738
F2481#F8109,19774,1064428,1084204,221,1215,9738
F4999#F8109,22120,1047116,1069241,243,1216,9738
F1912#F8109,20309,1101704,1122016,250,1217,9738
F1929#F8109,23448,1068856,1092307,250,1219,9738
F6012#F8109,19733,1044173,1063908,278,1220,9738
F2657#F8109,20158,1393964,1414125,276,1222,9738
F3069#F8109,20481,1067522,1088006,246,1223,9738
F5067#F8109,22666,1057000,1079670,210,1224,9738
F4513#F8109,20312,1056530,1076847,212,1226,9738
F5883#F8109,19672,1071385,1091060,273,1229,9738
F6336#F8109,20926,1058717,1079648,243,1230,9738
F8308#F8109,21286,1064250,1085540,272,1231,9738
F3444#F8109,19695,1186990,1206689,197,1232,9738
F8452#F8109,32584,1199566,1232155,186,1233,9738
F6078#F8109,20365,1064467,1084835,369,1235,9738
F3393#F8109,20098,1053739,1073840,255,1237,9738
F3691#F8109,20166,1050105,1070274,239,1241,9738
F4587#F8109,22270,1068615,1090888,254,1243,9738
F2923#F8109,20047,1057450,1077499,227,1244,9738
F6958#F8109,21202,1050238,1071443,236,1245,9738
F128#F8109,23028,1347700,1370731,147,1246,9738
F5951#F8109,21569,1055336,1076909,300,1247,9738
F6756#F8109,20529,1046880,1067413,259,1248,9738
F7514#F8109,20729,1037464,1058195,222,1249,9738
F8378#F8109,20928,1057693,1078624,247,1250,9738
F4638#F8109,20368,1051162,1071532,257,1251,9738
F4072#F8109,21438,1046376,1067817,223,1253,9738
F1683#F8109,20120,1051356,1071479,180,1257,9738
F1398#F8109,20282,1410072,1430358,249,1261,9738
F9599#F8109,20655,1037765,1058424,224,1263,9738
F7258#F8109,20854,1062510,1083368,203,1264,9738
F6438#F8109,20749,1060878,1081631,276,1266,9738
F8784#F8109,20492,1066228,1086723,254,1267,9738
F587#F8109,21169,1085501,1106673,234,1268,9738
F4665#F8109,20869,1087476,1108348,229,1269,9738
F9881#F8109,20496,1388725,1409224,222,1270,9738
F4882#F8109,20824,1075514,1096341,357,1272,9738
F6762#F8109,23843,1061320,1085167,200,1273,9738
F3534#F8109,21707,1062006,1083717,188,1276,9738
F9540#F8109,20690,1027615,1048310,258,1277,9738
F3808#F8109,21011,1031345,1052359,249,1278,9738
F6833#F8109,20646,1060482,1081131,241,1281,9738
F272#F8109,20709,1108441,1129154,274,1282,9738
F2957#F8109,35375,1315892,1351271,309,1283,9738
F9229#F8109,21671,1044590,1066265,287,1285,9738
F9217#F8109,25547,1070192,1095743,243,1286,9738
F6644#F8109,21277,1061295,1082576,218,1287,9738
F2363#F8109,21205,1073674,1094881,284,1291,9738
F4289#F8109,21752,1054375,1076130,315,1293,9738
F2553#F8109,21160,1065552,1086715,168,1296,9738
F1747#F8109,25382,1429644,1455030,170,1297,9738
F1504#F8109,21838,1047852,1069694,255,1298,9738
F7127#F8109,21093,1024336,1045432,202,1299,9738
F8633#F8109,21069,1029992,1051064,292,1303,9738
F3173#F8109,21145,1054076,1075224,291,1304,9738
F5972#F8109,21711,1071998,1093713,244,1305,9738
F7962#F8109,21851,1034575,1056429,258,1307,9738
F226#F8109,20799,1154836,1175639,274,1309,9738
F5675#F8109,41605,1340251,1381861,248,1311,9738
F8407#F8109,22077,1084308,1106388,250,1313,9738
F4682#F8109,21936,1073863,1095802,253,1314,9738
F4211#F8109,22025,1045970,1067997,328,1316,9738
F167#F8109,21396,1067795,1089194,309,1317,9738
F2700#F8109,24440,1059955,1084398,279,1318,9738
F3168#F8109,22129,1044344,1066475,284,1320,9738
F6548#F8109,23794,1461991,1485788,230,1322,9738
F9053#F8109,25926,1105891,1131820,203,1324,9738
F7793#F8109,22062,1073976,1096041,242,1326,9738
F1333#F8109,22114,1072216,1094333,295,1327,9738
F7797#F8109,21655,1038516,1060173,325,1328,9738
F1067#F8109,22114,1078352,1100470,252,1332,9738
F2204#F8109,24577,1068457,1093038,193,1335,9738
F7982#F8109,22023,1039479,1061506,338,1337,9738
F4281#F8109,21133,1412854,1433990,269,1338,9738
F4332#F8109,23085,1096578,1119667,214,1342,9738
F8144#F8109,22521,1064489,1087013,240,1343,9738
F6961#F8109,21964,1046572,1068540,255,1346,9738
F4480#F8109,26941,1060297,1087242,186,1347,9738
F7299#F8109,22729,1095280,1118013,246,1350,9738
F1313#F8109,26143,1066524,1092672,265,1352,9738
F5970#F8109,23196,1172599,1195798,250,1353,9738
F3372#F8109,35905,1360901,1396811,232,1355,9738
F4403#F8109,21990,1044413,1066407,265,1356,9738
F4292#F8109,22219,1037991,1060213,247,1359,9738
F2832#F8109,22751,1079739,1102493,210,1361,9738
F3327#F8109,22226,1031614,1053843,309,1364,9738
F316#F8109,23453,1063119,1086576,256,1365,9738
F4209#F8109,25591,1058192,1083786,244,1366,9738
F3765#F8109,22495,1381927,1404426,224,1370,9738
F4404#F8109,22169,1098467,1120639,279,1371,9738
F7736#F8109,22326,1068319,1090648,279,1375,9738
F884#F8109,22478,1071168,1093649,244,1378,9738
F715#F8109,22544,1073582,1096129,356,1385,9738
F4633#F8109,23705,1061949,1085657,243,1386,9738
F2593#F8109,22568,1063045,1085616,267,1388,9738
F258#F8109,26955,1063308,1090266,306,1390,9738
F6417#F8109,22233,1347454,1369691,224,1391,9738
F8337#F8109,23170,1072718,1095892,216,1393,9738
F8286#F8109,24100,1070639,1094743,341,1394,9738
F5451#F8109,25779,1052926,1078709,274,1395,9738
F6404#F8109,22498,1047682,1070183,235,1397,9738
F5937#F8109,22711,1048325,1071038,305,1400,9738
F9260#F8109,25517,1069317,1094837,307,1401,9738
F7200#F8109,22993,1324053,1347050,259,1403,9738
F9558#F8109,41024,1124216,1165243,216,1405,9738
F8516#F8109,23339,1078036,1101377,289,1406,9738
F5890#F8109,23849,1069795,1093647,279,1408,9738
F2681#F8109,23177,1085596,1108776,238,1409,9738
F8959#F8109,23533,1069880,1093416,233,1410,9738
F4509#F8109,23392,1038948,1062343,317,1412,9738
F5852#F8109,25090,1057955,1083049,235,1416,9738
F7410#F8109,23215,1394125,1417342,345,1417,9738
F7685#F8109,23149,1065270,1088422,296,1418,9738
F8594#F8109,23447,1032471,1055922,271,1419,9738
F3484#F8109,27468,1034929,1062402,261,1421,9738
F9418#F8109,23725,1047354,1071082,262,1422,9738
F9594#F8109,24219,1061121,1085343,275,1423,9738
F2834#F8109,26634,1034570,1061207,278,1426,9738
F3483#F8109,24068,1229499,1253571,313,1427,9738
F6735#F8109,37635,1224748,1262388,260,1428,9738
F3837#F8109,23444,1062265,1085711,338,1429,9738
F4855#F8109,24890,1045038,1069932,259,1430,9738
F7114#F8109,23433,1050207,1073643,237,1431,9738
F2527#F8109,23438,1080932,1104373,255,1433,9738
F2493#F8109,24010,1057537,1081550,248,1436,9738
F3431#F8109,23414,1055579,1078996,288,1437,9738
F9454#F8109,27239,1394164,1421407,213,1439,9738
F1836#F8109,27783,1063488,1091274,263,1440,9738
F9400#F8109,23411,1050524,1073938,262,1441,9738
F7538#F8109,23889,1046341,1070234,277,1445,9738
F7194#F8109,27319,1060231,1087553,278,1446,9738
F7936#F8109,23833,1081251,1105087,377,1447,9738
F5415#F8109,26658,1068802,1095464,213,1449,9738
F1370#F8109,23278,1143627,1166909,282,1451,9738
F2611#F8109,55436,1331944,1387385,283,1452,9738
F5697#F8109,28194,1051717,1079915,243,1454,9738
F7367#F8109,24353,1036172,1060528,327,1457,9738
F4363#F8109,24814,1050898,1075716,294,1458,9738
F1251#F8109,23784,1055532,1079319,168,1461,9738
F5519#F8109,24138,1045734,1069874,285,1463,9738
F65#F8109,23725,1042539,1066267,245,1464,9738
F4742#F8109,23806,1383901,1407710,236,1465,9738
F3247#F8109,25003,1085819,1110826,287,1466,9738
F4916#F8109,24598,1037826,1062427,335,1467,9738
F4601#F8109,24397,1062279,1086680,314,1472,9738
F1806#F8109,24008,1073510,1097521,262,1473,9738
F511#F8109,24164,1073221,1097388,247,1474,9738
F5785#F8109,24031,1085046,1109080,334,1475,9738
F4390#F8109,24780,1108623,1133408,256,1479,9738
F6440#F8109,53181,1267291,1320476,237,1481,9738
F9051#F8109,24518,1034607,1059128,286,1485,9738
F9679#F8109,24455,1042633,1067091,292,1486,9738
F5949#F8109,24238,1053595,1077835,267,1487,9738
F2076#F8109,24202,1065654,1089860,216,1488,9738
F8949#F8109,26528,1064299,1090831,215,1489,9738
F5216#F8109,28304,1089324,1117631,306,1493,9738
F2692#F8109,24883,1407714,1432601,267,1495,9738
F5625#F8109,25190,1086409,1111604,306,1497,9738
F1220#F8109,29624,1061149,1090777,354,1498,9738
F194#F8109,25494,1063315,1088813,246,1499,9738
F1097#F8109,24999,1071122,1096125,221,1502,9738
F1303#F8109,25337,1068386,1093726,316,1503,9738
F4344#F8109,25016,1069465,1094483,241,1505,9738
F6844#F8109,25042,1064769,1089815,172,1507,9738
F6592#F8109,50976,1331769,1382750,323,1509,9738
F7911#F8109,25340,1059422,1084765,269,1511,9738
F9278#F8109,25304,1079921,1105228,304,1512,9738
F7100#F8109,25454,1077726,1103184,304,1515,9738
F5013#F8109,25191,1091630,1116824,216,1516,9738
F1059#F8109,24793,1089223,1114019,364,1517,9738
F444#F8109,25893,1060855,1086752,383,1518,9738
F2262#F8109,25085,1405154,1430242,266,1522,9738
F3220#F8109,26677,1071072,1097752,210,1523,9738
F9215#F8109,25923,1070193,1096118,320,1526,9738
F6789#F8109,25475,1069630,1095107,224,1527,9738
F7649#F8109,25680,1052704,1078387,226,1528,9738
F8696#F8109,25031,1067629,1092664,286,1529,9738
F2710#F8109,26230,1058997,1085229,279,1531,9738
F1715#F8109,24683,1042656,1067341,283,1532,9738
F4268#F8109,28632,1442955,1471590,295,1533,9738
F6931#F8109,25706,1070565,1096273,391,1534,9738
F2078#F8109,26002,1067774,1093779,281,1535,9738
F2607#F8109,25303,1074268,1099574,298,1537,9738
F6499#F8109,25319,1100677,1126000,263,1538,9738
F8406#F8109,25678,1085547,1111228,309,1541,9738
F9237#F8109,25213,1078100,1103316,252,1543,9738
F4081#F8109,25484,1407941,1433428,292,1544,9738
F4112#F8109,25873,1115636,1141512,310,1546,9738
F3868#F8109,26184,1108726,1134914,378,1547,9738
F8033#F8109,25419,1089459,1114881,337,1548,9738
F5360#F8109,26504,1044353,1070860,182,1549,9738
F8601#F8109,25984,1063267,1089254,315,1551,9738
F8968#F8109,25829,1069920,1095752,278,1553,9738
F3313#F8109,26840,1116436,1143280,302,1555,9738
F1721#F8109,50171,1310841,1361018,214,1560,9738
F3666#F8109,25934,1069004,1094941,268,1562,9738
F5101#F8109,29678,1072961,1102643,259,1563,9738
F8761#F8109,25292,1061698,1086994,401,1565,9738
F1711#F8109,25292,1051195,1076490,213,1566,9738
F4083#F8109,25650,1064491,1090143,246,1568,9738
F6348#F8109,27489,1056318,1083810,331,1569,9738
F5845#F8109,31159,1422097,1453260,289,1570,9738
F4890#F8109,27337,1091351,1118691,366,1571,9738
F1704#F8109,26093,1072414,1098511,193,1573,9738
F8532#F8109,26298,1067400,1093702,262,1576,9738
F3799#F8109,26041,1066006,1092051,285,1577,9738
F5325#F8109,26194,1058548,1084745,285,1581,9738
F8241#F8109,26030,1059146,1085179,345,1583,9738
F4456#F8109,25452,1259985,1285440,305,1586,9738
F3944#F8109,41752,1214723,1256479,336,1588,9738
F3440#F8109,26127,1077592,1103722,297,1593,9738
F6532#F8109,26053,1075645,1101702,299,1597,9738
F0#F8109,26053,1031963,1058018,372,1599,9738
F2566#F8109,25964,1041964,1067930,320,1600,9738
F5402#F8109,29411,1063636,1093050,393,1603,9738
F7496#F8109,26050,1042988,1069041,159,1604,9738
F237#F8109,26219,1365326,1391548,291,1607,9738
F2592#F8109,27190,1116085,1143278,326,1608,9738
F1469#F8109,26771,1062181,1088956,284,1611,9738
F7833#F8109,27695,1066010,1093708,215,1612,9738
F3510#F8109,29608,1070629,1100240,183,1614,9738
F1896#F8109,27416,1061023,1088442,340,1615,9738
F7231#F8109,26018,1067759,1093780,360,1617,9738
F4197#F8109,26817,1110532,1137353,411,1619,9738
F3159#F8109,58895,1304318,1363219,390,1620,9738
F8213#F8109,26908,1089865,1116778,242,1621,9738
F6638#F8109,26768,1076775,1103546,283,1622,9738
F2577#F8109,27087,1063741,1090833,264,1627,9738
F3673#F8109,27623,1081122,1108749,302,1629,9738
F9070#F8109,26890,1062359,1089252,227,1630,9738
F3091#F8109,30761,1072123,1102888,207,1631,9738
F4985#F8109,27905,1416092,1444000,251,1637,9738
F6391#F8109,27248,1094369,1121619,325,1639,9738
F701#F8109,26939,1079434,1106376,200,1642,9738
F148#F8109,28921,1044481,1073405,273,1647,9738
F5408#F8109,28074,1082289,1110366,299,1649,9738
F5529#F8109,26872,1072898,1099773,340,1650,9738
F7121#F8109,28257,1077189,1105450,289,1652,9738
F4964#F8109,27959,1158335,1186298,309,1653,9738
F6925#F8109,44863,1285680,1330549,235,1657,9738
F6267#F8109,27789,1088840,1116631,394,1661,9738
F3461#F8109,27889,1094495,1122388,314,1668,9738
F9081#F8109,26952,1068158,1095114,300,1670,9738
F8937#F8109,27208,1082488,1109699,250,1671,9738
F2014#F8109,28984,1068533,1097520,360,1673,9738
F9405#F8109,26771,1065201,1091977,268,1674,9738
F9612#F8109,27833,1383567,1411405,364,1675,9738
F8659#F8109,27853,1072113,1099971,316,1677,9738
F6220#F8109,27758,1078904,1106666,370,1680,9738
F227#F8109,28114,1086350,1114466,323,1681,9738
F4752#F8109,27101,1068278,1095381,250,1689,9738
F9484#F8109,27207,1089696,1116906,250,1690,9738
F8433#F8109,29000,1081835,1110838,182,1692,9738
F3694#F8109,26763,1131772,1158539,292,1693,9738
F4165#F8109,45793,1317628,1363425,325,1696,9738
F9473#F8109,28300,1072339,1100642,309,1698,9738
F3352#F8109,28433,1057655,1086091,221,1699,9738
F801#F8109,32480,1070312,1102794,424,1700,9738
F4195#F8109,27825,1095185,1123013,238,1701,9738
F9590#F8109,34296,1071425,1105725,300,1704,9738
F139#F8109,28421,1080906,1109330,263,1707,9738
F9509#F8109,34656,1400492,1435151,214,1711,9738
F2872#F8109,29206,1091014,1120223,411,1718,9738
F3191#F8109,29451,1078531,1107986,365,1720,9738
F151#F8109,34938,1074588,1109530,334,1723,9738
F2067#F8109,29862,1090555,1120420,344,1725,9738
F1308#F8109,27706,1047135,1074844,303,1726,9738
F689#F8109,28966,1060970,1089939,312,1728,9738
F5085#F8109,28336,1078578,1106917,322,1730,9738
F8969#F8109,27384,1384876,1412264,281,1732,9738
F9610#F8109,29553,1073010,1102566,308,1735,9738
F1069#F8109,29334,1070423,1099760,264,1738,9738
F1090#F8109,29271,1070158,1099431,379,1744,9738
F7415#F8109,30053,1093402,1123457,467,1749,9738
F9797#F8109,28786,1081588,1110377,390,1753,9738
F5975#F8109,28223,1069012,1097238,309,1754,9738
F651#F8109,28014,1415966,1443984,320,1755,9738
F8333#F8109,29381,1105851,1135235,209,1757,9738
F4671#F8109,32725,1079553,1112281,265,1759,9738
F6811#F8109,29937,1071921,1101861,215,1760,9738
F8456#F8109,33541,1065141,1098686,278,1764,9738
F1680#F8109,29251,1086582,1115836,225,1767,9738
F4129#F8109,34778,1095647,1130427,393,1769,9738
F6949#F8109,32744,1071668,1104415,334,1770,9738
F5021#F8109,28024,1468953,1496980,335,1772,9738
F8072#F8109,28850,1073651,1102504,358,1773,9738
F898#F8109,29769,1071615,1101387,404,1775,9738
F7757#F8109,29199,1067539,1096742,526,1778,9738
F2359#F8109,28488,1068402,1096893,312,1779,9738
F76#F8109,29472,1094574,1124049,313,1780,9738
F4994#F8109,29010,1102008,1131021,315,1782,9738
F585#F8109,29625,1394834,1424461,239,1786,9738
F4676#F8109,29478,1090013,1119494,340,1788,9738
F8734#F8109,34074,1075237,1109315,321,1795,9738
F2223#F8109,29787,1060194,1089985,381,1796,9738
F5646#F8109,30709,1080077,1110788,298,1799,9738
F8163#F8109,30059,1090024,1120086,317,1802,9738
F289#F8109,31958,1058391,1090352,278,1803,9738
F7819#F8109,29412,1248456,1277873,327,1807,9738
F2461#F8109,51952,1307068,1359024,334,1808,9738
F3516#F8109,30241,1064778,1095022,251,1811,9738
F8549#F8109,29266,1073944,1103213,253,1815,9738
F4134#F8109,28932,1059126,1088062,258,1816,9738
F2555#F8109,29727,1079120,1108851,283,1819,9738
F7841#F8109,29569,1067426,1096999,336,1823,9738
F8710#F8109,29846,1091342,1121191,280,1824,9738
F1456#F8109,33883,1436538,1470425,298,1828,9738
F4051#F8109,30703,1063598,1094304,501,1829,9738
F5290#F8109,29571,1079665,1109240,336,1830,9738
F5142#F8109,29273,1070277,1099553,382,1831,9738
F8353#F8109,30280,1068926,1099210,250,1833,9738
F3989#F8109,30012,1070068,1100084,276,1841,9738
F733#F8109,29916,1084076,1113995,362,1842,9738
F1449#F8109,33584,1405789,1439377,406,1843,9738
F4610#F8109,38714,1119956,1158676,271,1844,9738
F2302#F8109,32460,1092209,1124674,382,1854,9738
F7838#F8109,30036,1043347,1073392,322,1856,9738
F6081#F8109,31445,1046061,1077510,334,1861,9738
F4939#F8109,30347,1044544,1074895,341,1862,9738
F3485#F8109,30710,1062290,1093003,225,1869,9738
F1644#F8109,35503,1081422,1116928,320,1874,9738
F2627#F8109,30272,1401143,1431417,391,1876,9738
F112#F8109,30989,1094928,1125920,370,1877,9738
F5459#F8109,35749,1091055,1126808,375,1878,9738
F4856#F8109,31606,1088407,1120016,325,1883,9738
F8392#F8109,32284,1081070,1113359,367,1884,9738
F9730#F8109,31967,1096003,1127973,312,1889,9738
F3651#F8109,32278,1091713,1123995,315,1891,9738
F7727#F8109,35603,1367740,1403347,352,1892,9738
F7139#F8109,53811,1179915,1233731,222,1899,9738
F6751#F8109,35966,1092796,1128766,357,1903,9738
F4575#F8109,31211,1094411,1125625,241,1907,9738
F2615#F8109,32284,1077536,1109823,396,1909,9738
F7963#F8109,33255,1065350,1098608,326,1910,9738
F181#F8109,33914,1054666,1088583,300,1919,9738
F5921#F8109,33123,1063741,1096867,224,1926,9738
F5542#F8109,34958,1450094,1485056,474,1928,9738
F2982#F8109,31677,1111993,1143674,242,1932,9738
F8204#F8109,36482,1068188,1104673,335,1933,9738
F2873#F8109,31889,1076258,1108150,335,1934,9738
F6080#F8109,32268,1062323,1094593,246,1935,9738
F6027#F8109,32273,1066140,1098415,365,1936,9738
F1499#F8109,31905,1090154,1122063,414,1942,9738
F3493#F8109,31801,1387915,1419721,331,1945,9738
F5910#F8109,34954,1129290,1164250,291,1946,9738
F1112#F8109,34406,1077369,1111778,250,1949,9738
F2107#F8109,31628,1081572,1113203,267,1950,9738
F9998#F8109,35789,1082038,1117831,386,1951,9738
F8892#F8109,32000,1066788,1098791,252,1953,9738
F9144#F8109,34501,1083057,1117562,244,1957,9738
F7052#F8109,32740,1072891,1105634,281,1958,9738
F2068#F8109,32330,1423398,1455730,369,1966,9738
F7889#F8109,33718,1068497,1102220,303,1970,9738
F5062#F8109,32677,1070655,1103335,339,1973,9738
F1287#F8109,32427,1076085,1108515,246,1980,9738
F7825#F8109,31982,1085078,1117064,278,1984,9738
F8555#F8109,32896,1083527,1116426,433,1985,9738
F1030#F8109,39684,1090140,1129827,271,1994,9738
F5873#F8109,33451,1453132,1486586,361,1996,9738
F4678#F8109,33827,1147785,1181616,339,1997,9738
F69#F8109,34146,1091556,1125705,392,1999,9738
F8506#F8109,37393,1091989,1129385,308,2003,9738
F9116#F8109,34146,1094358,1128509,260,2006,9738
F7183#F8109,33284,1087847,1121135,331,2014,9738
F975#F8109,33510,1066489,1100004,356,2030,9738
F6403#F8109,33045,1071026,1104074,401,2031,9738
F7277#F8109,32522,1432912,1465439,366,2033,9738
F5331#F8109,33715,1104954,1138672,339,2043,9738
F4821#F8109,33295,1099281,1132578,351,2044,9738
F4860#F8109,33324,1101486,1134814,350,2048,9738
F4181#F8109,34322,1116684,1151010,478,2049,9738
F7776#F8109,34767,1064501,1099271,414,2053,9738
F8090#F8109,36940,1074725,1111668,353,2054,9738
F6144#F8109,34625,1390919,1425547,443,2055,9738
F7316#F8109,33805,1071430,1105239,454,2058,9738
F7722#F8109,37265,1120014,1157283,450,2061,9738
F8909#F8109,36267,1104180,1140450,354,2062,9738
F240#F8109,33971,1083279,1117253,402,2069,9738
F4910#F8109,33068,1086632,1119702,236,2072,9738
F4093#F8109,34554,1056465,1091023,366,2073,9738
F9775#F8109,34638,1123654,1158294,290,2074,9738
F3706#F8109,57031,1295273,1352309,357,2078,9738
F5527#F8109,35961,1107217,1143182,257,2085,9738
F1727#F8109,33845,1091974,1125822,281,2093,9738
F4978#F8109,35182,1088211,1123396,255,2094,9738
F6281#F8109,37557,1098665,1136240,459,2096,9738
F4880#F8109,36980,1104065,1141048,368,2098,9738
F7413#F8109,34820,1097859,1132682,392,2099,9738
F5072#F8109,39701,1385021,1424726,381,2100,9738
F2385#F8109,40497,1105626,1146126,425,2104,9738
F1986#F8109,34016,1065982,1100001,342,2113,9738
F2987#F8109,34909,1067832,1102744,290,2115,9738
F9899#F8109,36205,1081565,1117774,358,2120,9738
F6865#F8109,35887,1092393,1128283,433,2125,9738
F4499#F8109,35362,1085515,1120879,465,2127,9738
F6977#F8109,33469,1189515,1222987,434,2131,9738
F536#F8109,65933,1240824,1306762,353,2135,9738
F9086#F8109,34252,1076252,1110507,314,2138,9738
F4581#F8109,36257,1077443,1113705,430,2140,9738
F3103#F8109,34749,1082776,1117528,314,2144,9738
F9835#F8109,34876,1074692,1109572,386,2146,9738
F1675#F8109,35184,1093571,1128759,379,2148,9738
F5146#F8109,35309,1086264,1121576,512,2149,9738
F8485#F8109,38682,1393282,1431969,328,2150,9738
F7933#F8109,40111,1061812,1101926,409,2153,9738
F4038#F8109,35570,1103098,1138671,371,2154,9738
F6755#F8109,40572,1088514,1129089,379,2156,9738
F4086#F8109,35624,1089656,1125283,280,2157,9738
F2415#F8109,35144,1088085,1123232,375,2161,9738
F827#F8109,35664,1106745,1142411,329,2163,9738
F9043#F8109,34590,1299743,1334337,382,2164,9738
F844#F8109,65206,1188139,1253348,403,2165,9738
F8873#F8109,36644,1083154,1119801,468,2172,9738
F6448#F8109,35345,1062735,1098083,373,2174,9738
F3679#F8109,35409,1088361,1123773,390,2186,9738
F2804#F8109,36069,1100970,1137041,321,2188,9738
F2283#F8109,35067,1098277,1133348,346,2189,9738
F6360#F8109,36271,1080357,1116632,320,2193,9738
F4340#F8109,35287,1460316,1495607,281,2196,9738
F2968#F8109,42864,1051198,1094065,235,2206,9738
F1436#F8109,35801,1071605,1107408,357,2207,9738
F999#F8109,39682,1059216,1098902,380,2212,9738
F6557#F8109,36097,1066185,1102284,438,2213,9738
F1092#F8109,36271,1089606,1125881,307,2217,9738
F1261#F8109,36084,1089091,1125179,382,2220,9738
F6513#F8109,40508,1431188,1471701,529,2222,9738
F8807#F8109,37239,1096231,1133474,371,2224,9738
F8301#F8109,36780,1087498,1124283,401,2225,9738
F4066#F8109,37315,1097655,1134974,432,2234,9738
F8078#F8109,41661,1101347,1143012,362,2237,9738
F4145#F8109,36772,1068706,1105481,372,2244,9738
F4732#F8109,37950,1088759,1126713,507,2252,9738
F6157#F8109,36746,1215324,1252074,415,2253,9738
F158#F8109,70769,1276209,1346983,310,2257,9738
F3638#F8109,36283,1097067,1133352,498,2263,9738
F7411#F8109,37823,1072505,1110332,358,2265,9738
F6623#F8109,36938,1073389,1110331,409,2268,9738
F9436#F8109,37452,1109387,1146842,280,2270,9738
F8654#F8109,40045,1086259,1126308,268,2279,9738
F3121#F8109,35928,1099339,1135271,389,2285,9738
F2124#F8109,36407,1409465,1445876,354,2287,9738
F5012#F8109,38645,1113230,1151878,387,2289,9738
F568#F8109,40706,1096501,1137211,422,2297,9738
F8069#F8109,38776,1076244,1115023,374,2303,9738
F434#F8109,38279,1092116,1130397,517,2305,9738
F2641#F8109,39780,1082311,1122094,342,2308,9738
F7920#F8109,39295,1084188,1123486,476,2311,9738
F9857#F8109,43265,1455130,1498400,398,2324,9738
F4508#F8109,45832,1142707,1188543,401,2325,9738
F1316#F8109,38140,1102806,1140949,442,2331,9738
F6156#F8109,39897,1077575,1117476,263,2336,9738
F1100#F8109,37853,1070007,1107862,349,2343,9738
F3993#F8109,42003,1106402,1148409,441,2349,9738
F3509#F8109,39600,1115326,1154929,409,2364,9738
F424#F8109,39216,1105648,1144868,405,2368,9738
F7393#F8109,92179,1391239,1483423,531,2371,9738
F4388#F8109,39320,1112298,1151621,346,2377,9738
F8837#F8109,44291,1091361,1135655,280,2388,9738
F9629#F8109,39175,1082984,1122163,396,2398,9738
F4408#F8109,40476,1085517,1125996,353,2407,9738
F3790#F8109,40257,1103131,1143391,513,2408,9738
F6915#F8109,40122,1088365,1128490,412,2415,9738
F1136#F8109,43640,1415327,1458972,268,2418,9738
F147#F8109,39905,1103568,1143477,542,2423,9738
F1950#F8109,39764,1099503,1139272,410,2425,9738
F9768#F8109,39827,1061580,1101411,326,2431,9738
F8781#F8109,45122,1112051,1157176,363,2435,9738
F2600#F8109,40172,1099857,1140032,311,2437,9738
F3849#F8109,42327,1110592,1152923,301,2453,9738
F7255#F8109,45408,1410628,1456040,441,2459,9738
F947#F8109,43306,1106024,1149334,368,2460,9738
F4067#F8109,45017,1081278,1126298,281,2465,9738
F2184#F8109,41646,1096078,1137728,444,2467,9738
F6171#F8109,43628,1108216,1151847,299,2473,9738
F4118#F8109,40328,1086038,1126370,405,2485,9738
F7291#F8109,40490,1068049,1108541,487,2487,9738
F8502#F8109,43033,1186513,1229549,365,2494,9738
F7867#F8109,66485,1325095,1391585,499,2497,9738
F6299#F8109,44654,1093982,1138638,434,2510,9738
F3591#F8109,41455,1107711,1149170,443,2522,9738
F508#F8109,41003,1099795,1140802,424,2523,9738
F6657#F8109,46924,1087461,1134388,402,2574,9738
F8105#F8109,42414,1069747,1112163,396,2579,9738
F417#F8109,45173,1076091,1121267,465,2585,9738
F5867#F8109,40954,1489531,1530490,380,2598,9738
F3658#F8109,43652,1108099,1151755,353,2601,9738
F7990#F8109,45042,1111560,1156605,463,2603,9738
F329#F8109,44033,1086308,1130344,388,2608,9738
F3460#F8109,42517,1086265,1128786,313,2610,9738
F4933#F8109,43572,1098538,1142113,436,2616,9738
F5863#F8109,42461,1087632,1130096,419,2618,9738
F2002#F8109,47133,1410076,1457213,404,2621,9738
F9085#F8109,43532,1097774,1141309,296,2626,9738
F4927#F8109,47313,1105069,1152385,347,2638,9738
F5461#F8109,42901,1094538,1137442,430,2640,9738
F2112#F8109,45080,1117145,1162228,472,2648,9738
F4146#F8109,45130,1067062,1112197,400,2654,9738
F922#F8109,44418,1090649,1135069,415,2660,9738
F2545#F8109,46114,1209664,1255782,380,2687,9738
F186#F8109,72429,1323318,1395751,396,2692,9738
F7739#F8109,43754,1080301,1124058,561,2695,9738
F8736#F8109,49107,1097616,1146725,385,2700,9738
F6306#F8109,44848,1098169,1143019,359,2702,9738
F2868#F8109,43551,1117417,1160971,443,2718,9738
F9663#F8109,43636,1084295,1127935,326,2727,9738
F6373#F8109,44581,1089464,1134048,532,2734,9738
F9871#F8109,45238,1435861,1481103,388,2742,9738
F8113#F8109,45343,1113707,1159053,451,2745,9738
F7487#F8109,46850,1115911,1162765,449,2749,9738
F8878#F8109,49317,1111820,1161141,482,2752,9738
F7507#F8109,47152,1101348,1148503,403,2753,9738
F1007#F8109,45678,1114141,1159821,387,2758,9738
F6208#F8109,48438,1098042,1146484,573,2766,9738
F7132#F8109,49190,1434765,1483959,421,2768,9738
F3085#F8109,46369,1122488,1168861,596,2770,9738
F1142#F8109,51060,1115494,1166558,340,2774,9738
F8721#F8109,46387,1124598,1170989,455,2777,9738
F2866#F8109,45945,1132517,1178464,443,2787,9738
F8527#F8109,46429,1123707,1170140,463,2794,9738
F6995#F8109,46875,1115207,1162088,364,2811,9738
F6003#F8109,45710,1453078,1498793,395,2815,9738
F8012#F8109,59398,1127517,1186919,464,2830,9738
F2416#F8109,46869,1121850,1168722,372,2838,9738
F114#F8109,46202,1144144,1190349,386,2849,9738
F4760#F8109,51563,1107621,1159187,430,2853,9738
F1437#F8109,47083,1123907,1170994,404,2854,9738
F6834#F8109,47342,1145891,1193235,326,2857,9738
F6058#F8109,47807,1226248,1274058,458,2866,9738
F8951#F8109,86715,1296789,1383509,305,2880,9738
F9449#F8109,47162,1104686,1151850,425,2888,9738
F8320#F8109,48681,1126367,1175052,592,2900,9738
F9915#F8109,47967,1119159,1167130,552,2907,9738
F1468#F8109,52085,1107708,1159796,395,2924,9738
F5162#F8109,46348,1107817,1154167,453,2928,9738
F1795#F8109,49587,1084863,1134453,521,2933,9738
F3348#F8109,50493,1386246,1436742,578,2934,9738
F4962#F8109,47466,1091900,1139371,418,2938,9738
F3108#F8109,50218,1093316,1143537,419,2950,9738
F5671#F8109,48001,1111505,1159509,455,2952,9738
F335#F8109,48693,1094862,1143559,431,2953,9738
F9448#F8109,54118,1127672,1181793,456,2959,9738
F2860#F8109,51713,1142503,1194220,474,2961,9738
F4007#F8109,48159,1452949,1501111,507,2967,9738
F9337#F8109,53308,1128330,1181643,466,2969,9738
F8062#F8109,53893,1114098,1167994,472,2983,9738
F7985#F8109,48633,1106121,1154756,513,2984,9738
F5762#F8109,49333,1131851,1181187,277,2992,9738
F8254#F8109,50918,1115801,1166722,415,3035,9738
F9880#F8109,54137,1111019,1165160,477,3060,9738
F5036#F8109,52660,1447023,1499687,337,3067,9738
F5523#F8109,52487,1144409,1196899,534,3080,9738
F5864#F8109,50961,1083723,1134687,517,3090,9738
F5160#F8109,51776,1114084,1165863,372,3091,9738
F994#F8109,54134,1115851,1169988,540,3099,9738
F6310#F8109,52840,1143045,1195888,328,3129,9738
F556#F8109,52775,1104905,1157684,482,3149,9738
F7883#F8109,56638,1263217,1319859,451,3156,9738
F4337#F8109,83231,1296820,1380056,552,3186,9738
F2210#F8109,54625,1108133,1162761,632,3191,9738
F4845#F8109,53820,1115757,1169580,489,3203,9738
F7879#F8109,56778,1106764,1163545,471,3214,9738
F4681#F8109,51368,1112319,1163691,349,3223,9738
F2811#F8109,52429,1091845,1144277,441,3230,9738
F3283#F8109,54548,1212939,1267493,470,3232,9738
F3236#F8109,84745,1387881,1472631,577,3233,9738
F5400#F8109,54294,1129371,1183668,484,3250,9738
F2844#F8109,54110,1123709,1177824,516,3268,9738
F3062#F8109,53435,1074373,1127811,460,3279,9738
F5276#F8109,57758,1120385,1178146,365,3292,9738
F3157#F8109,58769,1127611,1186383,651,3306,9738
F4956#F8109,54332,1260028,1314364,500,3341,9738
F5020#F8109,91502,1344579,1436086,388,3342,9738
F8607#F8109,56718,1148604,1205326,401,3391,9738
F6568#F8109,56155,1099177,1155334,565,3410,9738
F2892#F8109,59542,1109565,1169111,394,3411,9738
F7412#F8109,55548,1142161,1197711,418,3454,9738
F7237#F8109,57317,1127550,1184870,438,3478,9738
F7428#F8109,56304,1161108,1217416,484,3480,9738
F8495#F8109,109414,1383641,1493060,489,3501,9738
F6562#F8109,62902,1140413,1203318,693,3505,9738
F9094#F8109,62905,1122285,1185194,582,3548,9738
F9748#F8109,60286,1114411,1174701,379,3567,9738
F5272#F8109,56401,1144207,1200611,407,3585,9738
F1122#F8109,57716,1162391,1220110,320,3649,9738
F1091#F8109,59902,1191274,1251181,368,3662,9738
F6615#F8109,106958,1392603,1499565,515,3690,9738
F4767#F8109,60749,1128301,1189054,590,3701,9738
F7495#F8109,67756,1144683,1212442,505,3739,9738
F1438#F8109,65762,1129546,1195311,492,3746,9738
F5297#F8109,64790,1125364,1190157,436,3750,9738
F9545#F8109,62526,1138165,1200694,614,3753,9738
F9015#F8109,66423,1141705,1208132,542,3871,9738
F9220#F8109,63579,1494351,1557933,495,3889,9738
F8350#F8109,63463,1135795,1199260,358,3911,9738
F192#F8109,67770,1150008,1217781,416,3954,9738
F1823#F8109,62617,1134407,1197026,528,3957,9738
F7498#F8109,66092,1129264,1195359,549,3958,9738
F6722#F8109,64386,1143923,1208312,429,3964,9738
F8125#F8109,69301,1162274,1231578,657,3978,9738
F5137#F8109,64666,1484493,1549163,467,3994,9738
F4414#F8109,72093,1144646,1216744,387,4008,9738
F6731#F8109,69005,1155528,1224538,431,4057,9738
F3737#F8109,67275,1144510,1211789,495,4131,9738
F4383#F8109,69133,1135789,1204925,441,4152,9738
F8566#F8109,70342,1125307,1195652,475,4182,9738
F3223#F8109,68295,1132894,1201193,496,4193,9738
F9872#F8109,69477,1487966,1557446,597,4219,9738
F2454#F8109,77583,1188648,1266234,576,4287,9738
F1027#F8109,74723,1126172,1200899,429,4314,9738
F7577#F8109,74757,1129995,1204756,561,4349,9738
F9172#F8109,75648,1157184,1232835,565,4360,9738
F1601#F8109,79681,1152216,1231902,644,4404,9738
F6775#F8109,72891,1148097,1220991,460,4407,9738
F6907#F8109,74373,1420648,1495026,478,4502,9738
F8295#F8109,143336,1211431,1354771,615,4559,9738
F8805#F8109,78267,1176857,1255127,563,4669,9738
F859#F8109,77077,1184611,1261691,584,4737,9738
F5755#F8109,84502,1172122,1256627,624,4816,9738
F5223#F8109,85740,1157755,1243498,594,4949,9738
F8478#F8109,79225,1138076,1217305,649,4967,9738
F4367#F8109,83059,1490749,1573811,585,5123,9738
F1324#F8109,94172,1190241,1284416,825,5211,9738
F2146#F8109,91652,1197800,1289455,690,5220,9738
F756#F8109,95548,1185339,1280890,548,5514,9738
F4844#F8109,98286,1194834,1293124,650,5534,9738
F6180#F8109,90298,1184485,1274786,488,5628,9738
F2823#F8109,95319,1186964,1282287,708,5699,9738
F8305#F8109,90550,1535126,1625680,571,5800,9738
F1440#F8109,100576,1238336,1338915,641,5894,9738
F5372#F8109,103780,1186333,1290117,646,5932,9738
F749#F8109,99436,1194164,1293604,699,5952,9738
F8458#F8109,103311,1230674,1333989,570,6046,9738
F4734#F8109,96290,1183836,1280129,559,6057,9738
F6526#F8109,96818,1167539,1264361,511,6174,9738
F9984#F8109,102362,1536436,1638801,454,6216,9738
F6807#F8109,108476,1253181,1361661,942,6286,9738
F4215#F8109,106991,1235853,1342846,618,6350,9738
F8469#F8109,102487,1195587,1298077,730,6356,9738
F3834#F8109,108627,1221895,1330526,785,6377,9738
F6821#F8109,111933,1235604,1347540,637,6724,9738
F6275#F8109,113220,1226828,1340052,766,6895,9738
F2154#F8109,119094,1573084,1692184,702,7343,9738
F4084#F8109,131174,1270415,1401592,810,7752,9738
F7908#F8109,142530,1286975,1429509,703,8234,9738
F7726#F8109,135608,1242621,1378235,617,8405,9738
F2683#F8109,136167,1301800,1437970,1030,8451,9738
F2143#F8109,140203,1265610,1405816,747,8574,9738
F8476#F8109,147100,1616119,1763223,864,8992,9738
F8109#F8109,172945,1331553,1504501,9738,9738,9738
