keyword,clientTime,serverTime,exTime,totalTime,resultLength,payloadSize,w1,w2
F19998#F16238,173,55,0,231,0,360,10,37
F19998#F16235,73,47,0,122,0,360,10,38
F19998#F16214,76,53,0,130,0,360,10,39
F19998#F16208,77,44,0,122,0,360,10,40
F19998#F16184,67,43,0,112,0,360,10,41
F19998#F16130,114,53,0,168,0,360,10,42
F19998#F16090,74,37,0,113,0,360,10,43
F19998#F16023,64,87,0,152,0,360,10,44
F19998#F15924,53,41,0,96,0,360,10,45
F19998#F15885,61,38,0,100,0,360,10,46
F19998#F15849,68,36,0,105,0,360,10,47
F19998#F15747,89,87,0,178,0,360,10,48
F19998#F15700,61,35,0,97,0,360,10,49
F19998#F15569,112,41,0,154,0,360,10,50
F19998#F15547,58,36,0,96,0,360,10,51
F19998#F15477,103,38,0,142,0,360,10,52
F19998#F15415,57,38,0,96,0,360,10,53
F19998#F15343,56,37,0,94,0,360,10,54
F19998#F15199,59,41,0,101,0,360,10,55
F19998#F15114,58,83,0,143,0,360,10,56
F19998#F15029,54,44,0,99,0,360,10,57
F19998#F15003,55,35,0,92,0,360,10,58
F19998#F14877,54,67,0,122,0,360,10,59
F19998#F14805,52,35,0,88,0,360,10,60
F19998#F14736,60,41,0,102,0,360,10,61
F19998#F14645,61,86,0,148,0,360,10,62
F19998#F14621,73,44,0,118,0,360,10,63
F19998#F14498,62,48,0,111,0,360,10,64
F19998#F14396,55,40,0,96,0,360,10,65
F19998#F14377,57,36,0,94,0,360,10,66
F19998#F14270,56,80,0,137,0,360,10,67
F19998#F14173,51,37,0,89,0,360,10,68
F19998#F14061,49,33,0,83,0,360,10,69
F19998#F13990,99,38,0,138,0,360,10,70
F19998#F13973,57,35,0,94,0,360,10,71
F19998#F13834,65,38,0,104,0,360,10,72
F19998#F13757,99,39,0,139,0,360,10,73
F19998#F13740,51,35,0,88,0,360,10,74
F19998#F13640,96,37,0,133,0,360,10,75
F19998#F13574,51,85,0,138,0,360,10,76
F19998#F13494,47,87,0,135,0,360,10,77
F19998#F13434,54,37,0,93,0,360,10,78
F19998#F13361,58,35,0,95,0,360,10,79
F19998#F13313,52,36,0,89,0,360,10,80
F19998#F13182,52,72,0,126,0,360,10,81
F19998#F13093,57,34,0,91,0,360,10,82
F19998#F13082,66,42,0,110,0,360,10,83
F19998#F13005,48,52,0,101,0,360,10,84
F19998#F12930,67,38,0,106,0,360,10,85
F19998#F12893,54,44,0,100,0,360,10,86
F19998#F12810,52,34,0,87,0,360,10,87
F19998#F12745,49,37,0,87,0,360,10,88
F19998#F12626,53,45,0,99,0,360,10,89
F19998#F12547,54,38,0,93,0,360,10,90
F19998#F12523,58,37,0,97,0,360,10,91
F19998#F12401,53,88,0,142,0,360,10,92
F19998#F12337,53,34,0,88,0,360,10,93
F19998#F12284,49,84,0,135,0,360,10,94
F19998#F12231,61,34,0,95,0,360,10,95
F19998#F12103,53,51,0,105,0,360,10,96
F19998#F12020,47,91,0,140,0,360,10,97
F19998#F11994,53,43,0,98,0,360,10,98
F19998#F11907,52,36,0,89,0,360,10,99
F19998#F11843,55,42,0,98,0,360,10,100
F19998#F11784,52,34,0,87,0,360,10,101
F19998#F11768,55,35,0,91,0,360,10,102
F19998#F11701,59,83,0,143,0,360,10,103
F19998#F11646,59,36,0,96,0,360,10,104
F19998#F11583,88,37,0,127,0,360,10,105
F19998#F11512,65,35,0,101,0,360,10,106
F19998#F11426,90,34,0,125,0,360,10,107
F19998#F11379,52,74,0,126,0,360,10,108
F19998#F11334,55,39,0,95,0,360,10,109
F19998#F11220,51,38,0,89,0,360,10,110
F19998#F11134,62,36,0,99,0,360,10,111
F19998#F11048,57,37,0,95,0,360,10,112
F19998#F11011,55,35,0,91,0,360,10,113
F19998#F10940,55,37,0,93,0,360,10,114
F19998#F10916,51,43,0,95,0,360,10,115
F19998#F10815,55,35,0,91,0,360,10,116
F19998#F10780,50,34,0,85,0,360,10,117
F19998#F10738,51,33,0,85,0,360,10,118
F19998#F10630,53,87,0,141,0,360,10,119
F19998#F10622,49,39,0,89,0,360,10,120
F19998#F10552,48,44,0,93,0,360,10,121
F19998#F10454,57,34,0,92,0,360,10,122
F19998#F10413,54,37,0,92,0,360,10,123
F19998#F10362,58,86,0,146,0,360,10,124
F19998#F10306,46,35,0,82,0,360,10,125
F19998#F10226,61,37,0,99,0,360,10,126
F19998#F10177,60,41,0,103,0,360,10,127
F19998#F10108,58,37,0,96,0,360,10,128
F19998#F10044,62,91,0,153,0,360,10,129
F19998#F10035,54,41,0,96,0,360,10,130
F19998#F9978,60,84,0,145,0,360,10,131
F19998#F9916,54,39,0,93,0,360,10,132
F19998#F9872,54,37,0,93,0,360,10,133
F19998#F9779,53,41,0,95,0,360,10,134
F19998#F9774,52,85,0,138,0,360,10,135
F19998#F9692,52,82,0,135,0,360,10,136
F19998#F9644,49,41,0,92,0,360,10,137
F19998#F9570,89,37,0,127,0,360,10,138
F19998#F9522,54,40,0,96,0,360,10,139
F19998#F9501,51,36,0,88,0,360,10,140
F19998#F9411,52,34,0,87,0,360,10,141
F19998#F9379,56,37,0,94,0,360,10,142
F19998#F9330,50,39,0,91,0,360,10,143
F19998#F9283,74,76,0,152,0,360,10,144
F19998#F9252,75,93,0,170,0,360,10,145
F19998#F9204,67,50,0,119,0,360,10,146
F19998#F9126,64,51,0,117,0,360,10,147
F19998#F9093,68,44,0,113,0,360,10,148
F19998#F9029,66,46,0,114,0,360,10,149
F19998#F8952,64,47,0,112,0,360,10,150
F19998#F8913,64,55,0,120,0,360,10,151
F19998#F8877,69,54,0,125,0,360,10,152
F19998#F8831,60,48,0,109,0,360,10,153
F19998#F8798,67,38,0,106,0,360,10,154
F19998#F8754,57,37,0,95,0,360,10,155
F19998#F8716,72,41,0,114,0,360,10,156
F19998#F8648,55,43,0,99,0,360,10,157
F19998#F8637,60,38,0,99,0,360,10,158
F19998#F8593,66,51,0,118,0,360,10,159
F19998#F8536,66,43,0,110,0,360,10,160
F19998#F8501,76,128,0,206,0,360,10,161
F19998#F8435,67,88,0,157,0,360,10,162
F19998#F8407,61,40,0,102,0,360,10,163
F19998#F8312,57,39,0,97,0,360,10,164
F19998#F8251,58,38,0,98,0,360,10,165
F19998#F8226,54,35,0,91,0,360,10,166
F19998#F8185,56,43,0,101,0,360,10,167
F19998#F8157,66,35,0,102,0,360,10,168
F19998#F8081,60,38,0,99,0,360,10,169
F19998#F8066,60,94,0,155,0,360,10,170
F19998#F8026,53,32,0,87,0,360,10,171
F19998#F7966,61,76,0,138,0,360,10,172
F19998#F7911,90,34,0,125,0,360,10,173
F19998#F7888,53,38,0,92,0,360,10,174
F19998#F7847,57,37,0,95,0,360,10,175
F19998#F7811,49,35,0,86,0,360,10,176
F19998#F7747,46,36,0,83,0,360,10,177
F19998#F7737,45,36,0,82,0,360,10,178
F19998#F7681,60,35,0,97,0,360,10,179
F19998#F7667,100,42,0,144,0,360,10,180
F19998#F7595,67,90,0,158,0,360,10,181
F19998#F7556,53,40,0,94,0,360,10,182
F19998#F7515,59,39,0,99,0,360,10,183
F19998#F7474,54,52,0,108,0,360,10,184
F19998#F7446,84,58,0,143,0,360,10,185
F19998#F7393,63,37,0,101,0,360,10,186
F19998#F7352,64,45,0,111,0,360,10,187
F19998#F7344,55,36,0,92,0,360,10,188
F19998#F7302,54,35,0,90,0,360,10,189
F19998#F7261,51,35,0,87,0,360,10,190
F19998#F7230,57,75,0,133,0,360,10,191
F19998#F7189,88,92,0,182,0,360,10,192
F19998#F7172,53,40,0,94,0,360,10,193
F19998#F7136,63,88,0,152,0,360,10,194
F19998#F7074,59,37,0,97,0,360,10,195
F19998#F7021,83,130,0,215,0,360,10,196
F19998#F7007,100,38,0,139,0,360,10,197
F19998#F6947,70,40,0,111,0,360,10,198
F19998#F6930,73,92,0,167,0,360,10,199
F19998#F6882,172,42,0,215,0,360,10,200
F19998#F6853,93,37,0,132,0,360,10,201
F19998#F6826,67,45,0,113,0,360,10,202
F19998#F6766,48,39,0,89,0,360,10,203
F19998#F6717,53,48,0,102,0,360,10,204
F19998#F6701,66,38,0,106,0,360,10,205
F19998#F6657,57,36,0,94,0,360,10,206
F19998#F6623,47,32,0,81,0,360,10,207
F19998#F6588,54,85,0,140,0,360,10,208
F19998#F6550,58,37,0,96,0,360,10,209
F19998#F6510,54,38,0,93,0,360,10,210
F19998#F6480,49,33,0,84,0,360,10,211
F19998#F6449,51,52,0,103,0,360,10,212
F19998#F6415,49,41,0,91,0,360,10,213
F19998#F6398,58,88,0,147,0,360,10,214
F19998#F6355,50,41,0,92,0,360,10,215
F19998#F6330,46,34,0,82,0,360,10,216
F19998#F6276,47,81,0,129,0,360,10,217
F19998#F6256,46,39,0,86,0,360,10,218
F19998#F6231,58,48,0,107,0,360,10,219
F19998#F6210,56,34,0,91,0,360,10,220
F19998#F6176,66,36,0,103,0,360,10,221
F19998#F6158,49,38,0,89,0,360,10,222
F19998#F6106,54,43,0,98,0,360,10,223
F19998#F6070,65,95,0,160,0,360,10,224
F19998#F6064,52,42,0,96,0,360,10,225
F19998#F6019,50,34,0,84,0,360,10,226
F19998#F5972,56,91,0,148,0,360,10,227
F19998#F5940,45,33,0,78,0,360,10,228
F19998#F5923,58,38,0,97,0,360,10,229
F19998#F5908,55,77,0,132,0,360,10,230
F19998#F5876,52,35,0,88,0,360,10,231
F19998#F5857,51,39,0,91,0,360,10,232
F19998#F5835,48,35,0,84,0,360,10,233
F19998#F5783,48,39,0,89,0,360,10,234
F19998#F5774,55,33,0,90,0,360,10,235
F19998#F5736,57,74,0,132,0,360,10,236
F19998#F5706,51,87,0,139,0,360,10,237
F19998#F5679,53,38,0,92,0,360,10,238
F19998#F5642,53,37,0,91,0,360,10,239
F19998#F5615,54,36,0,92,0,360,10,240
F19998#F5600,62,44,0,107,0,360,10,241
F19998#F5583,58,81,0,141,0,360,10,242
F19998#F5565,99,37,0,137,0,360,10,243
F19998#F5538,46,86,0,133,0,360,10,244
F19998#F5503,54,41,0,96,0,360,10,245
F19998#F5485,55,41,0,97,0,360,10,246
F19998#F5473,49,39,0,89,0,360,10,247
F19998#F5444,58,86,0,146,0,360,10,248
F19998#F5401,95,33,0,130,0,360,10,249
F19998#F5391,58,92,0,151,0,360,10,250
F19998#F5362,60,38,0,100,0,360,10,251
F19998#F5349,63,44,0,108,0,360,10,252
F19998#F5321,56,45,0,102,0,360,10,253
F19998#F5285,65,90,0,157,0,360,10,254
F19998#F5269,58,39,0,98,0,360,10,255
F19998#F5254,58,43,0,102,0,360,10,256
F19998#F5230,62,33,0,96,0,360,10,257
F19998#F5200,76,40,0,117,0,360,10,258
F19998#F5183,58,43,0,102,0,360,10,259
F19998#F5164,49,38,0,88,0,360,10,260
F19998#F5149,51,44,0,97,0,360,10,261
F19998#F5112,52,39,0,91,0,360,10,262
F19998#F5095,50,89,0,140,0,360,10,263
F19998#F5086,49,41,0,91,0,360,10,264
F19998#F5050,56,34,0,91,0,360,10,265
F19998#F5029,47,37,0,85,0,360,10,266
F19998#F5010,48,37,0,85,0,360,10,267
F19998#F4998,52,84,0,137,0,360,10,268
F19998#F4985,54,84,0,140,0,360,10,269
F19998#F4954,52,36,0,89,0,360,10,270
F19998#F4920,52,84,0,138,0,360,10,271
F19998#F4917,49,42,0,93,0,360,10,272
F19998#F4872,54,38,0,93,0,360,10,273
F19998#F4867,54,83,0,138,0,360,10,274
F19998#F4842,53,31,0,85,0,360,10,275
F19998#F4822,55,47,0,103,0,360,10,276
F19998#F4798,60,86,0,147,0,360,10,277
F19998#F4775,50,85,0,136,0,360,10,278
F19998#F4759,51,83,0,136,0,360,10,279
F19998#F4739,53,39,0,93,0,360,10,280
F19998#F4709,53,34,0,88,0,360,10,281
F19998#F4684,49,36,0,86,0,360,10,282
F19998#F4670,85,40,0,126,0,360,10,283
F19998#F4656,50,40,0,91,0,360,10,284
F19998#F4634,62,45,0,108,0,360,10,285
F19998#F4628,51,40,0,93,0,360,10,286
F19998#F4614,55,38,0,95,0,360,10,287
F19998#F4578,50,36,0,87,0,360,10,288
F19998#F4561,55,34,0,90,0,360,10,289
F19998#F4545,56,37,0,95,0,360,10,290
F19998#F4536,50,85,0,136,0,360,10,291
F19998#F4524,48,36,0,86,0,360,10,292
F19998#F4510,91,36,0,128,0,360,10,293
F19998#F4479,56,37,0,94,0,360,10,294
F19998#F4450,54,36,0,91,0,360,10,295
F19998#F4436,53,40,0,94,0,360,10,296
F19998#F4426,50,41,0,92,0,360,10,297
F19998#F4397,49,38,0,88,0,360,10,298
F19998#F4392,51,84,0,135,0,360,10,299
F19998#F4368,55,38,0,94,0,360,10,300
F19998#F4345,49,44,0,94,0,360,10,301
F19998#F4337,49,40,0,89,0,360,10,302
F19998#F4317,54,41,0,97,0,360,10,303
F19998#F4310,59,39,0,100,0,360,10,304
F19998#F4289,57,37,0,95,0,360,10,305
F19998#F4261,77,38,0,116,0,360,10,306
F19998#F4243,59,36,0,96,0,360,10,307
F19998#F4221,54,89,0,145,0,360,10,308
F19998#F4200,58,41,0,100,0,360,10,309
F19998#F4175,53,40,0,93,0,360,10,310
F19998#F4167,54,43,0,98,0,360,10,311
F19998#F4148,55,85,0,141,0,360,10,312
F19998#F4125,54,39,0,94,0,360,10,313
F19998#F4104,58,106,0,165,0,360,10,314
F19998#F4094,86,86,0,173,0,360,10,315
F19998#F4075,63,47,0,112,0,360,10,316
F19998#F4062,52,42,0,96,0,360,10,317
F19998#F4046,56,37,0,94,0,360,10,318
F19998#F4023,60,57,0,118,0,360,10,319
F19998#F4016,56,38,0,96,0,360,10,320
F19998#F3990,85,35,0,122,0,360,10,321
F19998#F3978,58,35,0,94,0,360,10,322
F19998#F3960,52,40,0,93,0,360,10,323
F19998#F3940,63,40,0,103,0,360,10,324
F19998#F3925,47,76,0,124,0,360,10,325
F19998#F3909,47,37,0,85,0,360,10,326
F19998#F3897,51,32,0,85,0,360,10,327
F19998#F3878,94,39,0,135,0,360,10,328
F19998#F3877,51,32,0,85,0,360,10,329
F19998#F3856,52,40,0,93,0,360,10,330
F19998#F3840,54,36,0,91,0,360,10,331
F19998#F3829,52,36,0,89,0,360,10,332
F19998#F3824,52,48,0,101,0,360,10,333
F19998#F3799,51,39,0,92,0,360,10,334
F19998#F3790,54,38,0,94,0,360,10,335
F19998#F3770,48,79,0,128,0,360,10,336
F19998#F3748,64,80,0,145,0,360,10,337
F19998#F3742,64,34,0,99,0,360,10,338
F19998#F3729,51,38,0,90,0,360,10,339
F19998#F3702,47,40,0,88,0,360,10,340
F19998#F3688,62,81,0,144,0,360,10,341
F19998#F3680,99,34,0,135,0,360,10,342
F19998#F3654,57,34,0,92,0,360,10,343
F19998#F3643,49,36,0,86,0,360,10,344
F19998#F3631,49,34,0,84,0,360,10,345
F19998#F3620,53,33,0,87,0,360,10,346
F19998#F3604,62,80,0,143,0,360,10,347
F19998#F3589,54,35,0,90,0,360,10,348
F19998#F3582,55,77,0,133,0,360,10,349
F19998#F3566,89,41,0,131,0,360,10,350
F19998#F3546,53,42,0,96,0,360,10,351
F19998#F3533,54,33,0,89,0,360,10,352
F19998#F3518,47,80,0,128,0,360,10,353
F19998#F3513,48,79,0,128,0,360,10,354
F19998#F3499,63,35,0,99,0,360,10,355
F19998#F3483,54,36,0,91,0,360,10,356
F19998#F3478,84,42,0,128,0,360,10,357
F19998#F3460,56,74,0,131,0,360,10,358
F19998#F3448,55,41,0,97,0,360,10,359
F19998#F3428,61,32,0,95,0,360,10,360
F19998#F3411,57,45,0,104,0,360,10,361
F19998#F3398,52,99,0,152,0,360,10,362
F19998#F3391,53,94,0,148,0,360,10,363
F19998#F3374,81,90,0,172,0,360,10,364
F19998#F3361,56,46,0,103,0,360,10,365
F19998#F3353,59,132,0,192,0,360,10,366
F19998#F3334,84,71,0,155,0,360,10,367
F19998#F3322,68,49,0,118,0,360,10,368
F19998#F3318,95,61,0,157,0,360,10,369
F19998#F3297,96,40,0,138,0,360,10,370
F19998#F3292,49,31,0,82,0,360,10,371
F19998#F3281,53,82,0,137,0,360,10,372
F19998#F3271,56,39,0,97,0,360,10,373
F19998#F3252,55,34,0,90,0,360,10,374
F19998#F3238,48,38,0,88,0,360,10,375
F19998#F3231,63,36,0,100,0,360,10,376
F19998#F3225,48,34,0,84,0,360,10,377
F19998#F3197,50,84,0,135,0,360,10,378
F19998#F3189,51,31,0,83,0,360,10,379
F19998#F3178,53,74,0,128,0,360,10,380
F19998#F3161,55,83,0,139,0,360,10,381
F19998#F3155,48,32,0,82,0,360,10,382
F19998#F3145,46,38,0,85,0,360,10,383
F19998#F3141,46,40,0,87,0,360,10,384
F19998#F3122,49,36,0,86,0,360,10,385
F19998#F3117,52,34,0,88,0,360,10,386
F19998#F3104,49,34,0,83,0,360,10,387
F19998#F3102,48,36,0,86,0,360,10,388
F19998#F3092,48,82,0,132,0,360,10,389
F19998#F3076,50,80,0,131,0,360,10,390
F19998#F3071,58,34,0,92,0,360,10,391
F19998#F3055,55,83,0,139,0,360,10,392
F19998#F3038,47,39,0,87,0,360,10,393
F19998#F3032,49,39,0,89,0,360,10,394
F19998#F3018,53,87,0,140,0,360,10,395
F19998#F3010,48,38,0,88,0,360,10,396
F19998#F3001,48,39,0,88,0,360,10,397
F19998#F2998,46,45,0,92,0,360,10,398
F19998#F2985,49,37,0,88,0,360,10,399
F19998#F2980,48,82,0,131,0,360,10,400
F19998#F2961,54,39,0,94,0,360,10,401
F19998#F2949,54,35,0,90,0,360,10,402
F19998#F2945,54,43,0,99,0,360,10,403
F19998#F2924,52,33,0,86,0,360,10,404
F19998#F2912,44,32,0,77,0,360,10,405
F19998#F2901,62,34,0,97,0,360,10,406
F19998#F2895,44,82,0,127,0,360,10,407
F19998#F2886,56,85,0,142,0,360,10,408
F19998#F2871,47,40,0,88,0,360,10,409
F19998#F2862,51,37,0,89,0,360,10,410
F19998#F2851,49,33,0,83,0,360,10,411
F19998#F2837,47,32,0,80,0,360,10,412
F19998#F2836,51,32,0,85,0,360,10,413
F19998#F2808,53,42,0,96,0,360,10,414
F19998#F2794,53,84,0,138,0,360,10,415
F19998#F2783,51,37,0,89,0,360,10,416
F19998#F2770,53,36,0,90,0,360,10,417
F19998#F2763,56,79,0,135,0,360,10,418
F19998#F2749,52,37,0,90,0,360,10,419
F19998#F2744,50,35,0,86,0,360,10,420
F19998#F2736,49,34,0,84,0,360,10,421
F19998#F2731,55,33,0,88,0,360,10,422
F19998#F2725,53,32,0,86,0,360,10,423
F19998#F2719,44,34,0,79,0,360,10,424
F19998#F2704,52,35,0,87,0,360,10,425
F19998#F2696,50,35,0,86,0,360,10,426
F19998#F2681,52,79,0,131,0,360,10,427
F19998#F2680,46,79,0,127,0,360,10,428
F19998#F2671,53,81,0,135,0,360,10,429
F19998#F2652,48,33,0,83,0,360,10,430
F19998#F2637,68,39,0,108,0,360,10,431
F19998#F2634,52,37,0,90,0,360,10,432
F19998#F2621,54,36,0,92,0,360,10,433
F19998#F2609,57,38,0,96,0,360,10,434
F19998#F2605,57,93,0,152,0,360,10,435
F19998#F2594,56,89,0,146,0,360,10,436
F19998#F2591,60,49,0,110,0,360,10,437
F19998#F2580,64,38,0,102,0,360,10,438
F19998#F2576,58,40,0,100,0,360,10,439
F19998#F2568,59,43,0,103,0,360,10,440
F19998#F2563,55,37,0,93,0,360,10,441
F19998#F2554,64,86,0,151,0,360,10,442
F19998#F2548,64,35,0,100,0,360,10,443
F19998#F2546,49,40,0,91,0,360,10,444
F19998#F2526,54,35,0,90,0,360,10,445
F19998#F2520,53,31,0,84,0,360,10,446
F19998#F2514,52,34,0,87,0,360,10,447
F19998#F2504,51,34,0,86,0,360,10,448
F19998#F2493,48,32,0,81,0,360,10,449
F19998#F2482,47,42,0,90,0,360,10,450
F19998#F2463,46,82,0,129,0,360,10,451
F19998#F2457,50,37,0,88,0,360,10,452
F19998#F2448,53,35,0,89,0,360,10,453
F19998#F2445,92,42,0,136,0,360,10,454
F19998#F2440,54,36,0,90,0,360,10,455
F19998#F2426,52,82,0,135,0,360,10,456
F19998#F2416,55,35,0,92,0,360,10,457
F19998#F2411,49,80,0,130,0,360,10,458
F19998#F2403,48,32,0,81,0,360,10,459
F19998#F2399,56,37,0,94,0,360,10,460
F19998#F2394,51,87,0,138,0,360,10,461
F19998#F2381,50,79,0,131,0,360,10,462
F19998#F2373,62,73,0,136,0,360,10,463
F19998#F2366,56,37,0,93,0,360,10,464
F19998#F2357,97,102,0,200,0,360,10,465
F19998#F2345,61,47,0,109,0,360,10,466
F19998#F2335,62,43,0,106,0,360,10,467
F19998#F2333,60,88,0,150,0,360,10,468
F19998#F2326,55,39,0,95,0,360,10,469
F19998#F2319,65,88,0,155,0,360,10,470
F19998#F2312,87,37,0,125,0,360,10,471
F19998#F2305,56,43,0,101,0,360,10,472
F19998#F2303,50,40,0,91,0,360,10,473
F19998#F2297,61,57,0,120,0,360,10,474
F19998#F2294,58,92,0,151,0,360,10,475
F19998#F2284,67,40,0,108,0,360,10,476
F19998#F2278,60,44,0,105,0,360,10,477
F19998#F2271,79,97,0,177,0,360,10,478
F19998#F2263,62,46,0,109,0,360,10,479
F19998#F2251,59,93,0,153,0,360,10,480
F19998#F2244,55,38,0,94,0,360,10,481
F19998#F2238,60,83,0,143,0,360,10,482
F19998#F2227,53,41,0,95,0,360,10,483
F19998#F2221,52,36,0,89,0,360,10,484
F19998#F2215,57,40,0,97,0,360,10,485
F19998#F2209,55,38,0,94,0,360,10,486
F19998#F2202,53,38,0,92,0,360,10,487
F19998#F2199,52,35,0,88,0,360,10,488
F19998#F2185,62,32,0,95,0,360,10,489
F19998#F2180,51,36,0,88,0,360,10,490
F19998#F2172,53,88,0,143,0,360,10,491
F19998#F2165,52,37,0,90,0,360,10,492
F19998#F2158,53,36,0,90,0,360,10,493
F19998#F2149,62,39,0,102,0,360,10,494
F19998#F2139,50,46,0,97,0,360,10,495
F19998#F2135,55,79,0,134,0,360,10,496
F19998#F2130,55,47,0,104,0,360,10,497
F19998#F2120,56,40,0,97,0,360,10,498
F19998#F2118,51,34,0,87,0,360,10,499
F19998#F2109,91,37,0,129,0,360,10,500
F19998#F2099,50,41,0,92,0,360,10,501
F19998#F2095,45,34,0,80,0,360,10,502
F19998#F2085,50,40,0,91,0,360,10,503
F19998#F2081,49,37,0,87,0,360,10,504
F19998#F2073,89,32,0,123,0,360,10,505
F19998#F2067,48,36,0,85,0,360,10,506
F19998#F2052,56,81,0,138,0,360,10,507
F19998#F2048,54,56,0,111,0,360,10,508
F19998#F2039,59,45,0,105,0,360,10,509
F19998#F2037,67,38,0,106,0,360,10,510
F19998#F2026,60,90,0,151,0,360,10,511
F19998#F2023,56,40,0,97,0,360,10,512
F19998#F2013,64,35,0,101,0,360,10,513
F19998#F2010,58,91,0,150,0,360,10,514
F19998#F2005,65,35,0,102,0,360,10,515
F19998#F1998,118,45,0,164,0,360,10,516
F19998#F1997,53,37,0,91,0,360,10,517
F19998#F1989,51,38,0,90,0,360,10,518
F19998#F1980,59,33,0,94,0,360,10,519
F19998#F1979,85,37,0,123,0,360,10,520
F19998#F1972,51,39,0,92,0,360,10,521
F19998#F1970,45,33,0,79,0,360,10,522
F19998#F1967,51,34,0,86,0,360,10,523
F19998#F1959,50,35,0,86,0,360,10,524
F19998#F1955,54,34,0,89,0,360,10,525
F19998#F1951,52,34,0,87,0,360,10,526
F19998#F1946,46,82,0,129,0,360,10,527
F19998#F1943,54,78,0,134,0,360,10,528
F19998#F1940,56,34,0,90,0,360,10,529
F19998#F1930,48,36,0,85,0,360,10,530
F19998#F1921,79,38,0,119,0,360,10,531
F19998#F1914,58,87,0,147,0,360,10,532
F19998#F1906,69,36,0,106,0,360,10,533
F19998#F1902,55,35,0,92,0,360,10,534
F19998#F1897,56,94,0,151,0,360,10,535
F19998#F1894,48,35,0,85,0,360,10,536
F19998#F1889,154,61,0,219,0,360,10,537
F19998#F1883,83,50,0,134,0,360,10,538
F19998#F1881,70,43,0,114,0,360,10,539
F19998#F1877,60,47,0,108,0,360,10,540
F19998#F1870,75,46,0,123,0,360,10,541
F19998#F1863,58,32,0,92,0,360,10,542
F19998#F1860,56,36,0,93,0,360,10,543
F19998#F1855,55,43,0,100,0,360,10,544
F19998#F1851,57,83,0,141,0,360,10,545
F19998#F1848,54,89,0,144,0,360,10,546
F19998#F1836,53,41,0,96,0,360,10,547
F19998#F1833,52,38,0,91,0,360,10,548
F19998#F1830,53,85,0,139,0,360,10,549
F19998#F1827,57,34,0,93,0,360,10,550
F19998#F1820,50,37,0,88,0,360,10,551
F19998#F1812,47,35,0,84,0,360,10,552
F19998#F1809,55,40,0,96,0,360,10,553
F19998#F1804,50,33,0,84,0,360,10,554
F19998#F1801,47,39,0,88,0,360,10,555
F19998#F1792,51,39,0,91,0,360,10,556
F19998#F1788,48,39,0,88,0,360,10,557
F19998#F1783,53,36,0,91,0,360,10,558
F19998#F1780,57,41,0,100,0,360,10,559
F19998#F1776,56,72,0,129,0,360,10,560
F19998#F1775,88,42,0,131,0,360,10,561
F19998#F1772,84,40,0,125,0,360,10,562
F19998#F1765,60,94,0,155,0,360,10,563
F19998#F1762,51,40,0,92,0,360,10,564
F19998#F1756,55,90,0,146,0,360,10,565
F19998#F1748,53,92,0,146,0,360,10,566
F19998#F1744,56,84,0,143,0,360,10,567
F19998#F1740,46,42,0,89,0,360,10,568
F19998#F1737,54,43,0,98,0,360,10,569
F19998#F1733,61,37,0,100,0,360,10,570
F19998#F1731,75,39,0,115,0,360,10,571
F19998#F1729,55,36,0,92,0,360,10,572
F19998#F1719,51,40,0,93,0,360,10,573
F19998#F1710,59,36,0,95,0,360,10,574
F19998#F1708,54,38,0,93,0,360,10,575
F19998#F1704,53,38,0,92,0,360,10,576
F19998#F1699,51,36,0,89,0,360,10,577
F19998#F1697,53,36,0,90,0,360,10,578
F19998#F1693,102,47,0,150,0,360,10,579
F19998#F1687,91,39,0,131,0,360,10,580
F19998#F1682,51,36,0,88,0,360,10,581
F19998#F1678,52,80,0,133,0,360,10,582
F19998#F1671,45,37,0,84,0,360,10,583
F19998#F1662,46,34,0,81,0,360,10,584
F19998#F1658,45,80,0,126,0,360,10,585
F19998#F1652,89,35,0,125,0,360,10,586
F19998#F1648,45,40,0,86,0,360,10,587
F19998#F1640,55,78,0,134,0,360,10,588
F19998#F1638,51,37,0,89,0,360,10,589
F19998#F1637,48,35,0,84,0,360,10,590
F19998#F1636,54,37,0,92,0,360,10,591
F19998#F1633,47,34,0,82,0,360,10,592
F19998#F1625,51,32,0,84,0,360,10,593
F19998#F1622,48,33,0,82,0,360,10,594
F19998#F1616,52,79,0,133,0,360,10,595
F19998#F1612,87,34,0,121,0,360,10,596
F19998#F1608,88,82,0,171,0,360,10,597
F19998#F1606,51,37,0,89,0,360,10,598
F19998#F1602,48,38,0,87,0,360,10,599
F19998#F1600,54,42,0,96,0,360,10,600
F19998#F1597,56,83,0,141,0,360,10,601
F19998#F1589,58,40,0,99,0,360,10,602
F19998#F1584,50,83,0,134,0,360,10,603
F19998#F1580,54,39,0,94,0,360,10,604
F19998#F1576,49,34,0,84,0,360,10,605
F19998#F1573,47,42,0,90,0,360,10,606
F19998#F1570,50,34,0,85,0,360,10,607
F19998#F1565,51,37,0,89,0,360,10,608
F19998#F1560,89,37,0,127,0,360,10,609
F19998#F1555,50,38,0,90,0,360,10,610
F19998#F1549,49,37,0,87,0,360,10,611
F19998#F1548,57,40,0,98,0,360,10,612
F19998#F1545,53,42,0,96,0,360,10,613
F19998#F1541,55,38,0,94,0,360,10,614
F19998#F1537,50,85,0,136,0,360,10,615
F19998#F1535,52,38,0,90,0,360,10,616
F19998#F1528,50,33,0,84,0,360,10,617
F19998#F1519,56,35,0,93,0,360,10,618
F19998#F1517,75,40,0,116,0,360,10,619
F19998#F1513,55,37,0,94,0,360,10,620
F19998#F1509,66,43,0,110,0,360,10,621
F19998#F1505,67,40,0,109,0,360,10,622
F19998#F1500,60,39,0,102,0,360,10,623
F19998#F1498,76,94,0,172,0,360,10,624
F19998#F1495,63,42,0,107,0,360,10,625
F19998#F1494,73,48,0,123,0,360,10,626
F19998#F1485,63,40,0,105,0,360,10,627
F19998#F1482,71,87,0,160,0,360,10,628
F19998#F1481,53,41,0,95,0,360,10,629
F19998#F1472,74,38,0,113,0,360,10,630
F19998#F1468,55,43,0,100,0,360,10,632
F19998#F1467,67,40,0,109,0,360,10,633
F19998#F1464,56,41,0,98,0,360,10,634
F19998#F1458,63,69,0,134,0,360,10,635
F19998#F1455,87,68,0,156,0,360,10,636
F19998#F1449,87,46,0,135,0,360,10,637
F19998#F1447,285,51,0,337,0,360,10,638
F19998#F1441,129,46,0,176,0,360,10,639
F19998#F1437,61,51,0,113,0,360,10,640
F19998#F1434,107,89,0,198,0,360,10,641
F19998#F1428,50,32,0,84,0,360,10,642
F19998#F1424,52,82,0,135,0,360,10,643
F19998#F1420,89,46,0,136,0,360,10,644
F19998#F1417,57,35,0,92,0,360,10,645
F19998#F1416,51,31,0,83,0,360,10,646
F19998#F1413,53,37,0,91,0,360,10,647
F19998#F1411,48,74,0,123,0,360,10,648
F19998#F1399,51,35,0,87,0,360,10,649
F19998#F1394,47,39,0,87,0,360,10,650
F19998#F1386,49,37,0,88,0,360,10,651
F19998#F1384,47,38,0,86,0,360,10,652
F19998#F1379,49,34,0,84,0,360,10,653
F19998#F1376,48,84,0,133,0,360,10,654
F19998#F1372,50,37,0,89,0,360,10,655
F19998#F1367,56,35,0,92,0,360,10,656
F19998#F1365,52,35,0,88,0,360,10,657
F19998#F1359,48,36,0,86,0,360,10,658
F19998#F1355,84,36,0,121,0,360,10,659
F19998#F1354,49,33,0,84,0,360,10,661
F19998#F1347,46,36,0,83,0,360,10,662
F19998#F1345,46,32,0,78,0,360,10,663
F19998#F1340,90,34,0,125,0,360,10,664
F19998#F1339,49,86,0,136,0,360,10,665
F19998#F1336,49,34,0,84,0,360,10,666
F19998#F1335,54,81,0,136,0,360,10,667
F19998#F1331,49,84,0,134,0,360,10,668
F19998#F1326,52,32,0,84,0,360,10,669
F19998#F1325,85,37,0,123,0,360,10,671
F19998#F1318,42,79,0,122,0,360,10,672
F19998#F1315,64,83,0,148,0,360,10,674
F19998#F1309,50,34,0,85,0,360,10,675
F19998#F1306,88,40,0,129,0,360,10,676
F19998#F1303,48,35,0,84,0,360,10,677
F19998#F1299,50,36,0,87,0,360,10,678
F19998#F1291,51,43,0,95,0,360,10,679
F19998#F1289,54,83,0,137,0,360,10,680
F19998#F1287,46,41,0,88,0,360,10,681
F19998#F1286,47,35,0,82,0,360,10,682
F19998#F1284,54,41,0,96,0,360,10,683
F19998#F1283,48,77,0,126,0,360,10,684
F19998#F1277,58,81,0,140,0,360,10,685
F19998#F1274,50,37,0,88,0,360,10,686
F19998#F1272,55,35,0,91,0,360,10,687
F19998#F1269,94,36,0,131,0,360,10,688
F19998#F1266,55,38,0,94,0,360,10,689
F19998#F1264,52,36,0,90,0,360,10,690
F19998#F1262,57,79,0,138,0,360,10,691
F19998#F1260,72,37,0,110,0,360,10,692
F19998#F1256,63,36,0,100,0,360,10,693
F19998#F1252,56,36,0,93,0,360,10,694
F19998#F1250,53,40,0,95,0,360,10,695
F19998#F1247,51,36,0,88,0,360,10,696
F19998#F1241,49,32,0,82,0,360,10,697
F19998#F1240,47,35,0,84,0,360,10,698
F19998#F1238,47,88,0,136,0,360,10,699
F19998#F1233,88,35,0,124,0,360,10,701
F19998#F1230,46,35,0,82,0,360,10,702
F19998#F1228,50,38,0,89,0,360,10,703
F19998#F1225,55,35,0,91,0,360,10,704
F19998#F1224,50,84,0,136,0,360,10,706
F19998#F1223,47,32,0,81,0,360,10,707
F19998#F1215,48,77,0,125,0,360,10,708
F19998#F1210,45,83,0,129,0,360,10,709
F19998#F1206,49,39,0,89,0,360,10,710
F19998#F1205,48,35,0,84,0,360,10,711
F19998#F1201,48,33,0,82,0,360,10,712
F19998#F1200,49,33,0,83,0,360,10,713
F19998#F1197,59,33,0,93,0,360,10,714
F19998#F1194,50,37,0,88,0,360,10,715
F19998#F1193,49,33,0,83,0,360,10,716
F19998#F1186,50,34,0,85,0,360,10,717
F19998#F1184,52,45,0,98,0,360,10,718
F19998#F1180,56,35,0,92,0,360,10,719
F19998#F1179,93,36,0,130,0,360,10,720
F19998#F1177,49,43,0,93,0,360,10,721
F19998#F1176,48,38,0,86,0,360,10,722
F19998#F1172,49,31,0,82,0,360,10,723
F19998#F1170,48,35,0,84,0,360,10,724
F19998#F1167,48,33,0,83,0,360,10,725
F19998#F1166,48,80,0,129,0,360,10,726
F19998#F1160,54,81,0,136,0,360,10,727
F19998#F1156,51,83,0,135,0,360,10,728
F19998#F1153,48,41,0,90,0,360,10,729
F19998#F1151,49,36,0,86,0,360,10,730
F19998#F1142,48,36,0,85,0,360,10,732
F19998#F1137,44,82,0,127,0,360,10,733
F19998#F1136,47,28,0,76,0,360,10,734
F19998#F1135,48,31,0,81,0,360,10,735
F19998#F1132,46,31,0,78,0,360,10,736
F19998#F1128,46,80,0,127,0,360,10,737
F19998#F1123,51,38,0,90,0,360,10,738
F19998#F1121,53,74,0,128,0,360,10,739
F19998#F1120,50,35,0,85,0,360,10,740
F19998#F1118,51,37,0,89,0,360,10,741
F19998#F1116,50,49,0,101,0,360,10,742
F19998#F1113,54,36,0,92,0,360,10,743
F19998#F1111,93,86,0,179,0,360,10,744
F19998#F1108,54,34,0,89,0,360,10,745
F19998#F1102,88,41,0,130,0,360,10,746
F19998#F1099,50,40,0,91,0,360,10,748
F19998#F1096,45,37,0,83,0,360,10,749
F19998#F1094,49,34,0,84,0,360,10,750
F19998#F1092,46,32,0,79,0,360,10,751
F19998#F1089,45,79,0,125,0,360,10,752
F19998#F1088,43,80,0,124,0,360,10,753
F19998#F1085,48,32,0,81,0,360,10,754
F19998#F1081,85,32,0,119,0,360,10,755
F19998#F1078,52,33,0,87,0,360,10,756
F19998#F1075,47,37,0,85,0,360,10,757
F19998#F1073,46,35,0,82,0,360,10,758
F19998#F1069,47,33,0,80,0,360,10,759
F19998#F1063,45,32,0,79,0,360,10,760
F19998#F1061,48,34,0,83,0,360,10,761
F19998#F1059,46,34,0,81,0,360,10,762
F19998#F1058,86,80,0,166,0,360,10,763
F19998#F1057,49,35,0,86,0,360,10,764
F19998#F1056,46,32,0,79,0,360,10,765
F19998#F1050,44,36,0,81,0,360,10,766
F19998#F1047,45,34,0,80,0,360,10,767
F19998#F1044,47,36,0,84,0,360,10,768
F19998#F1043,58,35,0,94,0,360,10,769
F19998#F1039,48,34,0,83,0,360,10,770
F19998#F1037,45,37,0,83,0,360,10,771
F19998#F1032,49,34,0,84,0,360,10,772
F19998#F1029,44,33,0,77,0,360,10,773
F19998#F1027,42,30,0,74,0,360,10,774
F19998#F1022,44,30,0,75,0,360,10,775
F19998#F1020,42,29,0,72,0,360,10,776
F19998#F1017,41,79,0,121,0,360,10,777
F19998#F1015,41,34,0,76,0,360,10,778
F19998#F1012,41,79,0,120,0,360,10,779
F19998#F1008,91,34,0,127,0,360,10,780
F19998#F1006,91,33,0,125,0,360,10,781
F19998#F1004,52,37,0,90,0,360,10,782
F19998#F1002,47,84,0,132,0,360,10,783
F19998#F998,48,37,0,86,0,360,10,784
F19998#F996,48,39,0,88,0,360,10,785
F19998#F995,94,37,0,132,0,360,10,786
F19998#F991,50,48,0,99,0,360,10,787
F19998#F990,50,33,0,84,0,360,10,788
F19998#F984,50,36,0,87,0,360,10,789
F19998#F982,48,32,0,81,0,360,10,790
F19998#F981,47,78,0,126,0,360,10,791
F19998#F979,45,33,0,79,0,360,10,792
F19998#F976,50,33,0,84,0,360,10,793
F19998#F973,86,33,0,121,0,360,10,794
F19998#F971,51,42,0,95,0,360,10,796
F19998#F968,51,33,0,85,0,360,10,797
F19998#F967,43,35,0,79,0,360,10,798
F19998#F966,41,37,0,79,0,360,10,799
F19998#F963,45,35,0,81,0,360,10,801
F19998#F962,85,36,0,121,0,360,10,802
F19998#F961,49,33,0,82,0,360,10,803
F19998#F958,52,80,0,133,0,360,10,804
F19998#F957,86,85,0,172,0,360,10,805
F19998#F953,54,43,0,99,0,360,10,806
F19998#F947,46,79,0,127,0,360,10,807
F19998#F944,51,45,0,97,0,360,10,808
F19998#F942,53,33,0,87,0,360,10,809
F19998#F939,54,34,0,89,0,360,10,810
F19998#F937,55,42,0,98,0,360,10,811
F19998#F935,89,34,0,124,0,360,10,812
F19998#F932,56,38,0,95,0,360,10,813
F19998#F928,58,37,0,96,0,360,10,814
F19998#F925,47,43,0,92,0,360,10,815
F19998#F924,52,90,0,143,0,360,10,816
F19998#F923,50,38,0,89,0,360,10,817
F19998#F921,52,36,0,89,0,360,10,818
F19998#F919,56,42,0,99,0,360,10,819
F19998#F918,54,51,0,107,0,360,10,820
F19998#F916,52,89,0,142,0,360,10,822
F19998#F910,55,36,0,92,0,360,10,823
F19998#F907,68,84,0,152,0,360,10,825
F19998#F906,92,56,0,149,0,360,10,826
F19998#F902,62,49,0,113,0,360,10,827
F19998#F900,72,61,0,134,0,360,10,828
F19998#F897,91,33,0,125,0,360,10,829
F19998#F894,53,36,0,90,0,360,10,831
F19998#F893,52,36,0,89,0,360,10,832
F19998#F891,45,82,0,128,0,360,10,833
F19998#F889,50,39,0,90,0,360,10,835
F19998#F888,45,34,0,80,0,360,10,836
F19998#F887,64,39,0,104,0,360,10,838
F19998#F884,47,87,0,136,0,360,10,839
F19998#F881,44,34,0,79,0,360,10,841
F19998#F873,44,89,0,135,0,360,10,842
F19998#F869,44,36,0,81,0,360,10,843
F19998#F866,45,35,0,81,0,360,10,844
F19998#F864,46,39,0,87,0,360,10,845
F19998#F863,41,35,0,78,0,360,10,846
F19998#F861,44,78,0,123,0,360,10,847
F19998#F858,54,34,0,89,0,360,10,849
F19998#F853,51,30,0,83,0,360,10,850
F19998#F852,47,32,0,81,0,360,10,851
F19998#F851,51,32,0,84,0,360,10,852
F19998#F850,47,35,0,83,0,360,10,853
F19998#F845,43,36,0,80,0,360,10,854
F19998#F844,50,71,0,123,0,360,10,855
F19998#F843,47,34,0,82,0,360,10,858
F19998#F842,49,72,0,122,0,360,10,859
F19998#F840,45,31,0,77,0,360,10,860
F19998#F839,48,82,0,132,0,360,10,862
F19998#F838,46,37,0,83,0,360,10,863
F19998#F835,44,35,0,80,0,360,10,864
F19998#F832,41,35,0,77,0,360,10,865
F19998#F830,44,31,0,77,0,360,10,866
F19998#F829,43,33,0,77,0,360,10,867
F19998#F827,41,32,0,74,0,360,10,868
F19998#F825,44,35,0,80,0,360,10,869
F19998#F823,41,31,0,73,0,360,10,870
F19998#F822,45,29,0,76,0,360,10,871
F19998#F820,47,33,0,81,0,360,10,872
F19998#F819,44,35,0,80,0,360,10,873
F19998#F818,43,31,0,75,0,360,10,874
F19998#F814,53,43,0,97,0,360,10,875
F19998#F813,55,34,0,90,0,360,10,876
F19998#F812,46,34,0,81,0,360,10,877
F19998#F807,47,38,0,86,0,360,10,878
F19998#F806,49,31,0,82,0,360,10,879
F19998#F805,47,33,0,81,0,360,10,880
F19998#F803,51,33,0,85,0,360,10,881
F19998#F801,84,36,0,121,0,360,10,882
F19998#F798,48,31,0,80,0,360,10,883
F19998#F796,47,32,0,81,0,360,10,884
F19998#F795,46,30,0,77,0,360,10,885
F19998#F793,84,35,0,120,0,360,10,886
F19998#F792,48,31,0,79,0,360,10,887
F19998#F789,88,34,0,123,0,360,10,888
F19998#F788,53,78,0,132,0,360,10,890
F19998#F786,46,36,0,82,0,360,10,891
F19998#F785,46,37,0,84,0,360,10,892
F19998#F783,48,37,0,86,0,360,10,893
F19998#F782,47,36,0,85,0,360,10,894
F19998#F781,87,39,0,126,0,360,10,895
F19998#F777,46,32,0,79,0,360,10,896
F19998#F775,53,37,0,91,0,360,10,897
F19998#F772,49,33,0,83,0,360,10,898
F19998#F771,48,32,0,81,0,360,10,899
F19998#F770,49,33,0,83,0,360,10,900
F19998#F769,54,83,0,138,0,360,10,901
F19998#F765,44,38,0,83,0,360,10,902
F19998#F764,46,34,0,81,0,360,10,903
F19998#F760,42,36,0,80,0,360,10,904
F19998#F756,49,81,0,132,0,360,10,906
F19998#F752,43,34,0,78,0,360,10,908
F19998#F751,50,36,0,87,0,360,10,909
F19998#F749,43,35,0,79,0,360,10,910
F19998#F747,46,32,0,79,0,360,10,911
F19998#F745,41,31,0,73,0,360,10,912
F19998#F742,43,31,0,74,0,360,10,913
F19998#F740,42,35,0,78,0,360,10,914
F19998#F735,46,33,0,81,0,360,10,915
F19998#F734,55,35,0,91,0,360,10,917
F19998#F731,53,33,0,87,0,360,10,918
F19998#F730,46,84,0,131,0,360,10,920
F19998#F728,48,30,0,80,0,360,10,922
F19998#F727,50,35,0,87,0,360,10,923
F19998#F726,51,39,0,91,0,360,10,924
F19998#F725,53,35,0,90,0,360,10,926
F19998#F722,52,79,0,133,0,360,10,927
F19998#F721,49,80,0,131,0,360,10,930
F19998#F720,46,37,0,84,0,360,10,932
F19998#F719,50,36,0,87,0,360,10,935
F19998#F716,48,34,0,83,0,360,10,936
F19998#F715,48,34,0,83,0,360,10,937
F19998#F714,47,39,0,86,0,360,10,938
F19998#F713,48,35,0,85,0,360,10,939
F19998#F709,46,31,0,79,0,360,10,940
F19998#F707,50,34,0,85,0,360,10,941
F19998#F704,43,37,0,81,0,360,10,942
F19998#F700,43,81,0,126,0,360,10,944
F19998#F698,50,73,0,124,0,360,10,945
F19998#F697,44,31,0,76,0,360,10,948
F19998#F693,52,40,0,93,0,360,10,950
F19998#F692,49,52,0,103,0,360,10,953
F19998#F691,51,37,0,90,0,360,10,954
F19998#F690,49,85,0,135,0,360,10,955
F19998#F686,60,42,0,103,0,360,10,956
F19998#F684,63,35,0,99,0,360,10,958
F19998#F682,52,92,0,145,0,360,10,959
F19998#F679,46,38,0,85,0,360,10,960
F19998#F678,50,88,0,139,0,360,10,961
F19998#F677,48,56,0,106,0,360,10,962
F19998#F674,45,70,0,117,0,360,10,963
F19998#F671,50,36,0,87,0,360,10,965
F19998#F668,46,36,0,83,0,360,10,967
F19998#F666,47,32,0,79,0,360,10,969
F19998#F664,47,34,0,82,0,360,10,970
F19998#F663,88,77,0,166,0,360,10,971
F19998#F662,46,33,0,81,0,360,10,972
F19998#F661,44,33,0,78,0,360,10,973
F19998#F660,46,34,0,81,0,360,10,974
F19998#F659,45,32,0,79,0,360,10,975
F19998#F658,49,34,0,85,0,360,10,976
F19998#F657,48,34,0,83,0,360,10,978
F19998#F655,46,33,0,80,0,360,10,979
F19998#F654,43,29,0,74,0,360,10,982
F19998#F653,45,32,0,78,0,360,10,983
F19998#F652,49,33,0,83,0,360,10,984
F19998#F651,49,32,0,82,0,360,10,985
F19998#F650,51,49,0,101,0,360,10,987
F19998#F649,54,34,0,89,0,360,10,988
F19998#F647,50,31,0,83,0,360,10,989
F19998#F645,53,47,0,101,0,360,10,990
F19998#F644,61,37,0,100,0,360,10,991
F19998#F642,47,32,0,79,0,360,10,992
F19998#F641,51,34,0,87,0,360,10,993
F19998#F638,56,32,0,89,0,360,10,994
F19998#F637,90,40,0,132,0,360,10,995
F19998#F635,52,34,0,86,0,360,10,996
F19998#F633,50,36,0,86,0,360,10,997
F19998#F632,44,34,0,79,0,360,10,998
F19998#F630,87,32,0,120,0,360,10,999
F19998#F629,48,31,0,81,0,360,10,1000
F19998#F627,50,35,0,87,0,360,10,1001
F19998#F624,57,33,0,91,0,360,10,1002
F19998#F622,45,31,0,78,0,360,10,1004
F19998#F619,48,84,0,133,0,360,10,1005
F19998#F616,47,29,0,78,0,360,10,1006
F19998#F615,41,30,0,72,0,360,10,1007
F19998#F613,47,88,0,136,0,360,10,1008
F19998#F612,42,39,0,81,0,360,10,1011
F19998#F611,45,31,0,77,0,360,10,1012
F19998#F609,48,32,0,82,0,360,10,1013
F19998#F607,84,39,0,124,0,360,10,1015
F19998#F604,42,95,0,139,0,360,10,1016
F19998#F603,50,41,0,93,0,360,10,1017
F19998#F602,53,42,0,97,0,360,10,1018
F19998#F599,50,37,0,89,0,360,10,1020
F19998#F598,46,34,0,82,0,360,10,1022
F19998#F597,45,30,0,76,0,360,10,1023
F19998#F595,47,34,0,82,0,360,10,1024
F19998#F594,45,82,0,128,0,360,10,1027
F19998#F592,45,36,0,81,0,360,10,1028
F19998#F591,48,32,0,80,0,360,10,1029
F19998#F590,55,90,0,145,0,360,10,1031
F19998#F588,52,43,0,97,0,360,10,1032
F19998#F587,56,84,0,142,0,360,10,1033
F19998#F586,51,35,0,87,0,360,10,1034
F19998#F585,50,33,0,84,0,360,10,1036
F19998#F584,48,36,0,85,0,360,10,1037
F19998#F583,50,37,0,88,0,360,10,1038
F19998#F582,47,43,0,92,0,360,10,1040
F19998#F580,49,32,0,82,0,360,10,1041
F19998#F578,47,32,0,80,0,360,10,1042
F19998#F576,46,36,0,82,0,360,10,1044
F19998#F574,47,34,0,82,0,360,10,1045
F19998#F572,42,84,0,128,0,360,10,1047
F19998#F571,53,32,0,86,0,360,10,1048
F19998#F570,44,33,0,78,0,360,10,1049
F19998#F569,46,32,0,79,0,360,10,1050
F19998#F568,46,80,0,127,0,360,10,1051
F19998#F564,49,36,0,87,0,360,10,1052
F19998#F563,47,36,0,84,0,360,10,1054
F19998#F560,51,37,0,89,0,360,10,1055
F19998#F557,47,34,0,83,0,360,10,1056
F19998#F554,52,33,0,85,0,360,10,1057
F19998#F553,83,82,0,166,0,360,10,1058
F19998#F552,50,33,0,84,0,360,10,1060
F19998#F551,46,32,0,79,0,360,10,1064
F19998#F549,45,34,0,80,0,360,10,1066
F19998#F548,47,31,0,80,0,360,10,1067
F19998#F545,44,31,0,76,0,360,10,1068
F19998#F544,50,87,0,139,0,360,10,1069
F19998#F542,50,35,0,87,0,360,10,1070
F19998#F539,50,44,0,95,0,360,10,1071
F19998#F538,48,39,0,88,0,360,10,1072
F19998#F536,49,43,0,94,0,360,10,1074
F19998#F534,55,31,0,88,0,360,10,1075
F19998#F533,50,78,0,129,0,360,10,1078
F19998#F531,67,87,0,155,0,360,10,1080
F19998#F529,71,48,0,120,0,360,10,1081
F19998#F525,51,85,0,138,0,360,10,1082
F19998#F524,59,36,0,97,0,360,10,1083
F19998#F523,59,42,0,103,0,360,10,1085
F19998#F522,66,43,0,111,0,360,10,1086
F19998#F521,75,42,0,119,0,360,10,1088
F19998#F520,70,39,0,110,0,360,10,1089
F19998#F519,66,37,0,105,0,360,10,1090
F19998#F518,70,55,0,127,0,360,10,1092
F19998#F517,71,51,0,124,0,360,10,1095
F19998#F516,75,60,0,137,0,360,10,1098
F19998#F515,57,35,0,94,0,360,10,1099
F19998#F514,75,98,0,174,0,360,10,1100
F19998#F513,66,89,0,157,0,360,10,1101
F19998#F512,77,49,0,127,0,360,10,1102
F19998#F510,75,91,0,168,0,360,10,1103
F19998#F508,68,38,0,108,0,360,10,1104
F19998#F506,83,45,0,129,0,360,10,1107
F19998#F505,63,51,0,115,0,360,10,1108
F19998#F503,68,65,0,135,0,360,10,1109
F19998#F502,109,109,0,219,0,360,10,1112
F19998#F501,84,85,0,170,0,360,10,1114
F19998#F500,256,44,0,301,0,360,10,1118
F19998#F499,98,84,0,183,0,360,10,1119
F19998#F498,65,37,0,103,0,360,10,1126
F19998#F496,58,95,0,154,0,360,10,1127
F19998#F495,231,77,0,311,0,360,10,1128
F19998#F494,80,58,0,140,0,360,10,1129
F19998#F491,79,53,0,134,0,360,10,1130
F19998#F490,68,48,0,117,0,360,10,1131
F19998#F489,73,92,0,167,0,360,10,1132
F19998#F488,91,45,0,138,0,360,10,1134
F19998#F487,100,41,0,142,0,360,10,1138
F19998#F486,61,43,0,105,0,360,10,1139
F19998#F485,111,53,0,165,0,360,10,1141
F19998#F483,51,41,0,94,0,360,10,1142
F19998#F481,54,41,0,96,0,360,10,1143
F19998#F480,51,46,0,99,0,360,10,1144
F19998#F479,51,43,0,95,0,360,10,1145
F19998#F478,56,59,0,116,0,360,10,1146
F19998#F477,67,39,0,107,0,360,10,1149
F19998#F476,65,85,0,151,0,360,10,1150
F19998#F473,91,45,0,138,0,360,10,1151
F19998#F472,58,44,0,103,0,360,10,1155
F19998#F471,58,93,0,152,0,360,10,1157
F19998#F469,56,44,0,101,0,360,10,1158
F19998#F466,54,38,0,92,0,360,10,1159
F19998#F465,55,44,0,101,0,360,10,1160
F19998#F464,52,86,0,139,0,360,10,1163
F19998#F463,63,85,0,149,0,360,10,1164
F19998#F462,90,43,0,134,0,360,10,1166
F19998#F460,56,47,0,105,0,360,10,1169
F19998#F458,53,42,0,96,0,360,10,1170
F19998#F457,50,89,0,140,0,360,10,1172
F19998#F456,54,80,0,135,0,360,10,1173
F19998#F455,48,88,0,137,0,360,10,1174
F19998#F454,48,40,0,89,0,360,10,1176
F19998#F453,47,39,0,87,0,360,10,1177
F19998#F452,47,80,0,128,0,360,10,1183
F19998#F451,45,35,0,82,0,360,10,1188
F19998#F448,45,38,0,85,0,360,10,1189
F19998#F447,55,35,0,91,0,360,10,1191
F19998#F446,50,32,0,83,0,360,10,1192
F19998#F444,51,35,0,88,0,360,10,1194
F19998#F443,52,84,0,138,0,360,10,1195
F19998#F442,63,38,0,103,0,360,10,1197
F19998#F441,99,33,0,134,0,360,10,1199
F19998#F440,62,92,0,155,0,360,10,1200
F19998#F438,56,36,0,93,0,360,10,1202
F19998#F437,114,32,0,147,0,360,10,1203
F19998#F436,82,37,0,120,0,360,10,1205
F19998#F435,57,91,0,149,0,360,10,1208
F19998#F434,49,39,0,89,0,360,10,1209
F19998#F432,50,75,0,126,0,360,10,1215
F19998#F428,48,33,0,82,0,360,10,1216
F19998#F426,54,39,0,94,0,360,10,1217
F19998#F425,47,32,0,80,0,360,10,1218
F19998#F424,49,78,0,128,0,360,10,1220
F19998#F423,89,40,0,130,0,360,10,1221
F19998#F422,49,42,0,93,0,360,10,1222
F19998#F421,56,44,0,102,0,360,10,1223
F19998#F420,66,57,0,124,0,360,10,1230
F19998#F418,54,43,0,97,0,360,10,1232
F19998#F417,111,109,0,223,0,360,10,1234
F19998#F416,87,47,0,136,0,360,10,1238
F19998#F415,76,50,0,128,0,360,10,1241
F19998#F414,104,49,0,153,0,360,10,1243
F19998#F413,68,43,0,113,0,360,10,1247
F19998#F411,62,41,0,104,0,360,10,1248
F19998#F410,56,38,0,96,0,360,10,1249
F19998#F409,48,51,0,100,0,360,10,1250
F19998#F408,56,53,0,110,0,360,10,1251
F19998#F407,54,36,0,92,0,360,10,1253
F19998#F406,59,39,0,100,0,360,10,1254
F19998#F405,55,36,0,93,0,360,10,1255
F19998#F403,45,86,0,132,0,360,10,1256
F19998#F400,52,43,0,97,0,360,10,1257
F19998#F399,56,38,0,96,0,360,10,1260
F19998#F398,60,39,0,101,0,360,10,1266
F19998#F396,61,40,0,102,0,360,10,1269
F19998#F395,73,47,0,122,0,360,10,1271
F19998#F392,86,84,0,171,0,360,10,1272
F19998#F391,88,53,0,142,0,360,10,1273
F19998#F390,82,58,0,143,0,360,10,1277
F19998#F389,98,69,0,168,0,360,10,1278
F19998#F388,90,58,0,150,0,360,10,1284
F19998#F387,100,52,0,153,0,360,10,1287
F19998#F386,68,51,0,121,0,360,10,1289
F19998#F385,64,78,0,144,0,360,10,1291
F19998#F384,62,39,0,102,0,360,10,1292
F19998#F383,60,43,0,105,0,360,10,1293
F19998#F382,62,97,0,160,0,360,10,1294
F19998#F381,79,56,0,136,0,360,10,1295
F19998#F377,56,101,0,159,0,360,10,1297
F19998#F376,85,77,0,163,0,360,10,1298
F19998#F375,140,51,0,192,0,360,10,1300
F19998#F374,69,65,0,135,0,360,10,1304
F19998#F373,64,47,0,112,0,360,10,1310
F19998#F372,65,52,0,119,0,360,10,1313
F19998#F371,65,43,0,110,0,360,10,1314
F19998#F370,71,39,0,112,0,360,10,1315
F19998#F369,68,90,0,159,0,360,10,1317
F19998#F368,65,41,0,107,0,360,10,1319
F19998#F366,60,46,0,108,0,360,10,1320
F19998#F364,64,52,0,117,0,360,10,1322
F19998#F363,62,44,0,108,0,360,10,1323
F19998#F362,51,84,0,136,0,360,10,1324
F19998#F361,53,40,0,94,0,360,10,1325
F19998#F360,51,34,0,85,0,360,10,1329
F19998#F359,49,38,0,88,0,360,10,1330
F19998#F358,48,37,0,87,0,360,10,1331
F19998#F357,56,39,0,95,0,360,10,1334
F19998#F356,47,38,0,87,0,360,10,1337
F19998#F355,53,39,0,93,0,360,10,1339
F19998#F354,48,36,0,85,0,360,10,1342
F19998#F353,51,37,0,89,0,360,10,1343
F19998#F352,51,37,0,89,0,360,10,1348
F19998#F351,54,39,0,94,0,360,10,1354
F19998#F350,59,84,0,144,0,360,10,1355
F19998#F349,59,35,0,95,0,360,10,1356
F19998#F348,51,34,0,87,0,360,10,1358
F19998#F347,69,57,0,129,0,360,10,1360
F19998#F346,66,48,0,117,0,360,10,1361
F19998#F345,63,92,0,157,0,360,10,1363
F19998#F344,61,44,0,106,0,360,10,1365
F19998#F343,75,49,0,125,0,360,10,1367
F19998#F342,65,101,0,167,0,360,10,1368
F19998#F341,66,57,0,125,0,360,10,1374
F19998#F340,65,46,0,113,0,360,10,1377
F19998#F339,60,43,0,104,0,360,10,1379
F19998#F338,62,43,0,107,0,360,10,1382
F19998#F337,65,36,0,102,0,360,10,1383
F19998#F335,90,44,0,136,0,360,10,1385
F19998#F334,56,85,0,143,0,360,10,1386
F19998#F333,55,78,0,134,0,360,10,1387
F19998#F332,57,40,0,98,0,360,10,1388
F19998#F331,58,35,0,95,0,360,10,1392
F19998#F330,57,37,0,95,0,360,10,1393
F19998#F327,69,83,0,153,0,360,10,1405
F19998#F326,54,83,0,139,0,360,10,1409
F19998#F325,65,58,0,124,0,360,10,1412
F19998#F324,70,43,0,115,0,360,10,1416
F19998#F323,131,53,0,187,0,360,10,1420
F19998#F322,72,48,0,120,0,360,10,1427
F19998#F321,78,49,0,130,0,360,10,1433
F19998#F320,82,43,0,127,0,360,10,1434
F19998#F319,70,45,0,117,0,360,10,1438
F19998#F318,79,80,1,160,0,360,10,1442
F19998#F317,50,34,0,85,0,360,10,1449
F19998#F316,46,33,0,81,0,360,10,1459
F19998#F315,50,38,0,89,0,360,10,1460
F19998#F314,51,34,0,86,0,360,10,1461
F19998#F313,49,38,0,89,0,360,10,1463
F19998#F312,50,41,0,92,0,360,10,1464
F19998#F311,49,72,0,123,0,360,10,1467
F19998#F310,50,42,0,93,0,360,10,1469
F19998#F308,52,82,0,135,0,360,10,1473
F19998#F306,52,33,0,86,0,360,10,1475
F19998#F305,93,40,0,134,0,360,10,1481
F19998#F304,53,29,0,83,0,360,10,1493
F19998#F303,48,33,0,82,0,360,10,1496
F19998#F302,49,36,0,86,0,360,10,1500
F19998#F301,94,44,0,139,0,360,10,1507
F19998#F298,69,39,0,110,0,360,10,1509
F19998#F297,65,94,0,160,0,360,10,1512
F19998#F296,70,49,0,120,0,360,10,1517
F19998#F295,75,108,0,184,0,360,10,1518
F19998#F293,76,54,0,132,0,360,10,1519
F19998#F292,67,56,0,124,0,360,10,1522
F19998#F291,67,47,0,115,0,360,10,1526
F19998#F290,66,44,0,111,0,360,10,1536
F19998#F289,65,86,0,152,0,360,10,1537
F19998#F288,83,39,0,123,0,360,10,1538
F19998#F287,109,45,0,156,0,360,10,1539
F19998#F285,61,40,0,102,0,360,10,1545
F19998#F284,58,42,0,101,0,360,10,1559
F19998#F283,55,45,0,101,0,360,10,1562
F19998#F282,54,38,0,92,0,360,10,1563
F19998#F281,57,36,0,95,0,360,10,1565
F19998#F280,64,40,0,104,0,360,10,1566
F19998#F279,62,41,0,104,0,360,10,1567
F19998#F278,58,38,0,97,0,360,10,1568
F19998#F277,59,96,0,158,0,360,10,1570
F19998#F276,73,51,0,127,0,360,10,1573
F19998#F275,82,50,0,133,0,360,10,1575
F19998#F274,69,92,0,163,0,360,10,1577
F19998#F273,67,45,0,113,0,360,10,1579
F19998#F272,69,53,0,123,0,360,10,1580
F19998#F263,72,83,0,156,0,360,10,1586
F19998#F262,65,47,0,113,0,360,10,1597
F19998#F261,57,37,0,95,0,360,10,1602
F19998#F260,61,83,0,145,0,360,10,1605
F19998#F259,53,48,0,102,0,360,10,1608
F19998#F258,56,42,0,100,0,360,10,1614
F19998#F257,52,42,0,95,0,360,10,1619
F19998#F256,56,83,0,141,0,360,10,1622
F19998#F255,53,43,0,97,0,360,10,1625
F19998#F254,49,36,0,86,0,360,10,1635
F19998#F253,55,34,0,90,0,360,10,1638
F19998#F252,93,36,0,130,0,360,10,1639
F19998#F251,51,38,0,91,0,360,10,1640
F19998#F250,51,40,0,92,0,360,10,1644
F19998#F249,59,86,0,147,0,360,10,1652
F19998#F248,63,48,0,112,0,360,10,1654
F19998#F247,92,103,0,196,0,360,10,1655
F19998#F246,78,57,0,137,0,360,10,1657
F19998#F245,89,53,0,144,0,360,10,1660
F19998#F244,93,66,0,160,0,360,10,1663
F19998#F243,83,49,0,134,0,360,10,1669
F19998#F242,73,54,0,128,0,360,10,1680
F19998#F241,63,42,0,106,0,360,10,1682
F19998#F240,55,40,0,96,0,360,10,1685
F19998#F239,57,39,0,97,0,360,10,1688
F19998#F236,56,38,0,95,0,360,10,1690
F19998#F235,61,44,0,107,0,360,10,1693
F19998#F234,70,42,0,113,0,360,10,1704
F19998#F233,67,88,0,156,0,360,10,1709
F19998#F231,65,49,0,115,0,360,10,1715
F19998#F230,58,46,0,105,0,360,10,1720
F19998#F228,54,44,0,99,0,360,10,1721
F19998#F226,53,40,0,95,0,360,10,1727
F19998#F225,52,36,0,89,0,360,10,1730
F19998#F224,65,35,0,101,0,360,10,1735
F19998#F223,60,40,0,101,0,360,10,1736
F19998#F222,77,55,0,134,0,360,10,1745
F19998#F221,68,106,0,176,0,360,10,1748
F19998#F220,68,55,0,125,0,360,10,1751
F19998#F219,77,53,0,132,0,360,10,1752
F19998#F218,72,50,0,122,0,360,10,1757
F19998#F217,106,56,0,164,0,360,10,1761
F19998#F216,78,52,0,131,0,360,10,1762
F19998#F215,58,89,0,148,0,360,10,1781
F19998#F214,54,42,0,98,0,360,10,1788
F19998#F213,53,48,0,102,0,360,10,1797
F19998#F212,53,41,0,95,0,360,10,1802
F19998#F211,62,91,0,154,0,360,10,1811
F19998#F210,54,43,0,97,0,360,10,1815
F19998#F209,55,40,0,96,0,360,10,1817
F19998#F208,50,83,0,134,0,360,10,1820
F19998#F207,55,41,0,97,0,360,10,1821
F19998#F206,59,38,0,98,0,360,10,1833
F19998#F205,55,43,0,99,0,360,10,1839
F19998#F204,57,84,0,142,0,360,10,1841
F19998#F203,56,44,0,101,0,360,10,1844
F19998#F202,69,52,0,123,0,360,10,1846
F19998#F201,73,47,0,121,0,360,10,1847
F19998#F200,124,77,0,203,0,360,10,1864
F19998#F199,119,46,0,166,0,360,10,1869
F19998#F198,66,107,0,180,0,360,10,1881
F19998#F196,101,55,0,161,0,360,10,1883
F19998#F194,88,43,0,133,0,360,10,1894
F19998#F193,98,73,0,172,0,360,10,1902
F19998#F192,125,96,0,222,0,360,10,1913
F19998#F191,51,34,0,87,0,360,10,1927
F19998#F190,48,32,0,81,0,360,10,1935
F19998#F189,50,83,0,134,0,360,10,1936
F19998#F188,52,45,0,98,0,360,10,1940
F19998#F187,60,39,0,99,0,360,10,1946
F19998#F186,65,44,0,110,0,360,10,1948
F19998#F185,54,43,0,98,0,360,10,1982
F19998#F184,59,81,0,141,0,360,10,1983
F19998#F183,58,35,0,94,0,360,10,1988
F19998#F182,81,96,0,177,0,360,10,1990
F19998#F181,64,48,0,114,0,360,10,1991
F19998#F180,88,89,0,179,0,360,10,2004
F19998#F179,71,53,0,126,0,360,10,2015
F19998#F178,65,47,0,113,0,360,10,2017
F19998#F177,67,46,0,114,0,360,10,2026
F19998#F176,98,47,0,147,0,360,10,2033
F19998#F175,62,45,0,108,0,360,10,2038
F19998#F174,53,37,0,92,0,360,10,2040
F19998#F172,52,40,0,93,0,360,10,2049
F19998#F171,93,43,0,137,0,360,10,2052
F19998#F169,55,34,0,91,0,360,10,2060
F19998#F168,54,93,0,149,0,360,10,2071
F19998#F167,53,38,0,92,0,360,10,2072
F19998#F165,50,36,0,88,0,360,10,2075
F19998#F164,105,83,0,189,0,360,10,2081
F19998#F163,62,37,0,100,0,360,10,2105
F19998#F162,56,42,0,99,0,360,10,2131
F19998#F161,51,37,0,88,0,360,10,2134
F19998#F160,51,33,0,85,0,360,10,2175
F19998#F159,55,44,0,100,0,360,10,2193
F19998#F158,74,50,0,126,0,360,10,2195
F19998#F157,79,49,0,129,0,360,10,2198
F19998#F156,70,41,0,112,0,360,10,2204
F19998#F155,67,48,0,115,0,360,10,2219
F19998#F154,61,40,0,102,0,360,10,2230
F19998#F153,66,66,0,134,0,360,10,2233
F19998#F152,87,89,0,178,0,360,10,2255
F19998#F151,74,42,0,117,0,360,10,2263
F19998#F150,56,92,0,149,0,360,10,2280
F19998#F149,58,84,0,144,0,360,10,2282
F19998#F148,55,35,0,91,0,360,10,2287
F19998#F147,64,34,0,99,0,360,10,2297
F19998#F146,101,37,0,139,0,360,10,2302
F19998#F145,54,34,0,88,0,360,10,2305
F19998#F144,72,89,0,162,0,360,10,2347
F19998#F143,55,91,0,147,0,360,10,2351
F19998#F142,63,39,0,103,0,360,10,2380
F19998#F141,59,39,0,99,0,360,10,2381
F19998#F140,59,38,0,98,0,360,10,2382
F19998#F139,54,40,0,95,0,360,10,2386
F19998#F137,81,52,0,135,0,360,10,2387
F19998#F136,75,102,0,180,0,360,10,2393
F19998#F135,61,39,0,102,0,360,10,2399
F19998#F134,97,45,0,143,0,360,10,2413
F19998#F133,65,44,0,110,0,360,10,2414
F19998#F132,84,97,0,182,0,360,10,2416
F19998#F131,61,40,0,102,0,360,10,2418
F19998#F130,61,36,0,98,0,360,10,2419
F19998#F129,64,36,0,101,0,360,10,2423
F19998#F128,52,81,0,134,0,360,10,2451
F19998#F127,50,46,0,97,0,360,10,2479
F19998#F126,51,33,0,85,0,360,10,2486
F19998#F125,44,30,0,75,0,360,10,2498
F19998#F124,45,82,0,128,0,360,10,2507
F19998#F123,51,34,0,86,0,360,10,2509
F19998#F122,54,37,0,92,0,360,10,2526
F19998#F121,53,36,0,90,0,360,10,2528
F19998#F120,57,34,0,92,0,360,10,2556
F19998#F119,93,50,0,144,0,360,10,2566
F19998#F118,58,40,0,100,0,360,10,2568
F19998#F117,65,39,0,104,0,360,10,2658
F19998#F116,56,41,0,99,0,360,10,2664
F19998#F115,84,43,0,128,0,360,10,2670
F19998#F114,83,49,0,133,0,360,10,2673
F19998#F113,100,41,0,143,0,360,10,2683
F19998#F112,66,47,0,116,0,360,10,2686
F19998#F111,108,47,0,158,0,360,10,2687
F19998#F110,81,92,0,175,0,360,10,2688
F19998#F109,67,47,0,115,0,360,10,2716
F19998#F108,59,38,0,99,0,360,10,2723
F19998#F107,61,37,0,100,0,360,10,2732
F19998#F106,59,34,0,94,0,360,10,2740
F19998#F105,56,84,0,142,0,360,10,2764
F19998#F104,58,55,0,114,0,360,10,2767
F19998#F103,48,36,0,86,0,360,10,2773
F19998#F102,57,39,0,97,0,360,10,2822
F19998#F101,47,35,0,83,0,360,10,2837
F19998#F100,60,43,0,105,0,360,10,2846
F19998#F99,51,75,0,127,0,360,10,2849
F19998#F98,53,39,0,94,0,360,10,2850
F19998#F97,55,34,0,91,0,360,10,2873
F19998#F96,58,35,0,94,0,360,10,2895
F19998#F95,94,41,0,136,0,360,10,2915
F19998#F94,67,47,0,116,0,360,10,2920
F19998#F93,71,45,0,117,0,360,10,2929
F19998#F92,59,46,0,107,0,360,10,2936
F19998#F91,64,48,0,114,0,360,10,2937
F19998#F90,69,99,0,169,0,360,10,2954
F19998#F89,74,45,0,120,0,360,10,2978
F19998#F88,66,98,0,166,0,360,10,3015
F19998#F87,60,38,0,100,0,360,10,3032
F19998#F86,68,89,0,158,0,360,10,3131
F19998#F85,73,89,0,162,0,360,10,3148
F19998#F84,65,39,0,105,0,360,10,3187
F19998#F83,59,41,0,101,0,360,10,3196
F19998#F81,70,41,0,113,0,360,10,3233
F19998#F80,62,36,0,99,0,360,10,3253
F19998#F79,60,39,0,100,0,360,10,3266
F19998#F78,56,73,0,129,0,360,10,3272
F19998#F77,65,36,0,102,0,360,10,3280
F19998#F76,49,36,0,86,0,360,10,3283
F19998#F75,54,42,0,97,0,360,10,3284
F19998#F74,50,86,0,137,0,360,10,3343
F19998#F73,61,41,0,103,0,360,10,3361
F19998#F72,83,52,0,137,0,360,10,3372
F19998#F71,78,55,0,134,0,360,10,3380
F19998#F70,74,50,0,127,0,360,10,3391
F19998#F69,72,66,0,139,0,360,10,3412
F19998#F68,75,47,0,124,0,360,10,3414
F19998#F67,69,53,0,123,0,360,10,3576
F19998#F66,69,47,0,117,0,360,10,3591
F19998#F65,54,40,0,95,0,360,10,3693
F19998#F64,56,81,0,138,0,360,10,3713
F19998#F63,51,35,0,87,0,360,10,3728
F19998#F62,54,38,0,93,0,360,10,3736
F19998#F61,56,40,0,97,0,360,10,3767
F19998#F60,92,37,0,130,0,360,10,3788
F19998#F59,61,36,0,99,0,360,10,3803
F19998#F58,51,37,0,89,0,360,10,3806
F19998#F57,55,48,0,103,0,360,10,3822
F19998#F56,53,38,0,93,0,360,10,3833
F19998#F55,54,35,0,90,0,360,10,4181
F19998#F54,96,35,0,133,0,360,10,4189
F19998#F53,56,37,0,95,0,360,10,4231
F19998#F52,53,33,0,87,0,360,10,4343
F19998#F51,58,37,0,95,0,360,10,4401
F19998#F50,69,75,0,145,0,360,10,4417
F19998#F49,106,51,0,159,0,360,10,4441
F19998#F48,79,54,0,134,0,360,10,4606
F19998#F47,70,49,0,120,0,360,10,4742
F19998#F46,76,57,0,135,0,360,10,4745
F19998#F45,91,53,0,146,0,360,10,4961
F19998#F44,76,36,0,114,0,360,10,4989
F19998#F43,57,36,0,94,0,360,10,4993
F19998#F42,66,40,0,107,0,360,10,5003
F19998#F41,59,38,0,99,0,360,10,5034
F19998#F40,59,37,0,97,0,360,10,5123
F19998#F39,52,34,0,88,0,360,10,5242
F19998#F38,49,45,0,95,0,360,10,5349
F19998#F37,50,33,0,84,0,360,10,5624
F19998#F36,67,35,0,103,0,360,10,5629
F19998#F35,52,34,0,87,0,360,10,6108
F19998#F34,51,35,0,87,0,360,10,6391
F19998#F33,54,36,0,90,0,360,10,6972
F19998#F32,89,82,0,173,0,360,10,7133
F19998#F31,53,36,0,89,0,360,10,7478
F19998#F30,52,33,0,86,0,360,10,7746
F19998#F29,57,94,0,152,0,360,10,7963
F19998#F28,71,41,0,114,0,360,10,8011
F19998#F27,66,43,0,110,0,360,10,8114
F19998#F26,69,84,0,154,0,360,10,8183
F19998#F25,66,94,0,162,0,360,10,8204
F19998#F24,78,41,0,120,0,360,10,8548
F19998#F23,69,52,0,124,0,360,10,8580
F19998#F22,70,47,0,118,0,360,10,8695
F19998#F21,65,35,0,102,0,360,10,8828
F19998#F20,54,39,0,94,0,360,10,8927
F19998#F19,59,87,0,148,0,360,10,8951
F19998#F18,65,43,0,110,0,360,10,9726
F19998#F17,59,44,0,105,0,360,10,10177
F19998#F16,68,44,0,113,0,360,10,11164
F19998#F15,71,89,0,162,0,360,10,12500
F19998#F14,63,40,0,105,0,360,10,13088
F19998#F13,73,42,0,117,0,360,10,14248
F19998#F12,66,44,0,112,0,360,10,14281
F19998#F11,72,41,0,115,0,360,10,14737
F19998#F10,82,54,0,138,0,360,10,15008
F19998#F9,85,50,0,137,0,360,10,15755
F19998#F8,83,60,0,145,0,360,10,16775
F19998#F7,107,67,0,177,0,360,10,17385
F19998#F6,84,88,0,174,0,360,10,18028
F19998#F5,138,76,0,216,0,360,10,18722
F19998#F4,90,55,0,148,0,360,10,19257
F19998#F3,96,68,0,165,0,360,10,21878
F19998#F2,70,147,0,219,0,360,10,22582
F19998#F1,162,41,0,204,0,360,10,25228
F19998#F0,64,92,0,158,0,360,10,26946
