keyword,clientTime,serverTime,totalTime,resultLength,payloadSize,w1,w2
F19998#F0,216,115,334,0,360,10,26946
F16238#F0,247,195,443,0,1332,37,26946
F16235#F0,281,155,438,0,1368,38,26946
F16214#F0,189,122,312,0,1404,39,26946
F16208#F0,151,137,289,0,1440,40,26946
F16184#F0,148,136,286,0,1476,41,26946
F16130#F0,153,91,245,0,1512,42,26946
F16090#F0,147,96,245,0,1548,43,26946
F16023#F0,204,111,316,0,1584,44,26946
F15924#F0,142,87,230,0,1620,45,26946
F15885#F0,137,81,219,0,1656,46,26946
F15849#F0,137,81,219,0,1692,47,26946
F15747#F0,152,88,241,0,1728,48,26946
F15700#F0,138,78,217,0,1764,49,26946
F15569#F0,144,87,232,0,1800,50,26946
F15547#F0,142,96,238,0,1836,51,26946
F15477#F0,159,93,254,0,1872,52,26946
F15415#F0,161,89,251,0,1908,53,26946
F15343#F0,162,90,253,0,1944,54,26946
F15199#F0,156,141,299,0,1980,55,26946
F15114#F0,179,94,275,0,2016,56,26946
F15029#F0,172,98,271,0,2052,57,26946
F15003#F0,171,95,268,0,2088,58,26946
F14877#F0,173,92,266,0,2124,59,26946
F14805#F0,197,94,293,0,2160,60,26946
F14736#F0,174,93,268,0,2196,61,26946
F14645#F0,173,99,273,0,2232,62,26946
F14621#F0,173,151,326,0,2268,63,26946
F14498#F0,171,93,266,0,2304,64,26946
F14396#F0,177,93,272,0,2340,65,26946
F14377#F0,167,145,314,0,2376,66,26946
F14270#F0,186,107,294,0,2412,67,26946
F14173#F0,199,104,304,0,2448,68,26946
F14061#F0,210,109,321,0,2484,69,26946
F13990#F0,198,107,306,0,2520,70,26946
F13973#F0,205,163,368,0,2556,71,26946
F13834#F0,217,115,333,0,2592,72,26946
F13757#F0,201,151,353,0,2628,73,26946
F13740#F0,212,108,321,0,2664,74,26946
F13640#F0,199,150,350,0,2700,75,26946
F13574#F0,204,105,311,0,2736,76,26946
F13494#F0,213,153,368,0,2772,77,26946
F13434#F0,210,108,319,0,2808,78,26946
F13361#F0,217,106,324,0,2844,79,26946
F13313#F0,212,99,312,0,2880,80,26946
F13182#F0,213,154,368,0,2916,81,26946
F13093#F0,234,125,360,0,2952,82,26946
F13082#F0,230,118,349,0,2988,83,26946
F13005#F0,222,115,339,0,3024,84,26946
F12930#F0,237,117,356,0,3060,85,26946
F12893#F0,270,169,441,0,3096,86,26946
F12810#F0,228,127,357,0,3132,87,26946
F12745#F0,283,135,419,0,3168,88,26946
F12626#F0,297,172,470,0,3204,89,26946
F12547#F0,244,172,417,0,3240,90,26946
F12523#F0,250,144,396,0,3276,91,26946
F12401#F0,276,191,469,0,3312,92,26946
F12337#F0,256,134,392,0,3348,93,26946
F12284#F0,291,142,434,0,3384,94,26946
F12231#F0,261,127,389,0,3420,95,26946
F12103#F0,249,172,423,0,3456,96,26946
F12020#F0,301,144,445,0,3492,97,26946
F11994#F0,327,127,456,0,3528,98,26946
F11907#F0,271,136,408,0,3564,99,26946
F11843#F0,267,172,441,0,3600,100,26946
F11784#F0,289,134,425,0,3636,101,26946
F11768#F0,278,143,422,0,3672,102,26946
F11701#F0,282,130,413,0,3708,103,26946
F11646#F0,267,126,394,0,3744,104,26946
F11583#F0,283,181,465,0,3780,105,26946
F11512#F0,300,143,444,0,3816,106,26946
F11426#F0,262,128,390,0,3852,107,26946
F11379#F0,262,141,404,0,3888,108,26946
F11334#F0,278,150,429,0,3924,109,26946
F11220#F0,303,140,444,0,3960,110,26946
F11134#F0,301,196,499,0,3996,111,26946
F11048#F0,468,207,677,0,4032,112,26946
F11011#F0,309,188,499,0,4068,113,26946
F10940#F0,283,189,474,0,4104,114,26946
F10916#F0,290,154,445,0,4140,115,26946
F10815#F0,283,132,417,0,4176,116,26946
F10780#F0,281,127,409,0,4212,117,26946
F10738#F0,281,129,411,0,4248,118,26946
F10630#F0,316,199,516,0,4284,119,26946
F10622#F0,292,193,486,0,4320,120,26946
F10552#F0,310,155,467,0,4356,121,26946
F10454#F0,305,160,466,0,4392,122,26946
F10413#F0,299,160,459,0,4428,123,26946
F10362#F0,308,144,453,0,4464,124,26946
F10306#F0,293,140,433,0,4500,125,26946
F10226#F0,304,135,441,0,4536,126,26946
F10177#F0,317,211,530,0,4572,127,26946
F10108#F0,311,212,524,0,4608,128,26946
F10044#F0,332,165,498,0,4644,129,26946
F10035#F0,316,146,464,0,4680,130,26946
F9978#F0,315,140,456,0,4716,131,26946
F9916#F0,321,187,509,0,4752,132,26946
F9872#F0,307,144,453,0,4788,133,26946
F9779#F0,318,138,458,0,4824,134,26946
F9774#F0,322,142,465,0,4860,135,26946
F9692#F0,316,186,503,0,4896,136,26946
F9644#F0,328,145,474,0,4932,137,26946
F9570#F0,329,151,482,0,4968,138,26946
F9522#F0,336,148,485,0,5004,139,26946
F9501#F0,341,176,518,0,5040,140,26946
F9411#F0,355,165,521,0,5076,141,26946
F9379#F0,349,172,522,0,5112,142,26946
F9330#F0,340,177,518,0,5148,143,26946
F9283#F0,367,212,580,0,5184,144,26946
F9252#F0,356,154,511,0,5220,145,26946
F9204#F0,372,157,530,0,5256,146,26946
F9126#F0,348,159,508,0,5292,147,26946
F9093#F0,370,171,542,0,5328,148,26946
F9029#F0,352,160,513,0,5364,149,26946
F8952#F0,356,199,556,0,5400,150,26946
F8913#F0,340,158,500,0,5436,151,26946
F8877#F0,357,180,538,0,5472,152,26946
F8831#F0,385,166,552,0,5508,153,26946
F8798#F0,370,202,572,0,5544,154,26946
F8754#F0,369,155,525,0,5580,155,26946
F8716#F0,375,159,535,0,5616,156,26946
F8648#F0,380,169,550,0,5652,157,26946
F8637#F0,404,184,589,0,5688,158,26946
F8593#F0,406,169,576,0,5724,159,26946
F8536#F0,400,179,580,0,5760,160,26946
F8501#F0,387,161,549,0,5796,161,26946
F8435#F0,386,226,614,0,5832,162,26946
F8407#F0,369,159,529,0,5868,163,26946
F8312#F0,370,164,535,0,5904,164,26946
F8251#F0,370,156,527,0,5940,165,26946
F8226#F0,421,188,611,0,5976,166,26946
F8185#F0,396,178,575,0,6012,167,26946
F8157#F0,389,241,631,0,6048,168,26946
F8081#F0,432,236,669,0,6084,169,26946
F8066#F0,430,223,654,0,6120,170,26946
F8026#F0,485,187,674,0,6156,171,26946
F7966#F0,404,219,624,0,6192,172,26946
F7911#F0,398,190,590,0,6228,173,26946
F7888#F0,450,245,697,0,6264,174,26946
F7847#F0,446,249,696,0,6300,175,26946
F7811#F0,443,184,628,0,6336,176,26946
F7747#F0,463,211,675,0,6372,177,26946
F7737#F0,475,192,668,0,6408,178,26946
F7681#F0,442,198,641,0,6444,179,26946
F7667#F0,493,192,687,0,6480,180,26946
F7595#F0,439,188,628,0,6516,181,26946
F7556#F0,426,209,636,0,6552,182,26946
F7515#F0,449,187,638,0,6588,183,26946
F7474#F0,439,182,622,0,6624,184,26946
F7446#F0,415,194,610,0,6660,185,26946
F7393#F0,448,267,716,0,6696,186,26946
F7352#F0,487,218,706,0,6732,187,26946
F7344#F0,493,191,687,0,6768,188,26946
F7302#F0,437,194,632,0,6804,189,26946
F7261#F0,442,200,643,0,6840,190,26946
F7230#F0,427,235,663,0,6876,191,26946
F7189#F0,412,190,603,0,6912,192,26946
F7172#F0,442,182,625,0,6948,193,26946
F7136#F0,433,182,616,0,6984,194,26946
F7074#F0,432,195,629,0,7020,195,26946
F7021#F0,428,185,614,0,7056,196,26946
F7007#F0,429,187,618,0,7092,197,26946
F6947#F0,440,231,672,0,7128,198,26946
F6930#F0,454,251,705,0,7164,199,26946
F6882#F0,493,216,710,0,7200,200,26946
F6853#F0,474,218,693,0,7236,201,26946
F6826#F0,542,231,775,0,7272,202,26946
F6766#F0,528,208,737,0,7308,203,26946
F6717#F0,488,265,755,0,7344,204,26946
F6701#F0,488,270,760,0,7380,205,26946
F6657#F0,488,276,766,0,7416,206,26946
F6623#F0,486,265,752,0,7452,207,26946
F6588#F0,526,292,820,0,7488,208,26946
F6550#F0,484,216,702,0,7524,209,26946
F6510#F0,499,242,742,0,7560,210,26946
F6480#F0,526,217,744,0,7596,211,26946
F6449#F0,509,209,719,0,7632,212,26946
F6415#F0,535,266,802,0,7668,213,26946
F6398#F0,502,259,762,0,7704,214,26946
F6355#F0,493,221,715,0,7740,215,26946
F6330#F0,478,219,698,0,7776,216,26946
F6276#F0,558,299,858,0,7812,217,26946
F6256#F0,526,226,753,0,7848,218,26946
F6231#F0,514,297,812,0,7884,219,26946
F6210#F0,520,280,801,0,7920,220,26946
F6176#F0,517,217,735,0,7956,221,26946
F6158#F0,524,230,755,0,7992,222,26946
F6106#F0,566,230,798,0,8028,223,26946
F6070#F0,545,254,800,0,8064,224,26946
F6064#F0,541,224,765,0,8100,225,26946
F6019#F0,544,228,773,0,8136,226,26946
F5972#F0,539,237,777,0,8172,227,26946
F5940#F0,527,213,742,0,8208,228,26946
F5923#F0,550,206,757,0,8244,229,26946
F5908#F0,527,206,735,0,8280,230,26946
F5876#F0,529,222,752,0,8316,231,26946
F5857#F0,551,255,807,0,8352,232,26946
F5835#F0,559,214,774,0,8388,233,26946
F5783#F0,514,260,775,0,8424,234,26946
F5774#F0,502,270,772,0,8460,235,26946
F5736#F0,511,233,745,0,8496,236,26946
F5706#F0,541,234,776,0,8532,237,26946
F5679#F0,529,245,775,0,8568,238,26946
F5642#F0,528,263,792,0,8604,239,26946
F5615#F0,518,269,788,0,8640,240,26946
F5600#F0,499,225,726,0,8676,241,26946
F5583#F0,502,210,714,0,8712,242,26946
F5565#F0,518,224,743,0,8748,243,26946
F5538#F0,519,270,790,0,8784,244,26946
F5503#F0,538,231,771,0,8820,245,26946
F5485#F0,549,219,769,0,8856,246,26946
F5473#F0,524,218,744,0,8892,247,26946
F5444#F0,532,280,814,0,8928,248,26946
F5401#F0,542,222,765,0,8964,249,26946
F5391#F0,556,245,802,0,9000,250,26946
F5362#F0,572,244,816,0,9036,251,26946
F5349#F0,627,238,866,0,9072,252,26946
F5321#F0,661,310,973,0,9108,253,26946
F5285#F0,595,271,867,0,9144,254,26946
F5269#F0,561,243,805,0,9180,255,26946
F5254#F0,628,255,885,0,9216,256,26946
F5230#F0,639,266,906,0,9252,257,26946
F5200#F0,611,260,872,0,9288,258,26946
F5183#F0,627,276,904,0,9324,259,26946
F5164#F0,621,331,953,0,9360,260,26946
F5149#F0,572,263,836,0,9396,261,26946
F5112#F0,599,285,885,0,9432,262,26946
F5095#F0,616,261,878,0,9468,263,26946
F5086#F0,572,250,822,0,9504,264,26946
F5050#F0,575,298,874,0,9540,265,26946
F5029#F0,640,250,891,0,9576,266,26946
F5010#F0,604,254,859,0,9612,267,26946
F4998#F0,583,256,840,0,9648,268,26946
F4985#F0,587,273,861,0,9684,269,26946
F4954#F0,602,296,899,0,9720,270,26946
F4920#F0,602,263,866,0,9756,271,26946
F4917#F0,612,250,864,0,9792,272,26946
F4872#F0,617,268,888,0,9828,273,26946
F4867#F0,627,272,902,0,9864,274,26946
F4842#F0,639,260,900,0,9900,275,26946
F4822#F0,688,268,957,0,9936,276,26946
F4798#F0,604,269,874,0,9972,277,26946
F4775#F0,640,297,938,0,10008,278,26946
F4759#F0,637,355,994,0,10044,279,26946
F4739#F0,634,275,911,0,10080,280,26946
F4709#F0,695,323,1020,0,10116,281,26946
F4684#F0,702,280,984,0,10152,282,26946
F4670#F0,695,283,979,0,10188,283,26946
F4656#F0,724,325,1051,0,10224,284,26946
F4634#F0,638,338,977,0,10260,285,26946
F4628#F0,623,287,912,0,10296,286,26946
F4614#F0,673,282,956,0,10332,287,26946
F4578#F0,624,260,886,0,10368,288,26946
F4561#F0,614,247,862,0,10404,289,26946
F4545#F0,618,250,869,0,10440,290,26946
F4536#F0,660,291,952,0,10476,291,26946
F4524#F0,661,311,974,0,10512,292,26946
F4510#F0,714,295,1010,0,10548,293,26946
F4479#F0,631,278,911,0,10584,294,26946
F4450#F0,623,269,894,0,10620,295,26946
F4436#F0,613,255,869,0,10656,296,26946
F4426#F0,614,306,921,0,10692,297,26946
F4397#F0,604,269,875,0,10728,298,26946
F4392#F0,618,262,882,0,10764,299,26946
F4368#F0,647,277,926,0,10800,300,26946
F4345#F0,642,318,961,0,10836,301,26946
F4337#F0,653,262,917,0,10872,302,26946
F4317#F0,632,269,901,0,10908,303,26946
F4310#F0,660,266,928,0,10944,304,26946
F4289#F0,697,326,1024,0,10980,305,26946
F4261#F0,667,294,962,0,11016,306,26946
F4243#F0,653,286,941,0,11052,307,26946
F4221#F0,645,273,919,0,11088,308,26946
F4200#F0,664,296,961,0,11124,309,26946
F4175#F0,664,273,938,0,11160,310,26946
F4167#F0,683,271,955,0,11196,311,26946
F4148#F0,668,262,931,0,11232,312,26946
F4125#F0,653,268,922,0,11268,313,26946
F4104#F0,649,296,946,0,11304,314,26946
F4094#F0,701,298,1000,0,11340,315,26946
F4075#F0,666,291,959,0,11376,316,26946
F4062#F0,675,267,943,0,11412,317,26946
F4046#F0,678,269,948,0,11448,318,26946
F4023#F0,679,324,1004,0,11484,319,26946
F4016#F0,669,267,938,0,11520,320,26946
F3990#F0,676,282,960,0,11556,321,26946
F3978#F0,689,275,965,0,11592,322,26946
F3960#F0,708,317,1026,0,11628,323,26946
F3940#F0,718,376,1096,0,11664,324,26946
F3925#F0,697,395,1094,0,11700,325,26946
F3909#F0,701,391,1093,0,11736,326,26946
F3897#F0,673,340,1015,0,11772,327,26946
F3878#F0,681,276,957,0,11808,328,26946
F3877#F0,668,284,953,0,11844,329,26946
F3856#F0,673,326,1000,0,11880,330,26946
F3840#F0,662,334,997,0,11916,331,26946
F3829#F0,672,354,1026,0,11952,332,26946
F3824#F0,679,278,959,0,11988,333,26946
F3799#F0,668,278,948,0,12024,334,26946
F3790#F0,728,284,1013,0,12060,335,26946
F3770#F0,689,274,964,0,12096,336,26946
F3748#F0,723,295,1020,0,12132,337,26946
F3742#F0,715,291,1007,0,12168,338,26946
F3729#F0,712,329,1043,0,12204,339,26946
F3702#F0,699,288,988,0,12240,340,26946
F3688#F0,680,286,967,0,12276,341,26946
F3680#F0,712,308,1021,0,12312,342,26946
F3654#F0,723,309,1033,0,12348,343,26946
F3643#F0,715,315,1031,0,12384,344,26946
F3631#F0,719,293,1014,0,12420,345,26946
F3620#F0,734,313,1048,0,12456,346,26946
F3604#F0,729,343,1073,0,12492,347,26946
F3589#F0,725,342,1068,0,12528,348,26946
F3582#F0,765,289,1055,0,12564,349,26946
F3566#F0,738,291,1030,0,12600,350,26946
F3546#F0,741,293,1035,0,12636,351,26946
F3533#F0,777,297,1075,0,12672,352,26946
F3518#F0,782,289,1073,0,12708,353,26946
F3513#F0,744,308,1054,0,12744,354,26946
F3499#F0,769,366,1136,0,12780,355,26946
F3483#F0,782,341,1124,0,12816,356,26946
F3478#F0,825,391,1217,0,12852,357,26946
F3460#F0,836,387,1225,0,12888,358,26946
F3448#F0,812,398,1211,0,12924,359,26946
F3428#F0,833,351,1185,0,12960,360,26946
F3411#F0,794,324,1119,0,12996,361,26946
F3398#F0,815,350,1167,0,13032,362,26946
F3391#F0,775,353,1129,0,13068,363,26946
F3374#F0,803,382,1186,0,13104,364,26946
F3361#F0,780,419,1201,0,13140,365,26946
F3353#F0,787,370,1158,0,13176,366,26946
F3334#F0,830,416,1247,0,13212,367,26946
F3322#F0,772,431,1205,0,13248,368,26946
F3318#F0,762,515,1279,0,13284,369,26946
F3297#F0,800,510,1311,0,13320,370,26946
F3292#F0,771,485,1257,0,13356,371,26946
F3281#F0,769,463,1234,0,13392,372,26946
F3271#F0,868,365,1234,0,13428,373,26946
F3252#F0,870,404,1275,0,13464,374,26946
F3238#F0,833,1596,2430,0,13500,375,26946
F3231#F0,809,361,1172,0,13536,376,26946
F3225#F0,837,339,1177,0,13572,377,26946
F3197#F0,908,367,1277,0,13608,378,26946
F3189#F0,840,380,1221,0,13644,379,26946
F3178#F0,870,381,1252,0,13680,380,26946
F3161#F0,828,393,1224,0,13716,381,26946
F3155#F0,918,378,1297,0,13752,382,26946
F3145#F0,840,330,1172,0,13788,383,26946
F3141#F0,826,338,1165,0,13824,384,26946
F3122#F0,807,316,1125,0,13860,385,26946
F3117#F0,801,321,1124,0,13896,386,26946
F3104#F0,858,345,1204,0,13932,387,26946
F3102#F0,799,347,1147,0,13968,388,26946
F3092#F0,814,327,1142,0,14004,389,26946
F3076#F0,814,332,1147,0,14040,390,26946
F3071#F0,790,326,1117,0,14076,391,26946
F3055#F0,799,327,1128,0,14112,392,26946
F3038#F0,852,337,1190,0,14148,393,26946
F3032#F0,852,326,1180,0,14184,394,26946
F3018#F0,893,331,1226,0,14220,395,26946
F3010#F0,850,335,1186,0,14256,396,26946
F3001#F0,843,340,1184,0,14292,397,26946
F2998#F0,915,418,1335,0,14328,398,26946
F2985#F0,917,357,1275,0,14364,399,26946
F2980#F0,897,344,1242,0,14400,400,26946
F2961#F0,882,361,1244,0,14436,401,26946
F2949#F0,858,500,1359,0,14472,402,26946
F2945#F0,868,390,1260,0,14508,403,26946
F2924#F0,871,409,1281,0,14544,404,26946
F2912#F0,943,360,1305,0,14580,405,26946
F2901#F0,1010,386,1397,0,14616,406,26946
F2895#F0,923,389,1313,0,14652,407,26946
F2886#F0,948,454,1404,0,14688,408,26946
F2871#F0,960,430,1392,0,14724,409,26946
F2862#F0,973,408,1382,0,14760,410,26946
F2851#F0,949,401,1352,0,14796,411,26946
F2837#F0,896,434,1331,0,14832,412,26946
F2836#F0,884,405,1290,0,14868,413,26946
F2808#F0,921,436,1359,0,14904,414,26946
F2794#F0,977,542,1520,0,14940,415,26946
F2783#F0,1028,391,1420,0,14976,416,26946
F2770#F0,893,496,1390,0,15012,417,26946
F2763#F0,895,601,1498,0,15048,418,26946
F2749#F0,938,502,1442,0,15084,419,26946
F2744#F0,981,482,1466,0,15120,420,26946
F2736#F0,924,534,1460,0,15156,421,26946
F2731#F0,1019,426,1447,0,15192,422,26946
F2725#F0,940,395,1337,0,15228,423,26946
F2719#F0,1084,377,1464,0,15264,424,26946
F2704#F0,1003,468,1472,0,15300,425,26946
F2696#F0,990,397,1389,0,15336,426,26946
F2681#F0,1060,426,1488,0,15372,427,26946
F2680#F0,953,416,1370,0,15408,428,26946
F2671#F0,1025,465,1492,0,15444,429,26946
F2652#F0,905,381,1287,0,15480,430,26946
F2637#F0,933,518,1452,0,15516,431,26946
F2634#F0,921,443,1365,0,15552,432,26946
F2621#F0,935,405,1342,0,15588,433,26946
F2609#F0,936,418,1356,0,15624,434,26946
F2605#F0,896,430,1327,0,15660,435,26946
F2594#F0,987,431,1419,0,15696,436,26946
F2591#F0,998,435,1435,0,15732,437,26946
F2580#F0,951,386,1338,0,15768,438,26946
F2576#F0,956,382,1339,0,15804,439,26946
F2568#F0,964,522,1487,0,15840,440,26946
F2563#F0,932,402,1335,0,15876,441,26946
F2554#F0,951,393,1345,0,15912,442,26946
F2548#F0,968,394,1363,0,15948,443,26946
F2546#F0,968,409,1378,0,15984,444,26946
F2526#F0,965,402,1369,0,16020,445,26946
F2520#F0,988,448,1437,0,16056,446,26946
F2514#F0,1020,434,1456,0,16092,447,26946
F2504#F0,1150,427,1579,0,16128,448,26946
F2493#F0,1142,437,1580,0,16164,449,26946
F2482#F0,1091,457,1550,0,16200,450,26946
F2463#F0,1098,468,1568,0,16236,451,26946
F2457#F0,1222,432,1656,0,16272,452,26946
F2448#F0,1001,457,1460,0,16308,453,26946
F2445#F0,1026,446,1474,0,16344,454,26946
F2440#F0,1051,524,1577,0,16380,455,26946
F2426#F0,1062,423,1486,0,16416,456,26946
F2416#F0,966,369,1336,0,16452,457,26946
F2411#F0,969,372,1342,0,16488,458,26946
F2403#F0,949,407,1357,0,16524,459,26946
F2399#F0,968,420,1389,0,16560,460,26946
F2394#F0,954,421,1376,0,16596,461,26946
F2381#F0,957,373,1332,0,16632,462,26946
F2373#F0,941,374,1316,0,16668,463,26946
F2366#F0,976,377,1355,0,16704,464,26946
F2357#F0,980,414,1395,0,16740,465,26946
F2345#F0,953,418,1372,0,16776,466,26946
F2335#F0,990,406,1397,0,16812,467,26946
F2333#F0,963,454,1419,0,16848,468,26946
F2326#F0,1013,404,1418,0,16884,469,26946
F2319#F0,984,526,1511,0,16920,470,26946
F2312#F0,1006,516,1523,0,16956,471,26946
F2305#F0,1015,410,1426,0,16992,472,26946
F2303#F0,1062,455,1518,0,17028,473,26946
F2297#F0,1034,392,1427,0,17064,474,26946
F2294#F0,1014,453,1468,0,17100,475,26946
F2284#F0,1009,442,1452,0,17136,476,26946
F2278#F0,1045,539,1585,0,17172,477,26946
F2271#F0,975,976,1952,0,17208,478,26946
F2263#F0,1027,528,1556,0,17244,479,26946
F2251#F0,977,523,1502,0,17280,480,26946
F2244#F0,1028,552,1582,0,17316,481,26946
F2238#F0,1021,585,1607,0,17352,482,26946
F2227#F0,1018,649,1667,0,17388,483,26946
F2221#F0,1030,471,1502,0,17424,484,26946
F2215#F0,1043,458,1503,0,17460,485,26946
F2209#F0,1047,546,1595,0,17496,486,26946
F2202#F0,1030,522,1554,0,17532,487,26946
F2199#F0,1168,499,1668,0,17568,488,26946
F2185#F0,1251,508,1760,0,17604,489,26946
F2180#F0,1133,475,1610,0,17640,490,26946
F2172#F0,1158,442,1602,0,17676,491,26946
F2165#F0,1135,431,1568,0,17712,492,26946
F2158#F0,1124,421,1547,0,17748,493,26946
F2149#F0,1079,445,1526,0,17784,494,26946
F2139#F0,1107,505,1614,0,17820,495,26946
F2135#F0,1150,439,1591,0,17856,496,26946
F2130#F0,1068,457,1526,0,17892,497,26946
F2120#F0,1032,396,1430,0,17928,498,26946
F2118#F0,1047,455,1503,0,17964,499,26946
F2109#F0,1120,475,1597,0,18000,500,26946
F2099#F0,1070,407,1479,0,18036,501,26946
F2095#F0,1095,400,1497,0,18072,502,26946
F2085#F0,1060,448,1510,0,18108,503,26946
F2081#F0,1051,448,1500,0,18144,504,26946
F2073#F0,1230,414,1646,0,18180,505,26946
F2067#F0,1103,430,1535,0,18216,506,26946
F2052#F0,1128,451,1580,0,18252,507,26946
F2048#F0,1098,411,1511,0,18288,508,26946
F2039#F0,1081,423,1505,0,18324,509,26946
F2037#F0,1103,411,1515,0,18360,510,26946
F2026#F0,1127,476,1605,0,18396,511,26946
F2023#F0,1115,427,1543,0,18432,512,26946
F2013#F0,1141,661,1803,0,18468,513,26946
F2010#F0,1166,626,1793,0,18504,514,26946
F2005#F0,1173,498,1673,0,18540,515,26946
F1998#F0,1139,482,1623,0,18576,516,26946
F1997#F0,1199,472,1673,0,18612,517,26946
F1989#F0,1207,529,1738,0,18648,518,26946
F1980#F0,1091,455,1551,0,18684,519,26946
F1979#F0,1207,430,1639,0,18720,520,26946
F1972#F0,1173,464,1639,0,18756,521,26946
F1970#F0,1118,426,1546,0,18792,522,26946
F1967#F0,1096,483,1580,0,18828,523,26946
F1959#F0,1111,424,1537,0,18864,524,26946
F1955#F0,1135,453,1590,0,18900,525,26946
F1951#F0,1242,488,1731,0,18936,526,26946
F1946#F0,1216,645,1863,0,18972,527,26946
F1943#F0,1273,476,1751,0,19008,528,26946
F1940#F0,1237,539,1778,0,19044,529,26946
F1930#F0,1181,529,1711,0,19080,530,26946
F1921#F0,1112,468,1581,0,19116,531,26946
F1914#F0,1115,514,1631,0,19152,532,26946
F1906#F0,1177,495,1673,0,19188,533,26946
F1902#F0,1118,446,1566,0,19224,534,26946
F1897#F0,1097,455,1554,0,19260,535,26946
F1894#F0,1098,426,1526,0,19296,536,26946
F1889#F0,1087,427,1516,0,19332,537,26946
F1883#F0,1101,429,1531,0,19368,538,26946
F1881#F0,1120,425,1547,0,19404,539,26946
F1877#F0,1117,481,1599,0,19440,540,26946
F1870#F0,1110,461,1572,0,19476,541,26946
F1863#F0,1116,586,1703,0,19512,542,26946
F1860#F0,1114,533,1649,0,19548,543,26946
F1855#F0,1144,480,1626,0,19584,544,26946
F1851#F0,1148,493,1642,0,19620,545,26946
F1848#F0,1191,442,1635,0,19656,546,26946
F1836#F0,1169,435,1605,0,19692,547,26946
F1833#F0,1145,489,1635,0,19728,548,26946
F1830#F0,1143,498,1643,0,19764,549,26946
F1827#F0,1221,558,1780,0,19800,550,26946
F1820#F0,1307,473,1782,0,19836,551,26946
F1812#F0,1198,482,1681,0,19872,552,26946
F1809#F0,1263,466,1731,0,19908,553,26946
F1804#F0,1267,493,1761,0,19944,554,26946
F1801#F0,1188,522,1712,0,19980,555,26946
F1792#F0,1208,519,1728,0,20016,556,26946
F1788#F0,1287,524,1812,0,20052,557,26946
F1783#F0,1169,516,1687,0,20088,558,26946
F1780#F0,1159,452,1613,0,20124,559,26946
F1776#F0,1181,444,1627,0,20160,560,26946
F1775#F0,1252,462,1715,0,20196,561,26946
F1772#F0,1311,583,1895,0,20232,562,26946
F1765#F0,1232,572,1807,0,20268,563,26946
F1762#F0,1291,554,1847,0,20304,564,26946
F1756#F0,1280,531,1812,0,20340,565,26946
F1748#F0,1316,499,1817,0,20376,566,26946
F1744#F0,1293,507,1802,0,20412,567,26946
F1740#F0,1282,490,1773,0,20448,568,26946
F1737#F0,1267,469,1737,0,20484,569,26946
F1733#F0,1265,473,1739,0,20520,570,26946
F1731#F0,1266,559,1827,0,20556,571,26946
F1729#F0,1261,459,1722,0,20592,572,26946
F1719#F0,1234,455,1690,0,20628,573,26946
F1710#F0,1293,457,1752,0,20664,574,26946
F1708#F0,1227,458,1686,0,20700,575,26946
F1704#F0,1215,502,1719,0,20736,576,26946
F1699#F0,1245,455,1702,0,20772,577,26946
F1697#F0,1259,505,1765,0,20808,578,26946
F1693#F0,1233,452,1686,0,20844,579,26946
F1687#F0,1193,524,1719,0,20880,580,26946
F1682#F0,1276,496,1773,0,20916,581,26946
F1678#F0,1266,476,1744,0,20952,582,26946
F1671#F0,1216,520,1738,0,20988,583,26946
F1662#F0,1260,661,1922,0,21024,584,26946
F1658#F0,1383,502,1887,0,21060,585,26946
F1652#F0,1319,563,1883,0,21096,586,26946
F1648#F0,1330,505,1837,0,21132,587,26946
F1640#F0,1278,529,1808,0,21168,588,26946
F1638#F0,1438,538,1977,0,21204,589,26946
F1637#F0,1289,572,1862,0,21240,590,26946
F1636#F0,1334,537,1873,0,21276,591,26946
F1633#F0,1246,518,1765,0,21312,592,26946
F1625#F0,1277,526,1804,0,21348,593,26946
F1622#F0,1295,478,1774,0,21384,594,26946
F1616#F0,1289,724,2015,0,21420,595,26946
F1612#F0,1365,524,1890,0,21456,596,26946
F1608#F0,1310,526,1838,0,21492,597,26946
F1606#F0,1335,550,1887,0,21528,598,26946
F1602#F0,1367,565,1934,0,21564,599,26946
F1600#F0,1307,514,1822,0,21600,600,26946
F1597#F0,1359,514,1875,0,21636,601,26946
F1589#F0,1328,494,1823,0,21672,602,26946
F1584#F0,1246,511,1759,0,21708,603,26946
F1580#F0,1247,489,1738,0,21744,604,26946
F1576#F0,1301,530,1833,0,21780,605,26946
F1573#F0,1232,485,1719,0,21816,606,26946
F1570#F0,1232,524,1757,0,21852,607,26946
F1565#F0,1248,483,1732,0,21888,608,26946
F1560#F0,1278,579,1858,0,21924,609,26946
F1555#F0,1251,493,1745,0,21960,610,26946
F1549#F0,1297,530,1829,0,21996,611,26946
F1548#F0,1236,526,1764,0,22032,612,26946
F1545#F0,1255,480,1736,0,22068,613,26946
F1541#F0,1303,482,1787,0,22104,614,26946
F1537#F0,1327,579,1908,0,22140,615,26946
F1535#F0,1306,516,1823,0,22176,616,26946
F1528#F0,1286,539,1827,0,22212,617,26946
F1519#F0,1346,540,1887,0,22248,618,26946
F1517#F0,1322,488,1812,0,22284,619,26946
F1513#F0,1296,493,1791,0,22320,620,26946
F1509#F0,1258,487,1746,0,22356,621,26946
F1505#F0,1257,491,1749,0,22392,622,26946
F1500#F0,1263,491,1756,0,22428,623,26946
F1498#F0,1235,539,1776,0,22464,624,26946
F1495#F0,1230,491,1723,0,22500,625,26946
F1494#F0,1249,522,1773,0,22536,626,26946
F1485#F0,1273,495,1770,0,22572,627,26946
F1482#F0,1629,497,2127,0,22608,628,26946
F1481#F0,1237,503,1741,0,22644,629,26946
F1472#F0,1823,497,2322,0,22680,630,26946
F1468#F0,1279,540,1820,0,22752,632,26946
F1467#F0,2036,496,2534,0,22788,633,26946
F1464#F0,20588,2219,22810,0,22824,634,26946
F1458#F0,3003,8753,11759,0,22860,635,26946
F1455#F0,5912,1910,7825,0,22896,636,26946
F1449#F0,7921,826,8749,0,22932,637,26946
F1447#F0,2146,1452,3604,0,22968,638,26946
F1441#F0,5827,1334,7163,0,23004,639,26946
F1437#F0,5793,1205,7002,0,23040,640,26946
F1434#F0,3160,4580,7742,0,23076,641,26946
F1428#F0,18029,1504,19538,0,23112,642,26946
F1424#F0,4536,1330,5870,0,23148,643,26946
F1420#F0,8156,1411,9570,0,23184,644,26946
F1417#F0,4920,1287,6209,0,23220,645,26946
F1416#F0,2150,1830,3983,0,23256,646,26946
F1413#F0,2077,1625,3705,0,23292,647,26946
F1411#F0,2119,1667,3788,0,23328,648,26946
F1399#F0,2366,1816,4186,0,23364,649,26946
F1394#F0,2452,1823,4277,0,23400,650,26946
F1386#F0,4844,1255,6101,0,23436,651,26946
F1384#F0,4731,1290,6024,0,23472,652,26946
F1379#F0,5867,1343,7214,0,23508,653,26946
F1376#F0,1970,1751,3724,0,23544,654,26946
F1372#F0,4728,1407,6138,0,23580,655,26946
F1367#F0,3094,1285,4381,0,23616,656,26946
F1365#F0,2166,1677,3845,0,23652,657,26946
F1359#F0,2171,1766,3941,0,23688,658,26946
F1355#F0,2215,1830,4048,0,23724,659,26946
F1354#F0,2182,1825,4009,0,23796,661,26946
F1347#F0,2151,1808,3961,0,23832,662,26946
F1345#F0,2401,2140,4545,0,23868,663,26946
F1340#F0,2315,1727,4045,0,23904,664,26946
F1339#F0,4866,1378,6246,0,23940,665,26946
F1336#F0,4579,1280,5862,0,23976,666,26946
F1335#F0,4822,1402,6228,0,24012,667,26946
F1331#F0,5537,1383,6925,0,24048,668,26946
F1326#F0,2134,1505,3641,0,24084,669,26946
F1325#F0,2262,1332,3598,0,24156,671,26946
F1318#F0,2587,968,3558,0,24192,672,26946
F1315#F0,2755,1228,3986,0,24264,674,26946
F1309#F0,9118,1153,10275,0,24300,675,26946
F1306#F0,3563,1136,4701,0,24336,676,26946
F1303#F0,3901,1056,4959,0,24372,677,26946
F1299#F0,1566,1434,3007,0,24408,678,26946
F1291#F0,1779,727,2508,0,24444,679,26946
F1289#F0,24310,709,25022,0,24480,680,26946
F1287#F0,1675,613,2290,0,24516,681,26946
F1286#F0,1795,654,2451,0,24552,682,26946
F1284#F0,1621,630,2253,0,24588,683,26946
F1283#F0,3408,610,4020,0,24624,684,26946
F1277#F0,1463,649,2113,0,24660,685,26946
F1274#F0,1429,579,2009,0,24696,686,26946
F1272#F0,1438,583,2023,0,24732,687,26946
F1269#F0,1460,565,2027,0,24768,688,26946
F1266#F0,1504,707,2212,0,24804,689,26946
F1264#F0,1883,641,2526,0,24840,690,26946
F1262#F0,1731,671,2403,0,24876,691,26946
F1260#F0,1583,640,2225,0,24912,692,26946
F1256#F0,1573,620,2194,0,24948,693,26946
F1252#F0,1545,820,2367,0,24984,694,26946
F1250#F0,7731,599,8333,0,25020,695,26946
F1247#F0,1448,804,2254,0,25056,696,26946
F1241#F0,3012,703,3717,0,25092,697,26946
F1240#F0,1451,703,2155,0,25128,698,26946
F1238#F0,1447,1753,3202,0,25164,699,26946
F1233#F0,2003,597,2601,0,25236,701,26946
F1230#F0,4626,669,5297,0,25272,702,26946
F1228#F0,1359,567,1928,0,25308,703,26946
F1225#F0,1391,612,2005,0,25344,704,26946
F1224#F0,1420,619,2040,0,25416,706,26946
F1223#F0,1459,569,2030,0,25452,707,26946
F1215#F0,1563,578,2143,0,25488,708,26946
F1210#F0,5715,741,6458,0,25524,709,26946
F1206#F0,1390,642,2033,0,25560,710,26946
F1205#F0,1307,646,1954,0,25596,711,26946
F1201#F0,1401,620,2022,0,25632,712,26946
F1200#F0,1575,620,2196,0,25668,713,26946
F1197#F0,1518,571,2091,0,25704,714,26946
F1194#F0,1656,624,2282,0,25740,715,26946
F1193#F0,1614,596,2211,0,25776,716,26946
F1186#F0,1555,631,2188,0,25812,717,26946
F1184#F0,19901,645,20548,0,25848,718,26946
F1180#F0,1458,596,2056,0,25884,719,26946
F1179#F0,1449,647,2098,0,25920,720,26946
F1177#F0,1540,659,2201,0,25956,721,26946
F1176#F0,1645,703,2350,0,25992,722,26946
F1172#F0,1625,781,2408,0,26028,723,26946
F1170#F0,5323,643,5969,0,26064,724,26946
F1167#F0,1530,741,2273,0,26100,725,26946
F1166#F0,1447,604,2052,0,26136,726,26946
F1160#F0,1441,604,2047,0,26172,727,26946
F1156#F0,1605,618,2224,0,26208,728,26946
F1153#F0,1594,652,2247,0,26244,729,26946
F1151#F0,1617,615,2234,0,26280,730,26946
F1142#F0,1750,640,2391,0,26352,732,26946
F1137#F0,16249,844,17095,0,26388,733,26946
F1136#F0,2739,654,3395,0,26424,734,26946
F1135#F0,2244,692,2939,0,26460,735,26946
F1132#F0,2379,1494,3875,0,26496,736,26946
F1128#F0,1825,711,2538,0,26532,737,26946
F1123#F0,1948,677,2627,0,26568,738,26946
F1121#F0,2014,670,2686,0,26604,739,26946
F1120#F0,1824,630,2456,0,26640,740,26946
F1118#F0,2149,626,2778,0,26676,741,26946
F1116#F0,1671,797,2470,0,26712,742,26946
F1113#F0,1853,735,2590,0,26748,743,26946
F1111#F0,1715,595,2312,0,26784,744,26946
F1108#F0,1718,605,2324,0,26820,745,26946
F1102#F0,1867,636,2505,0,26856,746,26946
F1099#F0,1641,637,2280,0,26928,748,26946
F1096#F0,1746,610,2358,0,26964,749,26946
F1094#F0,1816,600,2417,0,27000,750,26946
F1092#F0,1761,619,2382,0,27036,751,26946
F1089#F0,1782,616,2400,0,27072,752,26946
F1088#F0,1715,651,2367,0,27108,753,26946
F1085#F0,1756,617,2375,0,27144,754,26946
F1081#F0,1835,685,2521,0,27180,755,26946
F1078#F0,2052,852,2906,0,27216,756,26946
F1075#F0,2212,675,2888,0,27252,757,26946
F1073#F0,1868,655,2525,0,27288,758,26946
F1069#F0,1850,679,2530,0,27324,759,26946
F1063#F0,1892,668,2562,0,27360,760,26946
F1061#F0,1902,643,2547,0,27396,761,26946
F1059#F0,1809,630,2441,0,27432,762,26946
F1058#F0,1845,662,2508,0,27468,763,26946
F1057#F0,1596,618,2216,0,27504,764,26946
F1056#F0,1696,633,2331,0,27540,765,26946
F1050#F0,1674,626,2301,0,27576,766,26946
F1047#F0,1648,613,2263,0,27612,767,26946
F1044#F0,1624,629,2255,0,27648,768,26946
F1043#F0,1698,660,2359,0,27684,769,26946
F1039#F0,1707,687,2395,0,27720,770,26946
F1037#F0,1721,659,2381,0,27756,771,26946
F1032#F0,1663,619,2284,0,27792,772,26946
F1029#F0,1641,607,2250,0,27828,773,26946
F1027#F0,1721,640,2363,0,27864,774,26946
F1022#F0,1770,639,2411,0,27900,775,26946
F1020#F0,1612,613,2226,0,27936,776,26946
F1017#F0,1659,697,2358,0,27972,777,26946
F1015#F0,1622,616,2241,0,28008,778,26946
F1012#F0,1620,652,2273,0,28044,779,26946
F1008#F0,1687,615,2303,0,28080,780,26946
F1006#F0,1706,718,2426,0,28116,781,26946
F1004#F0,1902,681,2586,0,28152,782,26946
F1002#F0,1788,888,2679,0,28188,783,26946
F998#F0,1751,677,2429,0,28224,784,26946
F996#F0,1926,858,2785,0,28260,785,26946
F995#F0,1848,1187,3037,0,28296,786,26946
F991#F0,1941,787,2729,0,28332,787,26946
F990#F0,1835,939,2776,0,28368,788,26946
F984#F0,1853,842,2696,0,28404,789,26946
F982#F0,1821,714,2537,0,28440,790,26946
F981#F0,1771,716,2489,0,28476,791,26946
F979#F0,1690,636,2328,0,28512,792,26946
F976#F0,1854,700,2556,0,28548,793,26946
F973#F0,1687,666,2355,0,28584,794,26946
F971#F0,1848,656,2505,0,28656,796,26946
F968#F0,1840,708,2550,0,28692,797,26946
F967#F0,1872,714,2587,0,28728,798,26946
F966#F0,1842,694,2537,0,28764,799,26946
F963#F0,1904,800,2706,0,28836,801,26946
F962#F0,1856,672,2529,0,28872,802,26946
F961#F0,1840,703,2545,0,28908,803,26946
F958#F0,1776,712,2490,0,28944,804,26946
F957#F0,1806,715,2522,0,28980,805,26946
F953#F0,1830,746,2578,0,29016,806,26946
F947#F0,1824,843,2668,0,29052,807,26946
F944#F0,1898,763,2662,0,29088,808,26946
F942#F0,1898,723,2623,0,29124,809,26946
F939#F0,1867,770,2639,0,29160,810,26946
F937#F0,1874,1157,3033,0,29196,811,26946
F935#F0,1833,689,2523,0,29232,812,26946
F932#F0,1996,709,2707,0,29268,813,26946
F928#F0,1881,792,2675,0,29304,814,26946
F925#F0,1905,712,2619,0,29340,815,26946
F924#F0,2741,717,3460,0,29376,816,26946
F923#F0,1916,688,2605,0,29412,817,26946
F921#F0,1913,707,2621,0,29448,818,26946
F919#F0,1783,682,2466,0,29484,819,26946
F918#F0,1554,651,2207,0,29520,820,26946
F916#F0,1846,714,2562,0,29592,822,26946
F910#F0,1953,826,2780,0,29628,823,26946
F907#F0,2077,729,2808,0,29700,825,26946
F906#F0,1944,788,2735,0,29736,826,26946
F902#F0,1982,795,2778,0,29772,827,26946
F900#F0,1808,755,2564,0,29808,828,26946
F897#F0,1607,749,2358,0,29844,829,26946
F894#F0,1686,747,2435,0,29916,831,26946
F893#F0,1892,780,2673,0,29952,832,26946
F891#F0,1968,845,2815,0,29988,833,26946
F889#F0,1798,917,2717,0,30060,835,26946
F888#F0,1960,789,2752,0,30096,836,26946
F887#F0,1836,847,2685,0,30168,838,26946
F884#F0,1867,868,2737,0,30204,839,26946
F881#F0,6145,6387,12533,0,30276,841,26946
F873#F0,1826,796,2624,0,30312,842,26946
F869#F0,1893,820,2715,0,30348,843,26946
F866#F0,1848,822,2671,0,30384,844,26946
F864#F0,4025,833,4861,0,30420,845,26946
F863#F0,1746,851,2598,0,30456,846,26946
F861#F0,1849,758,2609,0,30492,847,26946
F858#F0,1849,835,2686,0,30564,849,26946
F853#F0,3268,718,3988,0,30600,850,26946
F852#F0,1843,709,2554,0,30636,851,26946
F851#F0,1859,703,2563,0,30672,852,26946
F850#F0,2384,692,3078,0,30708,853,26946
F845#F0,1923,821,2746,0,30744,854,26946
F844#F0,1904,780,2686,0,30780,855,26946
F843#F0,1861,816,2679,0,30888,858,26946
F842#F0,1842,777,2621,0,30924,859,26946
F840#F0,1862,774,2638,0,30960,860,26946
F839#F0,3116,832,3949,0,31032,862,26946
F838#F0,1821,771,2594,0,31068,863,26946
F835#F0,1967,814,2783,0,31104,864,26946
F832#F0,1973,782,2757,0,31140,865,26946
F830#F0,1860,871,2733,0,31176,866,26946
F829#F0,2028,760,2790,0,31212,867,26946
F827#F0,2096,759,2857,0,31248,868,26946
F825#F0,1972,755,2728,0,31284,869,26946
F823#F0,1961,983,2946,0,31320,870,26946
F822#F0,2072,759,2832,0,31356,871,26946
F820#F0,1968,821,2791,0,31392,872,26946
F819#F0,2095,835,2933,0,31428,873,26946
F818#F0,7823,934,8759,0,31464,874,26946
F814#F0,3385,2014,5400,0,31500,875,26946
F813#F0,5679,818,6499,0,31536,876,26946
F812#F0,1906,761,2668,0,31572,877,26946
F807#F0,1848,756,2607,0,31608,878,26946
F806#F0,1738,700,2440,0,31644,879,26946
F805#F0,1922,781,2704,0,31680,880,26946
F803#F0,2094,814,2910,0,31716,881,26946
F801#F0,1961,779,2742,0,31752,882,26946
F798#F0,5145,779,5927,0,31788,883,26946
F796#F0,1843,731,2576,0,31824,884,26946
F795#F0,1846,813,2660,0,31860,885,26946
F793#F0,2021,740,2763,0,31896,886,26946
F792#F0,2258,798,3058,0,31932,887,26946
F789#F0,2042,794,2838,0,31968,888,26946
F788#F0,2060,925,2987,0,32040,890,26946
F786#F0,2032,897,2931,0,32076,891,26946
F785#F0,2028,878,2908,0,32112,892,26946
F783#F0,20564,818,21384,0,32148,893,26946
F782#F0,2036,872,2910,0,32184,894,26946
F781#F0,2169,861,3031,0,32220,895,26946
F777#F0,2160,849,3011,0,32256,896,26946
F775#F0,4748,777,5527,0,32292,897,26946
F772#F0,2109,811,2922,0,32328,898,26946
F771#F0,2014,805,2821,0,32364,899,26946
F770#F0,2092,798,2892,0,32400,900,26946
F769#F0,2037,834,2873,0,32436,901,26946
F765#F0,2048,871,2921,0,32472,902,26946
F764#F0,2028,748,2779,0,32508,903,26946
F760#F0,1985,797,2784,0,32544,904,26946
F756#F0,2005,742,2749,0,32616,906,26946
F752#F0,2041,757,2799,0,32688,908,26946
F751#F0,2070,772,2844,0,32724,909,26946
F749#F0,2058,849,2910,0,32760,910,26946
F747#F0,16994,756,17752,0,32796,911,26946
F745#F0,2191,900,3093,0,32832,912,26946
F742#F0,2251,874,3127,0,32868,913,26946
F740#F0,2197,838,3037,0,32904,914,26946
F735#F0,2051,834,2887,0,32940,915,26946
F734#F0,2408,865,3275,0,33012,917,26946
F731#F0,2001,759,2762,0,33048,918,26946
F730#F0,1958,756,2716,0,33120,920,26946
F728#F0,2006,805,2813,0,33192,922,26946
F727#F0,1935,762,2698,0,33228,923,26946
F726#F0,1966,810,2777,0,33264,924,26946
F725#F0,1982,773,2757,0,33336,926,26946
F722#F0,2026,763,2790,0,33372,927,26946
F721#F0,2000,832,2833,0,33480,930,26946
F720#F0,1996,851,2848,0,33552,932,26946
F719#F0,2282,874,3157,0,33660,935,26946
F716#F0,2145,955,3102,0,33696,936,26946
F715#F0,17585,843,18430,0,33732,937,26946
F714#F0,2173,838,3013,0,33768,938,26946
F713#F0,2116,963,3082,0,33804,939,26946
F709#F0,2322,892,3216,0,33840,940,26946
F707#F0,2109,829,2940,0,33876,941,26946
F704#F0,2088,842,2932,0,33912,942,26946
F700#F0,1878,830,2710,0,33984,944,26946
F698#F0,1956,776,2734,0,34020,945,26946
F697#F0,2010,782,2793,0,34128,948,26946
F693#F0,1946,788,2736,0,34200,950,26946
F692#F0,2125,780,2907,0,34308,953,26946
F691#F0,2064,791,2857,0,34344,954,26946
F690#F0,2103,849,2954,0,34380,955,26946
F686#F0,1948,912,2862,0,34416,956,26946
F684#F0,2549,920,3471,0,34488,958,26946
F682#F0,2434,915,3351,0,34524,959,26946
F679#F0,2416,1202,3620,0,34560,960,26946
F678#F0,2253,1112,3367,0,34596,961,26946
F677#F0,2089,952,3043,0,34632,962,26946
F674#F0,2004,925,2932,0,34668,963,26946
F671#F0,2225,863,3091,0,34740,965,26946
F668#F0,2120,867,2990,0,34812,967,26946
F666#F0,2230,851,3083,0,34884,969,26946
F664#F0,2167,933,3102,0,34920,970,26946
F663#F0,10713,827,11542,0,34956,971,26946
F662#F0,1837,820,2659,0,34992,972,26946
F661#F0,1893,859,2754,0,35028,973,26946
F660#F0,1926,810,2738,0,35064,974,26946
F659#F0,1837,768,2606,0,35100,975,26946
F658#F0,1988,771,2761,0,35136,976,26946
F657#F0,1994,772,2768,0,35208,978,26946
F655#F0,2044,875,2921,0,35244,979,26946
F654#F0,2189,812,3003,0,35352,982,26946
F653#F0,2127,810,2939,0,35388,983,26946
F652#F0,2017,812,2830,0,35424,984,26946
F651#F0,2273,849,3124,0,35460,985,26946
F650#F0,2051,855,2908,0,35532,987,26946
F649#F0,2007,780,2789,0,35568,988,26946
F647#F0,2084,782,2868,0,35604,989,26946
F645#F0,2221,868,3091,0,35640,990,26946
F644#F0,2059,1048,3109,0,35676,991,26946
F642#F0,2132,827,2960,0,35712,992,26946
F641#F0,2007,814,2822,0,35748,993,26946
F638#F0,2692,888,3582,0,35784,994,26946
F637#F0,2344,878,3224,0,35820,995,26946
F635#F0,2235,896,3133,0,35856,996,26946
F633#F0,2388,910,3301,0,35892,997,26946
F632#F0,2804,901,3706,0,35928,998,26946
F630#F0,2276,838,3122,0,35964,999,26946
F629#F0,3124,970,4096,0,36000,1000,26946
F627#F0,2346,910,3258,0,36036,1001,26946
F624#F0,2323,905,3230,0,36072,1002,26946
F622#F0,2090,915,3006,0,36144,1004,26946
F619#F0,2196,922,3120,0,36180,1005,26946
F616#F0,2239,855,3097,0,36216,1006,26946
F615#F0,2160,941,3103,0,36252,1007,26946
F613#F0,2154,893,3048,0,36288,1008,26946
F612#F0,2030,837,2869,0,36396,1011,26946
F611#F0,2135,849,2986,0,36432,1012,26946
F609#F0,2101,810,2913,0,36468,1013,26946
F607#F0,2179,847,3027,0,36540,1015,26946
F604#F0,2100,797,2899,0,36576,1016,26946
F603#F0,2208,862,3074,0,36612,1017,26946
F602#F0,2244,879,3125,0,36648,1018,26946
F599#F0,2226,853,3081,0,36720,1020,26946
F598#F0,2217,935,3154,0,36792,1022,26946
F597#F0,2268,1637,3907,0,36828,1023,26946
F595#F0,2261,853,3116,0,36864,1024,26946
F594#F0,2224,981,3208,0,36972,1027,26946
F592#F0,2179,927,3109,0,37008,1028,26946
F591#F0,2168,991,3161,0,37044,1029,26946
F590#F0,2467,991,3459,0,37116,1031,26946
F588#F0,2455,976,3433,0,37152,1032,26946
F587#F0,2533,916,3452,0,37188,1033,26946
F586#F0,2258,1085,3344,0,37224,1034,26946
F585#F0,2407,915,3324,0,37296,1036,26946
F584#F0,2285,918,3205,0,37332,1037,26946
F583#F0,2150,867,3019,0,37368,1038,26946
F582#F0,2354,913,3269,0,37440,1040,26946
F580#F0,2367,890,3259,0,37476,1041,26946
F578#F0,2259,980,3241,0,37512,1042,26946
F576#F0,2480,961,3443,0,37584,1044,26946
F574#F0,2477,932,3411,0,37620,1045,26946
F572#F0,3601,925,4528,0,37692,1047,26946
F571#F0,2370,915,3286,0,37728,1048,26946
F570#F0,2294,863,3159,0,37764,1049,26946
F569#F0,2330,874,3205,0,37800,1050,26946
F568#F0,2504,878,3385,0,37836,1051,26946
F564#F0,2195,877,3074,0,37872,1052,26946
F563#F0,2177,829,3007,0,37944,1054,26946
F560#F0,2297,881,3180,0,37980,1055,26946
F557#F0,2162,929,3092,0,38016,1056,26946
F554#F0,2459,904,3368,0,38052,1057,26946
F553#F0,2055,910,2967,0,38088,1058,26946
F552#F0,2393,930,3325,0,38160,1060,26946
F551#F0,2192,874,3067,0,38304,1064,26946
F549#F0,2278,886,3165,0,38376,1066,26946
F548#F0,2288,914,3204,0,38412,1067,26946
F545#F0,2310,876,3188,0,38448,1068,26946
F544#F0,2751,943,3697,0,38484,1069,26946
F542#F0,2391,950,3343,0,38520,1070,26946
F539#F0,2499,991,3493,0,38556,1071,26946
F538#F0,2272,927,3202,0,38592,1072,26946
F536#F0,2510,1010,3522,0,38664,1074,26946
F534#F0,2327,952,3282,0,38700,1075,26946
F533#F0,2339,969,3311,0,38808,1078,26946
F531#F0,2343,1064,3409,0,38880,1080,26946
F529#F0,2266,902,3170,0,38916,1081,26946
F525#F0,2277,881,3160,0,38952,1082,26946
F524#F0,2148,927,3077,0,38988,1083,26946
F523#F0,2181,933,3115,0,39060,1085,26946
F522#F0,2281,1024,3307,0,39096,1086,26946
F521#F0,2402,1162,3566,0,39168,1088,26946
F520#F0,2385,1010,3398,0,39204,1089,26946
F519#F0,2350,1157,3509,0,39240,1090,26946
F518#F0,2560,1056,3618,0,39312,1092,26946
F517#F0,2346,969,3317,0,39420,1095,26946
F516#F0,2490,967,3458,0,39528,1098,26946
F515#F0,2534,1139,3675,0,39564,1099,26946
F514#F0,2448,1028,3478,0,39600,1100,26946
F513#F0,2511,923,3435,0,39636,1101,26946
F512#F0,2513,948,3464,0,39672,1102,26946
F510#F0,2416,916,3335,0,39708,1103,26946
F508#F0,2128,929,3060,0,39744,1104,26946
F506#F0,2109,883,2994,0,39852,1107,26946
F505#F0,2304,898,3204,0,39888,1108,26946
F503#F0,2527,927,3456,0,39924,1109,26946
F502#F0,2430,952,3384,0,40032,1112,26946
F501#F0,2482,995,3479,0,40104,1114,26946
F500#F0,2679,1041,3723,0,40248,1118,26946
F499#F0,2620,979,3602,0,40284,1119,26946
F498#F0,2582,1020,3605,0,40536,1126,26946
F496#F0,2676,987,3665,0,40572,1127,26946
F495#F0,2546,931,3479,0,40608,1128,26946
F494#F0,2585,1088,3675,0,40644,1129,26946
F491#F0,2617,1000,3620,0,40680,1130,26946
F490#F0,2613,975,3590,0,40716,1131,26946
F489#F0,2559,1023,3585,0,40752,1132,26946
F488#F0,2570,944,3517,0,40824,1134,26946
F487#F0,2509,955,3465,0,40968,1138,26946
F486#F0,2599,932,3533,0,41004,1139,26946
F485#F0,2710,925,3637,0,41076,1141,26946
F483#F0,2431,1018,3451,0,41112,1142,26946
F481#F0,2567,924,3494,0,41148,1143,26946
F480#F0,2610,965,3577,0,41184,1144,26946
F479#F0,2497,980,3480,0,41220,1145,26946
F478#F0,2521,963,3486,0,41256,1146,26946
F477#F0,2556,952,3510,0,41364,1149,26946
F476#F0,2590,1103,3696,0,41400,1150,26946
F473#F0,2385,1031,3418,0,41436,1151,26946
F472#F0,2554,1014,3569,0,41580,1155,26946
F471#F0,2316,992,3310,0,41652,1157,26946
F469#F0,2429,956,3387,0,41688,1158,26946
F466#F0,2632,990,3624,0,41724,1159,26946
F465#F0,2583,960,3544,0,41760,1160,26946
F464#F0,2511,1007,3519,0,41868,1163,26946
F463#F0,2483,955,3440,0,41904,1164,26946
F462#F0,2428,1127,3556,0,41976,1166,26946
F460#F0,2694,1045,3742,0,42084,1169,26946
F458#F0,2749,1053,3805,0,42120,1170,26946
F457#F0,2784,1343,4130,0,42192,1172,26946
F456#F0,2512,1269,3783,0,42228,1173,26946
F455#F0,2656,1263,3921,0,42264,1174,26946
F454#F0,2660,1306,3968,0,42336,1176,26946
F453#F0,2691,1086,3780,0,42372,1177,26946
F452#F0,2717,1046,3765,0,42588,1183,26946
F451#F0,2603,1046,3652,0,42768,1188,26946
F448#F0,2650,1172,3824,0,42804,1189,26946
F447#F0,2457,1092,3550,0,42876,1191,26946
F446#F0,2689,995,3686,0,42912,1192,26946
F444#F0,2588,977,3568,0,42984,1194,26946
F443#F0,2656,1018,3677,0,43020,1195,26946
F442#F0,2579,975,3557,0,43092,1197,26946
F441#F0,2724,1126,3853,0,43164,1199,26946
F440#F0,2802,1013,3817,0,43200,1200,26946
F438#F0,2769,1038,3809,0,43272,1202,26946
F437#F0,2496,1065,3563,0,43308,1203,26946
F436#F0,2670,1022,3694,0,43380,1205,26946
F435#F0,2768,1065,3836,0,43488,1208,26946
F434#F0,2700,1056,3757,0,43524,1209,26946
F432#F0,2831,1167,4000,0,43740,1215,26946
F428#F0,2730,1084,3817,0,43776,1216,26946
F426#F0,2727,1038,3768,0,43812,1217,26946
F425#F0,2766,1051,3819,0,43848,1218,26946
F424#F0,2767,1020,3789,0,43920,1220,26946
F423#F0,2725,993,3721,0,43956,1221,26946
F422#F0,2586,1067,3655,0,43992,1222,26946
F421#F0,2537,1000,3540,0,44028,1223,26946
F420#F0,2755,1048,3805,0,44280,1230,26946
F418#F0,2948,1094,4046,0,44352,1232,26946
F417#F0,2980,1135,4117,0,44424,1234,26946
F416#F0,2842,1136,3980,0,44568,1238,26946
F415#F0,2961,1115,4078,0,44676,1241,26946
F414#F0,2865,1100,3967,0,44748,1243,26946
F413#F0,2752,1100,3855,0,44892,1247,26946
F411#F0,2614,1096,3713,0,44928,1248,26946
F410#F0,2713,1235,3951,0,44964,1249,26946
F409#F0,2773,1125,3902,0,45000,1250,26946
F408#F0,2578,1078,3658,0,45036,1251,26946
F407#F0,3247,1139,4389,0,45108,1253,26946
F406#F0,2561,1025,3588,0,45144,1254,26946
F405#F0,2708,1029,3740,0,45180,1255,26946
F403#F0,2758,1101,3861,0,45216,1256,26946
F400#F0,2872,1199,4073,0,45252,1257,26946
F399#F0,2746,1218,3966,0,45360,1260,26946
F398#F0,3043,1135,4181,0,45576,1266,26946
F396#F0,2963,1162,4128,0,45684,1269,26946
F395#F0,2713,1104,3819,0,45756,1271,26946
F392#F0,2643,1051,3696,0,45792,1272,26946
F391#F0,2757,1047,3807,0,45828,1273,26946
F390#F0,2826,1044,3873,0,45972,1277,26946
F389#F0,2790,1251,4045,0,46008,1278,26946
F388#F0,2721,1216,3939,0,46224,1284,26946
F387#F0,2893,1080,3976,0,46332,1287,26946
F386#F0,2807,1245,4055,0,46404,1289,26946
F385#F0,2755,1098,3857,0,46476,1291,26946
F384#F0,2887,1203,4092,0,46512,1292,26946
F383#F0,2707,1128,3837,0,46548,1293,26946
F382#F0,2894,1100,3996,0,46584,1294,26946
F381#F0,2820,1174,3999,0,46620,1295,26946
F377#F0,2928,1081,4011,0,46692,1297,26946
F376#F0,2992,1175,4171,0,46728,1298,26946
F375#F0,2957,1106,4065,0,46800,1300,26946
F374#F0,2879,1201,4082,0,46944,1304,26946
F373#F0,2846,1217,4065,0,47160,1310,26946
F372#F0,2850,1466,4318,0,47268,1313,26946
F371#F0,3084,1451,4537,0,47304,1314,26946
F370#F0,3003,1180,4186,0,47340,1315,26946
F369#F0,2900,1118,4020,0,47412,1317,26946
F368#F0,2965,1182,4149,0,47484,1319,26946
F366#F0,38848,95350,134201,0,47520,1320,26946
F364#F0,30102,2920,33025,0,47592,1322,26946
F363#F0,3001,1080,4084,0,47628,1323,26946
F362#F0,2682,1068,3753,0,47664,1324,26946
F361#F0,2745,1143,3891,0,47700,1325,26946
F360#F0,3068,1195,4265,0,47844,1329,26946
F359#F0,3206,1154,4364,0,47880,1330,26946
F358#F0,2942,1179,4124,0,47916,1331,26946
F357#F0,2966,1110,4079,0,48024,1334,26946
F356#F0,2936,1440,4378,0,48132,1337,26946
F355#F0,2858,1210,4070,0,48204,1339,26946
F354#F0,2883,1306,4190,0,48312,1342,26946
F353#F0,2896,1111,4009,0,48348,1343,26946
F352#F0,2747,1185,3933,0,48528,1348,26946
F351#F0,2938,1139,4080,0,48744,1354,26946
F350#F0,3050,1120,4174,0,48780,1355,26946
F349#F0,2897,1172,4072,0,48816,1356,26946
F348#F0,3077,1107,4186,0,48888,1358,26946
F347#F0,2822,1372,4196,0,48960,1360,26946
F346#F0,3010,1063,4075,0,48996,1361,26946
F345#F0,2825,1072,3899,0,49068,1363,26946
F344#F0,2954,1148,4104,0,49140,1365,26946
F343#F0,3027,1098,4127,0,49212,1367,26946
F342#F0,2913,1078,3992,0,49248,1368,26946
F341#F0,2978,1334,4315,0,49464,1374,26946
F340#F0,2966,1071,4039,0,49572,1377,26946
F339#F0,2956,1086,4044,0,49644,1379,26946
F338#F0,3054,1082,4140,0,49752,1382,26946
F337#F0,2938,1164,4107,0,49788,1383,26946
F335#F0,3132,1194,4328,0,49860,1385,26946
F334#F0,3141,1162,4306,0,49896,1386,26946
F333#F0,3050,1251,4304,0,49932,1387,26946
F332#F0,2938,1156,4096,0,49968,1388,26946
F331#F0,2887,1124,4014,0,50112,1392,26946
F330#F0,2938,1099,4039,0,50148,1393,26946
F327#F0,3035,1112,4148,0,50580,1405,26946
F326#F0,2968,1118,4087,0,50724,1409,26946
F325#F0,2939,1120,4062,0,50832,1412,26946
F324#F0,3346,1288,4636,0,50976,1416,26946
F323#F0,3071,1207,4280,0,51120,1420,26946
F322#F0,3002,1200,4204,0,51372,1427,26946
F321#F0,3116,1126,4245,0,51588,1433,26946
F320#F0,3014,1136,4152,0,51624,1434,26946
F319#F0,3127,1284,4414,0,51768,1438,26946
F318#F0,3084,1210,4298,0,51912,1442,26946
F317#F0,3189,1196,4388,0,52164,1449,26946
F316#F0,3186,1157,4345,0,52524,1459,26946
F315#F0,2970,1163,4135,0,52560,1460,26946
F314#F0,3024,1212,4238,0,52596,1461,26946
F313#F0,3084,1142,4228,0,52668,1463,26946
F312#F0,3087,1151,4240,0,52704,1464,26946
F311#F0,3259,1194,4455,0,52812,1467,26946
F310#F0,3441,1220,4663,0,52884,1469,26946
F308#F0,3349,1374,4726,0,53028,1473,26946
F306#F0,3456,1490,4949,0,53100,1475,26946
F305#F0,3223,1118,4343,0,53316,1481,26946
F304#F0,3266,1262,4531,0,53748,1493,26946
F303#F0,3362,1208,4573,0,53856,1496,26946
F302#F0,3395,1406,4803,0,54000,1500,26946
F301#F0,3357,1133,4493,0,54252,1507,26946
F298#F0,3180,1159,4342,0,54324,1509,26946
F297#F0,3232,1175,4410,0,54432,1512,26946
F296#F0,3144,1192,4339,0,54612,1517,26946
F295#F0,3304,1176,4482,0,54648,1518,26946
F293#F0,3123,1186,4312,0,54684,1519,26946
F292#F0,3035,1144,4182,0,54792,1522,26946
F291#F0,3016,1188,4205,0,54936,1526,26946
F290#F0,3204,1225,4431,0,55296,1536,26946
F289#F0,3114,1152,4269,0,55332,1537,26946
F288#F0,3094,1152,4249,0,55368,1538,26946
F287#F0,2981,1219,4201,0,55404,1539,26946
F285#F0,3068,1166,4236,0,55620,1545,26946
F284#F0,3088,1210,4301,0,56124,1559,26946
F283#F0,3100,1179,4282,0,56232,1562,26946
F282#F0,3203,1322,4529,0,56268,1563,26946
F281#F0,3390,1298,4690,0,56340,1565,26946
F280#F0,3278,1220,4501,0,56376,1566,26946
F279#F0,3335,1259,4597,0,56412,1567,26946
F278#F0,3334,1209,4546,0,56448,1568,26946
F277#F0,3555,1768,5325,0,56520,1570,26946
F276#F0,3523,1276,4801,0,56628,1573,26946
F275#F0,3433,1314,4750,0,56700,1575,26946
F274#F0,3419,1215,4636,0,56772,1577,26946
F273#F0,3280,1300,4582,0,56844,1579,26946
F272#F0,3242,1237,4481,0,56880,1580,26946
F263#F0,3209,1205,4417,0,57096,1586,26946
F262#F0,3332,1201,4535,0,57492,1597,26946
F261#F0,3346,1258,4607,0,57672,1602,26946
F260#F0,3160,1472,4634,0,57780,1605,26946
F259#F0,3161,1305,4469,0,57888,1608,26946
F258#F0,3057,1280,4339,0,58104,1614,26946
F257#F0,2963,1223,4188,0,58284,1619,26946
F256#F0,3287,1272,4562,0,58392,1622,26946
F255#F0,3409,1319,4731,0,58500,1625,26946
F254#F0,3425,1279,4706,0,58860,1635,26946
F253#F0,2964,1225,4192,0,58968,1638,26946
F252#F0,2432,1422,3856,0,59004,1639,26946
F251#F0,2470,1231,3704,0,59040,1640,26946
F250#F0,3790,2140,5933,0,59184,1644,26946
F249#F0,4494,4131,8629,0,59472,1652,26946
F248#F0,12955,3327,16286,0,59544,1654,26946
F247#F0,8622,3693,12319,0,59580,1655,26946
F246#F0,4541,3565,8109,0,59652,1657,26946
F245#F0,4232,3844,8083,0,59760,1660,26946
F244#F0,8247,1765,10015,0,59868,1663,26946
F243#F0,4220,1881,6105,0,60084,1669,26946
F242#F0,11251,2625,13881,0,60480,1680,26946
F241#F0,7915,2607,10528,0,60552,1682,26946
F240#F0,4716,2785,7508,0,60660,1685,26946
F239#F0,4732,2974,7713,0,60768,1688,26946
F236#F0,8808,2478,11292,0,60840,1690,26946
F235#F0,15957,11501,27470,0,60948,1693,26946
F234#F0,6703,2658,9367,0,61344,1704,26946
F233#F0,4681,2692,7381,0,61524,1709,26946
F231#F0,8264,2477,10751,0,61740,1715,26946
F230#F0,7158,2872,10038,0,61920,1720,26946
F228#F0,5700,2486,8193,0,61956,1721,26946
F226#F0,8142,2729,10878,0,62172,1727,26946
F225#F0,6226,2198,8432,0,62280,1730,26946
F224#F0,19870,2550,22427,0,62460,1735,26946
F223#F0,4351,2897,7256,0,62496,1736,26946
F222#F0,4523,3016,7549,0,62820,1745,26946
F221#F0,4396,2924,7328,0,62928,1748,26946
F220#F0,4709,2909,7625,0,63036,1751,26946
F219#F0,4430,3572,8009,0,63072,1752,26946
F218#F0,5586,2706,8300,0,63252,1757,26946
F217#F0,5363,2230,7599,0,63396,1761,26946
F216#F0,5768,2438,8215,0,63432,1762,26946
F215#F0,4989,2406,7398,0,64116,1781,26946
F214#F0,5947,1396,7347,0,64368,1788,26946
F213#F0,3430,1406,4839,0,64692,1797,26946
F212#F0,3480,1363,4846,0,64872,1802,26946
F211#F0,2884,1371,4258,0,65196,1811,26946
F210#F0,3022,1567,4593,0,65340,1815,26946
F209#F0,3069,1458,4531,0,65412,1817,26946
F208#F0,3013,1493,4510,0,65520,1820,26946
F207#F0,6064,2959,9028,0,65556,1821,26946
F206#F0,12377,1663,14042,0,65988,1833,26946
F205#F0,4955,1529,6488,0,66204,1839,26946
F204#F0,3714,1460,5179,0,66276,1841,26946
F203#F0,4714,1914,6631,0,66384,1844,26946
F202#F0,4602,1839,6445,0,66456,1846,26946
F201#F0,5390,1589,6983,0,66492,1847,26946
F200#F0,6096,6376,12475,0,67104,1864,26946
F199#F0,3848,1524,5376,0,67284,1869,26946
F198#F0,10504,1721,12228,0,67716,1881,26946
F196#F0,3855,1495,5352,0,67788,1883,26946
F194#F0,3867,1524,5393,0,68184,1894,26946
F193#F0,3951,1525,5478,0,68472,1902,26946
F192#F0,3922,1455,5379,0,68868,1913,26946
F191#F0,3791,1635,5428,0,69372,1927,26946
F190#F0,11860,5959,17822,0,69660,1935,26946
F189#F0,4890,3821,8714,0,69696,1936,26946
F188#F0,4430,1518,5951,0,69840,1940,26946
F187#F0,4597,1593,6193,0,70056,1946,26946
F186#F0,4631,1599,6233,0,70128,1948,26946
F185#F0,4931,1666,6600,0,71352,1982,26946
F184#F0,6526,1637,8166,0,71388,1983,26946
F183#F0,14733,1734,16470,0,71568,1988,26946
F182#F0,20850,3654,24509,0,71640,1990,26946
F181#F0,23627,14086,37715,0,71676,1991,26946
F180#F0,8553,1573,10129,0,72144,2004,26946
F179#F0,7409,1554,8966,0,72540,2015,26946
F178#F0,7755,3251,11010,0,72612,2017,26946
F177#F0,13578,3127,16708,0,72936,2026,26946
F176#F0,10839,3086,13929,0,73188,2033,26946
F175#F0,8866,1774,10646,0,73368,2038,26946
F174#F0,4899,1616,6519,0,73440,2040,26946
F172#F0,10502,2006,12512,0,73764,2049,26946
F171#F0,7358,2271,9633,0,73872,2052,26946
F169#F0,4218,1623,5843,0,74160,2060,26946
F168#F0,4534,1644,6181,0,74556,2071,26946
F167#F0,7573,2427,10005,0,74592,2072,26946
F165#F0,6583,2429,9018,0,74700,2075,26946
F164#F0,5748,2448,8200,0,74916,2081,26946
F163#F0,11442,1837,13282,0,75780,2105,26946
F162#F0,12028,1843,13874,0,76716,2131,26946
F161#F0,8011,1667,9682,0,76824,2134,26946
F160#F0,8657,1777,10436,0,78300,2175,26946
F159#F0,5006,1788,6797,0,78948,2193,26946
F158#F0,6372,1804,8180,0,79020,2195,26946
F157#F0,5908,1824,7736,0,79128,2198,26946
F156#F0,6833,2391,9227,0,79344,2204,26946
F155#F0,9442,1724,11169,0,79884,2219,26946
F154#F0,9569,1845,11417,0,80280,2230,26946
F153#F0,8754,1874,10634,0,80388,2233,26946
F152#F0,5431,1752,7186,0,81180,2255,26946
F151#F0,4782,1797,6581,0,81468,2263,26946
F150#F0,4955,1789,6747,0,82080,2280,26946
F149#F0,5101,2013,7116,0,82152,2282,26946
F148#F0,4872,1812,6687,0,82332,2287,26946
F147#F0,6048,2092,8142,0,82692,2297,26946
F146#F0,9442,2678,12124,0,82872,2302,26946
F145#F0,7758,1824,9585,0,82980,2305,26946
F144#F0,7619,2259,9881,0,84492,2347,26946
F143#F0,5570,1868,7441,0,84636,2351,26946
F142#F0,5490,1862,7357,0,85680,2380,26946
F141#F0,5847,2005,7856,0,85716,2381,26946
F140#F0,5526,1916,7446,0,85752,2382,26946
F139#F0,5440,2434,7877,0,85896,2386,26946
F137#F0,11570,2123,13696,0,85932,2387,26946
F136#F0,6980,1968,8951,0,86148,2393,26946
F135#F0,6707,2182,8894,0,86364,2399,26946
F134#F0,5168,2089,7261,0,86868,2413,26946
F133#F0,5400,2142,7546,0,86904,2414,26946
F132#F0,5621,1948,7573,0,86976,2416,26946
F131#F0,5824,2098,7927,0,87048,2418,26946
F130#F0,5754,2500,8258,0,87084,2419,26946
F129#F0,15879,2222,18104,0,87228,2423,26946
F128#F0,5268,1956,7227,0,88236,2451,26946
F127#F0,6449,2204,8657,0,89244,2479,26946
F126#F0,6943,1959,8906,0,89496,2486,26946
F125#F0,7855,2178,10036,0,89928,2498,26946
F124#F0,5713,1995,7711,0,90252,2507,26946
F123#F0,5567,2110,7682,0,90324,2509,26946
F122#F0,16082,2170,18256,0,90936,2526,26946
F121#F0,7514,2627,10147,0,91008,2528,26946
F120#F0,10808,1993,12806,0,92016,2556,26946
F119#F0,6325,2259,8588,0,92376,2566,26946
F118#F0,7651,2116,9772,0,92448,2568,26946
F117#F0,6301,2403,8708,0,95688,2658,26946
F116#F0,6586,2598,9188,0,95904,2664,26946
F115#F0,7343,2606,9953,0,96120,2670,26946
F114#F0,7584,2438,10026,0,96228,2673,26946
F113#F0,17589,2105,19700,0,96588,2683,26946
F112#F0,11913,2267,14185,0,96696,2686,26946
F111#F0,6645,2580,9229,0,96732,2687,26946
F110#F0,5899,2672,8575,0,96768,2688,26946
F109#F0,6878,2388,9271,0,97776,2716,26946
F108#F0,6971,2141,9115,0,98028,2723,26946
F107#F0,6805,2151,8961,0,98352,2732,26946
F106#F0,7453,2335,9795,0,98640,2740,26946
F105#F0,7397,2210,9610,0,99504,2764,26946
F104#F0,12291,2500,14795,0,99612,2767,26946
F103#F0,7267,4803,12077,0,99828,2773,26946
F102#F0,7333,2366,9703,0,101592,2822,26946
F101#F0,7921,2390,10316,0,102132,2837,26946
F100#F0,7223,2753,9980,0,102456,2846,26946
F99#F0,5909,2663,8576,0,102564,2849,26946
F98#F0,5715,2281,7999,0,102600,2850,26946
F97#F0,5998,2348,8350,0,103428,2873,26946
F96#F0,6685,2677,9366,0,104220,2895,26946
F95#F0,6431,2374,8810,0,104940,2915,26946
F94#F0,8501,2458,10965,0,105120,2920,26946
F93#F0,19620,2289,21914,0,105444,2929,26946
F92#F0,6237,2329,8570,0,105696,2936,26946
F91#F0,6022,2642,8669,0,105732,2937,26946
F90#F0,6466,2447,8917,0,106344,2954,26946
F89#F0,8518,3454,11977,0,107208,2978,26946
F88#F0,11255,3079,14338,0,108540,3015,26946
F87#F0,10613,3517,14135,0,109152,3032,26946
F86#F0,11370,3282,14657,0,112716,3131,26946
F85#F0,9393,2766,12164,0,113328,3148,26946
F84#F0,7241,2525,9772,0,114732,3187,26946
F83#F0,7197,2644,9845,0,115056,3196,26946
F81#F0,9269,2597,11871,0,116388,3233,26946
F80#F0,7081,2761,9847,0,117108,3253,26946
F79#F0,8390,2737,11132,0,117576,3266,26946
F78#F0,6847,2605,9457,0,117792,3272,26946
F77#F0,6437,2628,9070,0,118080,3280,26946
F76#F0,8596,2742,11342,0,118188,3283,26946
F75#F0,8062,2646,10714,0,118224,3284,26946
F74#F0,6755,2683,9443,0,120348,3343,26946
F73#F0,7016,2759,9779,0,120996,3361,26946
F72#F0,7134,2698,9837,0,121392,3372,26946
F71#F0,7250,2688,9942,0,121680,3380,26946
F70#F0,7608,2886,10500,0,122076,3391,26946
F69#F0,7525,2852,10381,0,122832,3412,26946
F68#F0,8055,2708,10773,0,122904,3414,26946
F67#F0,7508,2834,10347,0,128736,3576,26946
F66#F0,8100,3010,11115,0,129276,3591,26946
F65#F0,7943,2953,10904,0,132948,3693,26946
F64#F0,7951,3591,11548,0,133668,3713,26946
F63#F0,8113,3047,11165,0,134208,3728,26946
F62#F0,8230,3090,11326,0,134496,3736,26946
F61#F0,8894,3338,12241,0,135612,3767,26946
F60#F0,8850,3229,12086,0,136368,3788,26946
F59#F0,8789,3942,12738,0,136908,3803,26946
F58#F0,8195,3189,11388,0,137016,3806,26946
F57#F0,7954,3149,11109,0,137592,3822,26946
F56#F0,8173,3240,11419,0,137988,3833,26946
F55#F0,9395,3453,12853,0,150516,4181,26946
F54#F0,8446,3334,11786,0,150804,4189,26946
F53#F0,9289,3388,12684,0,152316,4231,26946
F52#F0,9580,3711,13300,0,156348,4343,26946
F51#F0,10734,3767,14508,0,158436,4401,26946
F50#F0,9959,3591,13555,0,159012,4417,26946
F49#F0,10060,3495,13562,0,159876,4441,26946
F48#F0,10382,3898,14292,0,165816,4606,26946
F47#F0,10323,4017,14348,0,170712,4742,26946
F46#F0,11189,3857,15055,0,170820,4745,26946
F45#F0,10467,3977,14451,0,178596,4961,26946
F44#F0,10619,4206,14831,0,179604,4989,26946
F43#F0,10808,4028,14843,0,179748,4993,26946
F42#F0,9553,4046,13607,0,180108,5003,26946
F41#F0,10369,4096,14471,0,181224,5034,26946
F40#F0,11439,4241,15690,0,184428,5123,26946
F39#F0,10801,4245,15053,0,188712,5242,26946
F38#F0,11454,4356,15822,0,192564,5349,26946
F37#F0,12903,4714,17628,0,202464,5624,26946
F36#F0,13426,4876,18309,0,202644,5629,26946
F35#F0,13488,4949,18442,0,219888,6108,26946
F34#F0,177408,5160,182576,0,230076,6391,26946
F33#F0,14767,5685,20462,0,250992,6972,26946
F32#F0,15944,5551,21505,0,256788,7133,26946
F31#F0,16498,5855,22364,0,269208,7478,26946
F30#F0,16514,6057,22584,0,278856,7746,26946
F29#F0,16837,6539,23394,0,286668,7963,26946
F28#F0,17207,6237,23455,0,288396,8011,26946
F27#F0,17305,6767,24084,0,292104,8114,26946
F26#F0,17520,6719,24251,0,294588,8183,26946
F25#F0,16855,6417,23284,0,295344,8204,26946
F24#F0,17528,7112,24646,0,307728,8548,26946
F23#F0,17146,6866,24019,0,308880,8580,26946
F22#F0,18283,6840,25136,0,313020,8695,26946
F21#F0,18025,6915,24954,0,317808,8828,26946
F20#F0,19445,7143,26609,0,321372,8927,26946
F19#F0,19084,7102,26202,0,322236,8951,26946
F18#F0,31582,13527,45147,0,350136,9726,26946
F17#F0,29744,16771,46553,0,366372,10177,26946
F16#F0,26804,11874,38772,0,401904,11164,26946
F15#F0,33461,14516,48039,0,450000,12500,26946
F14#F0,36134,14836,51064,0,471168,13088,26946
F13#F0,44312,15569,59959,0,512928,14248,26946
F12#F0,36093,18318,54481,0,514116,14281,26946
F11#F0,43206,16413,59694,0,530532,14737,26946
F10#F0,33583,17313,50932,0,540288,15008,26946
F9#F0,58771,17540,76342,0,567180,15755,26946
F8#F0,59285,13953,73269,0,603900,16775,26946
F7#F0,62283,14869,77181,0,625860,17385,26946
F6#F0,41287,16506,57828,0,649008,18028,26946
F5#F0,42264,16298,58599,0,673992,18722,26946
F4#F0,37720,19160,56913,0,693252,19257,26946
F3#F0,61778,18757,80579,0,787608,21878,26946
F2#F0,65947,24306,90293,0,812952,22582,26946
F1#F0,91283,24080,115410,0,908208,25228,26946
F0#F0,77430,29775,107247,0,970056,26946,26946
