keyword,clientTime,serverTime,totalTime,resultLength,w1,w2
F10031#F1438,25.0,1125056.0,1125081.0,1,1,16644
F1021#F1438,50.0,1135658.5,1135708.5,2,2,16644
F10467#F1438,57.0,1146261.0,1146318.0,3,3,16644
F11486#F1438,76.0,1158560.0,1158636.0,4,4,16644
F10068#F1438,80.0,1098236.0,1098316.0,4,5,16644
F10259#F1438,96.0,1057802.0,1057898.0,4,6,16644
F12293#F1438,112.0,1048107.0,1048219.0,7,7,16644
F10311#F1438,134.0,1051967.0,1052101.0,7,8,16644
F13312#F1438,153.0,1057127.0,1057280.0,7,9,16644
F10800#F1438,174.0,1118095.0,1118269.0,7,10,16644
F1308#F1438,198.0,1116476.0,1116674.0,7,11,16644
F10693#F1438,205.0,1107379.0,1107584.0,9,12,16644
F11138#F1438,214.0,1121435.0,1121649.0,7,13,16644
F10159#F1438,230.46153846153845,1207699.2307692308,1207929.6923076923,10,14,16644
F11380#F1438,246.9230769230769,1394506.0,1394752.923076923,10,15,16644
F1047#F1438,265.0,1107274.0,1107539.0,9,16,16644
F10072#F1438,280.0,1152893.0,1153173.0,10,17,16644
F10516#F1438,301.0,1105567.0,1105868.0,11,18,16644
F10454#F1438,310.0,1058019.0,1058329.0,14,19,16644
F14280#F1438,326.0,1036913.0,1037239.0,16,20,16644
F10544#F1438,342.3,1047361.0,1047703.3,10,21,16644
F10744#F1438,360.0,1043544.0,1043904.0,15,22,16644
F10374#F1438,366.0,1096999.0,1097365.0,11,23,16644
F1029#F1438,381.0,1084854.0,1085235.0,11,24,16644
F12029#F1438,417.0,1090965.0,1091382.0,14,25,16644
F10595#F1438,446.0,1273596.0,1274042.0,15,26,16644
F10700#F1438,463.1538461538462,1322580.4615384617,1323043.6153846155,11,27,16644
F10165#F1438,471.0,1107560.0,1108031.0,19,28,16644
F10922#F1438,441.0,1089614.0,1090055.0,19,29,16644
F10398#F1438,473.0,1104118.0,1104591.0,19,30,16644
F10802#F1438,471.0,1056523.0,1056994.0,13,31,16644
F10166#F1438,500.0,997271.0,997771.0,16,32,16644
F13268#F1438,509.0,1001166.0,1001675.0,17,33,16644
F10043#F1438,515.0,1002085.0,1002600.0,17,34,16644
F11321#F1438,540.0,1036623.0,1037163.0,13,35,16644
F10115#F1438,588.0,1090858.0,1091446.0,20,36,16644
F11053#F1438,580.0,1087415.0,1087995.0,16,37,16644
F11114#F1438,620.0,1133729.0,1134349.0,21,38,16644
F10237#F1438,636.3157894736843,1163563.9736842106,1164200.2894736843,13,39,16644
F10942#F1438,649.0,1168375.0,1169024.0,22,40,16644
F10450#F1438,662.0,1127149.0,1127811.0,19,41,16644
F11220#F1438,684.0,1131368.0,1132052.0,18,42,16644
F10055#F1438,681.0,1153580.0,1154261.0,22,43,16644
F10494#F1438,723.0,1098276.0,1098999.0,26,44,16644
F10158#F1438,717.0,1051157.0,1051874.0,18,45,16644
F10205#F1438,738.0,1047371.0,1048109.0,24,46,16644
F10813#F1438,778.0,1047137.0,1047915.0,26,47,16644
F10081#F1438,783.0,1048403.0,1049186.0,25,48,16644
F10014#F1438,792.0,1100535.0,1101327.0,18,49,16644
F10136#F1438,800.0,1083357.0,1084157.0,23,50,16644
F11604#F1438,859.0,1105024.1400000001,1105883.1400000001,22,51,16644
F10195#F1438,844.0,1130497.0,1131341.0,20,52,16644
F10355#F1438,834.0,1101344.0,1102178.0,22,53,16644
F11076#F1438,799.0,1117101.0,1117900.0,19,54,16644
F10378#F1438,879.0,1130585.0,1131464.0,22,55,16644
F10547#F1438,915.0,1144983.0,1145898.0,23,56,16644
F10463#F1438,903.0,1105478.0,1106381.0,27,57,16644
F10020#F1438,925.0,1050940.0,1051865.0,13,58,16644
F10541#F1438,942.0,1040188.0,1041130.0,18,59,16644
F10032#F1438,930.0,1043204.0,1044134.0,25,60,16644
F10178#F1438,951.0,1039670.0,1040621.0,21,61,16644
F10121#F1438,997.0,1102048.0,1103045.0,22,62,16644
F10305#F1438,1004.0,1119822.9677419355,1120826.9677419355,26,63,16644
F10033#F1438,1053.0,1124638.0,1125691.0,25,64,16644
F10143#F1438,1152.0,1081569.0,1082721.0,26,65,16644
F10141#F1438,1000.0,1088783.0,1089783.0,28,66,16644
F10961#F1438,1029.0,1121211.0,1122240.0,27,67,16644
F10873#F1438,1083.0,1130995.0,1132078.0,29,68,16644
F10317#F1438,1084.0,1152455.0,1153539.0,27,69,16644
F10170#F1438,1135.0,1105065.0,1106200.0,29,70,16644
F10636#F1438,1141.0,1051297.0,1052438.0,31,71,16644
F10037#F1438,1121.0,1047069.0,1048190.0,30,72,16644
F1003#F1438,1155.0,1047652.0,1048807.0,26,73,16644
F10691#F1438,1196.0,1048447.0,1049643.0,21,74,16644
F10338#F1438,1209.0,1062615.2027027027,1063824.2027027027,27,75,16644
F1005#F1438,1256.0,1097257.0,1098513.0,23,76,16644
F10152#F1438,1184.0,1059345.0,1060529.0,26,77,16644
F10313#F1438,1181.0,1115944.0,1117125.0,29,78,16644
F10217#F1438,1235.0,1069634.0,1070869.0,24,79,16644
F10437#F1438,1243.0,1122340.0,1123583.0,26,80,16644
F10286#F1438,1284.0,1124917.0,1126201.0,27,81,16644
F1095#F1438,1304.0,1151129.0,1152433.0,16,82,16644
F10380#F1438,1315.0,1086874.0,1088189.0,28,83,16644
F10377#F1438,1331.0,1053353.0,1054684.0,29,84,16644
F10139#F1438,1328.0,1053563.0,1054891.0,32,85,16644
F1153#F1438,1337.0,1045237.0,1046574.0,34,86,16644
F10561#F1438,1413.0,1057390.9186046512,1058803.9186046512,22,87,16644
F10334#F1438,1429.2413793103449,1245834.0,1247263.2413793104,29,88,16644
F10298#F1438,1426.0,1086791.0,1088217.0,26,89,16644
F10344#F1438,1392.0,1047584.0,1048976.0,26,90,16644
F10176#F1438,1409.0,1086977.0,1088386.0,27,91,16644
F10096#F1438,1414.0,1084443.0,1085857.0,31,92,16644
F11165#F1438,1425.0,1084744.0,1086169.0,22,93,16644
F11330#F1438,1432.0,1128298.0,1129730.0,36,94,16644
F10737#F1438,1551.0,1160981.0,1162532.0,31,95,16644
F10820#F1438,1506.0,1110048.0,1111554.0,25,96,16644
F10029#F1438,1563.0,1051742.0,1053305.0,32,97,16644
F10099#F1438,1577.0,1047803.0,1049380.0,34,98,16644
F11019#F1438,1578.0,1058494.8673469387,1060072.8673469387,20,99,16644
F10351#F1438,1593.939393939394,1269195.0,1270788.9393939395,25,100,16644
F10140#F1438,1666.0,1079762.0,1081428.0,38,101,16644
F10470#F1438,1623.0,1109188.0,1110811.0,29,102,16644
F10191#F1438,1617.0,1096318.0,1097935.0,19,103,16644
F11069#F1438,1644.0,1141464.0,1143108.0,38,104,16644
F1035#F1438,1603.0,1103486.0,1105089.0,18,105,16644
F10326#F1438,1680.0,1140184.0,1141864.0,29,106,16644
F10061#F1438,1672.0,1132488.0,1134160.0,35,107,16644
F10151#F1438,1698.0,1155188.0,1156886.0,37,108,16644
F10303#F1438,1674.0,1094417.0,1096091.0,31,109,16644
F10235#F1438,1715.0,1047222.0,1048937.0,34,110,16644
F10270#F1438,1738.0,1056742.2,1058480.2,38,111,16644
F10022#F1438,1753.6576576576574,1220010.0,1221763.6576576577,34,112,16644
F10319#F1438,1795.0,1057617.0,1059412.0,27,113,16644
F10369#F1438,1869.0,1107088.0,1108957.0,22,114,16644
F10066#F1438,1828.0,1110752.0,1112580.0,30,115,16644
F10161#F1438,1838.0,1100313.0,1102151.0,38,116,16644
F10198#F1438,1875.0,1120185.0,1122060.0,39,117,16644
F10268#F1438,1865.0,1117880.0,1119745.0,42,118,16644
F1028#F1438,1889.0,1144797.0,1146686.0,30,119,16644
F10228#F1438,1864.0,1146575.0,1148439.0,33,120,16644
F11913#F1438,1880.0,1140698.0,1142578.0,36,121,16644
F10088#F1438,1881.0,1077949.0,1079830.0,30,122,16644
F10366#F1438,1956.0,1086784.6475409835,1088740.6475409835,30,123,16644
F10989#F1438,1971.90243902439,1243754.0,1245725.9024390243,35,124,16644
F10069#F1438,2131.0,1007242.0,1009373.0,38,125,16644
F10316#F1438,1983.0,1067630.0,1069613.0,40,126,16644
F10080#F1438,2120.0,1111987.0,1114107.0,37,127,16644
F10086#F1438,2038.0,1106497.0,1108535.0,32,128,16644
F10697#F1438,2055.0,1094542.0,1096597.0,32,129,16644
F10707#F1438,2063.0,1132063.0,1134126.0,36,130,16644
F10277#F1438,2123.0,1128865.0,1130988.0,43,131,16644
F10079#F1438,2118.0,1148827.0,1150945.0,36,132,16644
F10098#F1438,2150.0,1145929.0,1148079.0,29,133,16644
F10045#F1438,2110.0,1141484.0,1143594.0,34,134,16644
F10183#F1438,2174.0,1150002.5373134327,1152176.5373134327,43,135,16644
F10290#F1438,2190.1037037037036,1273205.0,1275395.1037037037,40,136,16644
F10353#F1438,2165.0,1049249.0,1051414.0,38,137,16644
F10608#F1438,2178.0,1058424.0,1060602.0,34,138,16644
F1024#F1438,2194.0,1066148.0,1068342.0,40,139,16644
F10175#F1438,2219.0,1122196.0,1124415.0,41,140,16644
F10039#F1438,2269.0,1089660.0,1091929.0,42,141,16644
F10281#F1438,2285.0,1111347.0,1113632.0,30,142,16644
F10808#F1438,2271.0,1128226.0,1130497.0,38,143,16644
F10042#F1438,2343.0,1129518.0,1131861.0,50,144,16644
F10488#F1438,2290.0,1155481.0,1157771.0,39,145,16644
F10239#F1438,2338.0,1135979.0,1138317.0,38,146,16644
F10552#F1438,2306.0,1143759.6780821919,1146065.6780821919,34,147,16644
F10822#F1438,2321.687074829932,1266379.0,1268700.6870748298,34,148,16644
F10186#F1438,2320.0,1012654.0,1014974.0,44,149,16644
F10263#F1438,2262.0,1012145.0,1014407.0,32,150,16644
F10685#F1438,2363.0,1029738.0,1032101.0,37,151,16644
F10097#F1438,2412.0,1061304.0,1063716.0,34,152,16644
F10041#F1438,2451.0,1114939.0,1117390.0,40,153,16644
F10231#F1438,2438.0,1094562.0,1097000.0,33,154,16644
F10383#F1438,2445.0,1117104.0,1119549.0,32,155,16644
F10392#F1438,2407.0,1126033.0,1128440.0,41,156,16644
F10106#F1438,2455.0,1128313.0,1130768.0,38,157,16644
F10019#F1438,2444.0,1174673.0,1177117.0,35,158,16644
F10082#F1438,2486.0,1182107.6392405063,1184593.6392405063,30,159,16644
F10592#F1438,2501.635220125786,1376785.0,1379286.6352201258,43,160,16644
F10011#F1438,2416.0,1022876.0,1025292.0,44,161,16644
F10048#F1438,2494.0,1015927.0,1018421.0,42,162,16644
F1033#F1438,2453.0,1011697.0,1014150.0,39,163,16644
F10040#F1438,2496.0,1018053.0,1020549.0,42,164,16644
F10631#F1438,2474.0,1027081.0,1029555.0,40,165,16644
F10065#F1438,2479.0,1079742.0,1082221.0,38,166,16644
F10233#F1438,2522.0,1043889.0,1046411.0,42,167,16644
F10250#F1438,2555.0,1092703.0,1095258.0,38,168,16644
F10639#F1438,2661.0,1112433.0,1115094.0,42,169,16644
F10622#F1438,2519.0,1084334.0,1086853.0,43,170,16644
F1106#F1438,2556.0,1090712.4352941175,1093268.4352941175,40,171,16644
F10260#F1438,2570.9473684210525,1097090.870588235,1099661.8179566562,46,172,16644
F10157#F1438,2759.0,1106235.0,1108994.0,44,173,16644
F10984#F1438,2748.0,1057334.0,1060082.0,43,174,16644
F10110#F1438,2820.0,1056624.0,1059444.0,41,175,16644
F1049#F1438,2780.0,1048809.0,1051589.0,41,176,16644
F10062#F1438,2791.0,1053989.0,1056780.0,48,177,16644
F10090#F1438,2819.0,1113212.0,1116031.0,41,178,16644
F10197#F1438,2849.0,1104488.0,1107337.0,33,179,16644
F10180#F1438,2899.0,1101988.0,1104887.0,45,180,16644
F10194#F1438,2873.0,1132251.0,1135124.0,41,181,16644
F10116#F1438,2811.0,1124709.0,1127520.0,42,182,16644
F10423#F1438,2891.0,1130888.7197802197,1133779.7197802197,45,183,16644
F10584#F1438,2906.7978142076504,1207977.0,1210883.7978142076,38,184,16644
F10435#F1438,2987.0,1113241.0,1116228.0,42,185,16644
F10017#F1438,2924.0,1074310.0,1077234.0,44,186,16644
F10027#F1438,2977.0,1058786.0,1061763.0,43,187,16644
F10095#F1438,2988.0,1049349.0,1052337.0,42,188,16644
F10049#F1438,2977.0,1030517.0,1033494.0,47,189,16644
F10181#F1438,2895.0,1069329.0,1072224.0,44,190,16644
F10324#F1438,2980.0,1112283.0,1115263.0,44,191,16644
F10764#F1438,3071.0,1096921.0,1099992.0,48,192,16644
F11431#F1438,3025.0,1115925.0,1118950.0,52,193,16644
F10360#F1438,3108.0,1130902.0,1134010.0,46,194,16644
F10688#F1438,3155.0,1136731.3917525774,1139886.3917525774,43,195,16644
F10067#F1438,3069.0,1191030.0,1194099.0,39,196,16644
F10252#F1438,3045.0,1103614.0,1106659.0,53,197,16644
F10227#F1438,3070.0,1112533.0,1115603.0,51,198,16644
F1009#F1438,3094.0,1063736.0,1066830.0,46,199,16644
F10109#F1438,3156.0,1047204.0,1050360.0,41,200,16644
F10074#F1438,3132.0,1047138.0,1050270.0,45,201,16644
F10084#F1438,3145.0,1060913.0,1064058.0,43,202,16644
F10318#F1438,3160.0,1105471.0,1108631.0,38,203,16644
F10119#F1438,3272.0,1110052.0,1113324.0,45,204,16644
F10185#F1438,3202.0,1098260.0,1101462.0,42,205,16644
F11093#F1438,3243.0,1128903.0,1132146.0,38,206,16644
F10288#F1438,3322.0,1134383.1116504855,1137705.1116504855,44,207,16644
F10412#F1438,3256.0,1184778.0,1188034.0,37,208,16644
F10929#F1438,3310.0,1170905.0,1174215.0,48,209,16644
F10871#F1438,3248.0,1116898.0,1120146.0,41,210,16644
F10243#F1438,3339.0,1098814.0,1102153.0,41,211,16644
F10008#F1438,3388.0,1053817.0,1057205.0,46,212,16644
F1017#F1438,3359.0,1057768.0,1061127.0,42,213,16644
F10245#F1438,3409.0,1064998.0,1068407.0,39,214,16644
F10913#F1438,3408.0,1070865.0,1074273.0,35,215,16644
F10070#F1438,3470.0,1133772.0,1137242.0,39,216,16644
F10522#F1438,3454.0,1106059.0,1109513.0,44,217,16644
F10587#F1438,3465.0,1119629.0,1123094.0,43,218,16644
F11237#F1438,3532.0,1124764.9128440367,1128296.9128440367,33,219,16644
F11664#F1438,3548.1278538812785,1168104.0,1171652.1278538813,46,220,16644
F10001#F1438,3487.0,1142247.0,1145734.0,48,221,16644
F10125#F1438,3452.0,1141106.0,1144558.0,53,222,16644
F11102#F1438,3509.0,1125826.0,1129335.0,45,223,16644
F10425#F1438,3518.0,1079557.0,1083075.0,42,224,16644
F10718#F1438,3499.0,1053667.0,1057166.0,38,225,16644
F10689#F1438,3544.0,1046717.0,1050261.0,40,226,16644
F10167#F1438,3526.0,1056830.0,1060356.0,50,227,16644
F1015#F1438,3660.0,1075790.0,1079450.0,39,228,16644
F10215#F1438,3599.0,1127230.0,1130829.0,52,229,16644
F10518#F1438,3758.0,1100668.0,1104426.0,47,230,16644
F10050#F1438,3695.0,1105453.5130434781,1109148.5130434781,44,231,16644
F10665#F1438,3710.995670995671,1110239.0260869563,1113950.021757952,48,232,16644
F10477#F1438,3892.0,1149958.0,1153850.0,44,233,16644
F10173#F1438,3717.0,1144958.0,1148675.0,55,234,16644
F10007#F1438,3749.0,1147561.0,1151310.0,51,235,16644
F11813#F1438,3721.0,1113933.0,1117654.0,55,236,16644
F10229#F1438,4043.0,1028070.0,1032113.0,47,237,16644
F10209#F1438,3606.0,1037131.0,1040737.0,55,238,16644
F11048#F1438,3793.0,1026849.0,1030642.0,42,239,16644
F10446#F1438,3623.0,1014337.0,1017960.0,56,240,16644
F10026#F1438,3701.0,1027200.0,1030901.0,41,241,16644
F10322#F1438,3745.0,1081676.0,1085421.0,55,242,16644
F10232#F1438,3892.0,1086145.7355371902,1090037.7355371902,59,243,16644
F10000#F1438,3908.01646090535,1090615.4710743804,1094523.4875352858,53,244,16644
F10123#F1438,3927.0,1132569.0,1136496.0,60,245,16644
F10208#F1438,3960.0,1158186.0,1162146.0,56,246,16644
F10009#F1438,3837.0,1152254.0,1156091.0,56,247,16644
F11541#F1438,3829.0,1099236.0,1103065.0,45,248,16644
F11400#F1438,3778.0,1047332.0,1051110.0,46,249,16644
F10172#F1438,3799.0,1022954.0,1026753.0,53,250,16644
F10101#F1438,3716.0,1011378.0,1015094.0,47,251,16644
F11925#F1438,3748.0,1010127.0,1013875.0,51,252,16644
F10799#F1438,3732.0,1022949.0,1026681.0,49,253,16644
F1082#F1438,3795.0,1033143.0,1036938.0,51,254,16644
F1077#F1438,3830.0,1037210.4921259843,1041040.4921259843,50,255,16644
F10524#F1438,3845.0196078431372,1041277.9842519686,1045123.0038598117,50,256,16644
F11045#F1438,4003.0,1097022.0,1101025.0,49,257,16644
F1027#F1438,3930.0,1088273.0,1092203.0,52,258,16644
F10448#F1438,4011.0,1151174.0,1155185.0,57,259,16644
F10127#F1438,4242.0,1161271.0,1165513.0,46,260,16644
F10134#F1438,4102.0,1128258.0,1132360.0,42,261,16644
F1130#F1438,4128.0,1128536.0,1132664.0,53,262,16644
F10258#F1438,4159.0,1086540.0,1090699.0,40,263,16644
F11386#F1438,4147.0,1073293.0,1077440.0,45,264,16644
F10156#F1438,4151.0,1075846.0,1079997.0,57,265,16644
F1018#F1438,4166.0,1068078.0,1072244.0,40,266,16644
F10078#F1438,4250.0,1153463.0,1157713.0,50,267,16644
F11186#F1438,4265.917602996255,1157783.086142322,1162049.0037453184,50,268,16644
F10025#F1438,4347.0,1079751.0,1084098.0,45,269,16644
F10882#F1438,4042.0,1074725.0,1078767.0,45,270,16644
F10935#F1438,4090.0,1085179.0,1089269.0,63,271,16644
F10212#F1438,4084.0,1104502.0,1108586.0,60,272,16644
F10129#F1438,4198.0,1105391.0,1109589.0,53,273,16644
F10332#F1438,4108.0,1083107.0,1087215.0,56,274,16644
F10321#F1438,4160.0,1072614.0,1076774.0,45,275,16644
F10076#F1438,4236.0,1015092.0,1019328.0,47,276,16644
F11545#F1438,4203.0,1009596.0,1013799.0,52,277,16644
F11096#F1438,4183.0,1010143.0,1014326.0,55,278,16644
F10060#F1438,4261.0,1075817.0,1080078.0,53,279,16644
F10164#F1438,4276.272401433692,1079672.9749103943,1083949.247311828,49,280,16644
F10389#F1438,4366.0,1146855.0,1151221.0,54,281,16644
F10133#F1438,4376.0,1101203.0,1105579.0,52,282,16644
F10248#F1438,4436.0,1122149.0,1126585.0,54,283,16644
F11487#F1438,4504.0,1137810.0,1142314.0,49,284,16644
F1016#F1438,4764.0,1157834.0,1162598.0,55,285,16644
F10442#F1438,4567.0,1161418.0,1165985.0,55,286,16644
F11185#F1438,4543.0,1132264.0,1136807.0,55,287,16644
F10242#F1438,4518.0,1122142.0,1126660.0,46,288,16644
F11334#F1438,4578.0,1060505.0,1065083.0,51,289,16644
F10291#F1438,4541.0,1057295.0,1061836.0,56,290,16644
F11405#F1438,4612.0,1071428.0,1076040.0,48,291,16644
F1069#F1438,4627.848797250859,1075109.883161512,1079737.7319587627,60,292,16644
F11584#F1438,4519.0,1096480.0,1100999.0,47,293,16644
F10733#F1438,4834.0,1133300.0,1138134.0,53,294,16644
F10476#F1438,4626.0,1095868.0,1100494.0,47,295,16644
F10842#F1438,4631.0,1123626.0,1128257.0,49,296,16644
F11211#F1438,4787.0,1132578.0,1137365.0,53,297,16644
F10128#F1438,4642.0,1154667.0,1159309.0,52,298,16644
F10105#F1438,4717.0,1161650.0,1166367.0,51,299,16644
F10273#F1438,4431.0,1080808.0,1085239.0,49,300,16644
F10284#F1438,4516.0,1072906.0,1077422.0,57,301,16644
F10028#F1438,4760.0,1047091.0,1051851.0,58,302,16644
F10554#F1438,4749.0,1054282.0,1059031.0,55,303,16644
F10058#F1438,4843.0,1057761.4785478548,1062604.4785478548,55,304,16644
F10439#F1438,4888.0,1099052.0,1103940.0,57,305,16644
F11134#F1438,4811.0,1098063.0,1102874.0,53,306,16644
F11785#F1438,4872.0,1136002.0,1140874.0,51,307,16644
F10093#F1438,4878.0,1104616.0,1109494.0,50,308,16644
F1108#F1438,4883.0,1122770.0,1127653.0,49,309,16644
F10574#F1438,4856.0,1141506.0,1146362.0,56,310,16644
F10553#F1438,4885.0,1159828.0,1164713.0,61,311,16644
F10333#F1438,5015.0,1168329.0,1173344.0,60,312,16644
F1085#F1438,4889.0,1139059.0,1143948.0,53,313,16644
F10295#F1438,4944.0,1127635.0,1132579.0,59,314,16644
F10262#F1438,5009.0,1064342.0,1069351.0,52,315,16644
F10148#F1438,4950.0,1067720.8634920635,1072670.8634920635,48,316,16644
F10486#F1438,4963.0,1085461.0,1090424.0,55,317,16644
F1051#F1438,4816.0,1030027.0,1034843.0,58,318,16644
F10075#F1438,5025.0,1089076.0,1094101.0,51,319,16644
F10137#F1438,5106.0,1126347.0,1131453.0,61,320,16644
F11306#F1438,5026.0,1086340.0,1091366.0,61,321,16644
F10840#F1438,4986.0,1117967.0,1122953.0,49,322,16644
F10144#F1438,5021.0,1132356.0,1137377.0,47,323,16644
F10030#F1438,5135.0,1149406.0,1154541.0,54,324,16644
F10682#F1438,5035.0,1152879.0,1157914.0,52,325,16644
F10003#F1438,5078.0,1133252.0,1138330.0,48,326,16644
F10331#F1438,5082.0,1119801.0,1124883.0,57,327,16644
F10803#F1438,5154.0,1123225.4678899082,1128379.4678899082,46,328,16644
F1004#F1438,5169.713414634146,1101637.0,1106806.713414634,55,329,16644
F10569#F1438,5155.0,1050506.0,1055661.0,57,330,16644
F10051#F1438,5104.0,1063153.0,1068257.0,43,331,16644
F11141#F1438,5213.0,1093914.0,1099127.0,63,332,16644
F1310#F1438,5215.0,1117381.0,1122596.0,48,333,16644
F10363#F1438,5279.0,1091016.0,1096295.0,52,334,16644
F10677#F1438,5253.0,1125893.0,1131146.0,57,335,16644
F10753#F1438,5336.0,1157265.0,1162601.0,53,336,16644
F10196#F1438,5130.0,1111167.0,1116297.0,54,337,16644
F10251#F1438,5074.0,1109450.0,1114524.0,63,338,16644
F10473#F1438,5091.0,1096016.0,1101107.0,51,339,16644
F10327#F1438,5337.0,1099249.0855457226,1104586.0855457226,43,340,16644
F1081#F1438,5848.0,1100329.0,1106177.0,47,341,16644
F1007#F1438,6181.0,1047969.0,1054150.0,58,342,16644
F10969#F1438,5322.0,1055320.0,1060642.0,51,343,16644
F10107#F1438,5326.0,1069215.0,1074541.0,76,344,16644
F10359#F1438,5412.0,1098351.0,1103763.0,58,345,16644
F10002#F1438,5413.0,1106440.0,1111853.0,60,346,16644
F1008#F1438,5438.0,1088823.0,1094261.0,43,347,16644
F12082#F1438,5427.0,1128994.0,1134421.0,50,348,16644
F10059#F1438,5409.0,1147485.0,1152894.0,66,349,16644
F10269#F1438,5522.0,1143616.0,1149138.0,57,350,16644
F1105#F1438,5461.0,1167238.0,1172699.0,61,351,16644
F10184#F1438,5442.0,1170563.4643874646,1176005.4643874646,60,352,16644
F10701#F1438,5515.0,1120903.0,1126418.0,56,353,16644
F10883#F1438,5319.0,1049081.0,1054400.0,48,354,16644
F1057#F1438,5720.0,1057698.0,1063418.0,58,355,16644
F10071#F1438,5470.0,1055773.0,1061243.0,54,356,16644
F11041#F1438,5474.0,1069220.0,1074694.0,61,357,16644
F10203#F1438,5610.0,1136086.0,1141696.0,57,358,16644
F10352#F1438,5842.0,1104016.0,1109858.0,55,359,16644
F10168#F1438,5674.0,1103321.0,1108995.0,55,360,16644
F10461#F1438,5720.0,1155773.0,1161493.0,64,361,16644
F10145#F1438,5623.0,1128893.0,1134516.0,49,362,16644
F12033#F1438,5733.0,1159066.0,1164799.0,67,363,16644
F11179#F1438,6430.0,1162259.0192837464,1168689.0192837464,60,364,16644
F1#F1438,5914.0,1129383.0,1135297.0,62,365,16644
F11549#F1438,5736.0,1108622.0,1114358.0,57,366,16644
F10421#F1438,5733.0,1060684.0,1066417.0,56,367,16644
F10323#F1438,5757.0,1065268.0,1071025.0,59,368,16644
F10414#F1438,5754.0,1064166.0,1069920.0,54,369,16644
F12399#F1438,5776.0,1085578.0,1091354.0,55,370,16644
F10506#F1438,5851.0,1132217.0,1138068.0,57,371,16644
F10214#F1438,5870.0,1096014.0,1101884.0,70,372,16644
F11320#F1438,6030.0,1122446.0,1128476.0,62,373,16644
F10010#F1438,6038.0,1087441.0,1093479.0,64,374,16644
F10104#F1438,5912.0,1188587.0,1194499.0,60,375,16644
F10155#F1438,5927.765333333333,1191756.5653333333,1197684.3306666666,57,376,16644
F10092#F1438,5979.0,1142085.0,1148064.0,57,377,16644
F11651#F1438,5865.0,1108193.0,1114058.0,54,378,16644
F1092#F1438,5812.0,1080932.0,1086744.0,56,379,16644
F10694#F1438,5854.0,1059166.0,1065020.0,50,380,16644
F10315#F1438,5851.0,1052316.0,1058167.0,58,381,16644
F13306#F1438,5920.0,1074456.0,1080376.0,62,382,16644
F11189#F1438,5918.0,1107250.0,1113168.0,60,383,16644
F10870#F1438,6048.0,1108384.0,1114432.0,56,384,16644
F12921#F1438,5953.0,1094870.0,1100823.0,58,385,16644
F10368#F1438,6314.0,1125143.0,1131457.0,57,386,16644
F11040#F1438,6101.0,1128057.878238342,1134158.878238342,65,387,16644
F10329#F1438,6116.764857881138,1130972.756476684,1137089.5213345652,62,388,16644
F12863#F1438,5990.0,1150877.0,1156867.0,58,389,16644
F10495#F1438,6170.0,1109269.0,1115439.0,68,390,16644
F11627#F1438,6027.0,1114817.0,1120844.0,55,391,16644
F10408#F1438,6069.0,1063691.0,1069760.0,64,392,16644
F11449#F1438,6077.0,1050582.0,1056659.0,58,393,16644
F10206#F1438,6036.0,1070168.0,1076204.0,56,394,16644
F10047#F1438,6177.0,1086143.0,1092320.0,64,395,16644
F10021#F1438,6165.0,1151792.0,1157957.0,46,396,16644
F10815#F1438,6205.0,1090133.0,1096338.0,51,397,16644
F10760#F1438,6603.0,1107571.0,1114174.0,63,398,16644
F11133#F1438,6283.0,1110353.8417085428,1116636.8417085428,35,399,16644
F10557#F1438,6298.74686716792,1113136.6834170853,1119435.4302842533,48,400,16644
F10163#F1438,6188.0,1124409.0,1130597.0,59,401,16644
F10570#F1438,6073.0,1130168.0,1136241.0,58,402,16644
F10440#F1438,6282.0,1089072.0,1095354.0,68,403,16644
F10234#F1438,6273.0,1102128.0,1108401.0,71,404,16644
F10372#F1438,6145.0,1003320.0,1009465.0,69,405,16644
F10279#F1438,6036.0,1016853.0,1022889.0,56,406,16644
F11514#F1438,6156.0,1028864.0,1035020.0,62,407,16644
F10668#F1438,6137.0,1042299.0,1048436.0,59,408,16644
F10371#F1438,6183.0,1114234.0,1120417.0,64,409,16644
F1072#F1438,6569.0,1090530.0,1097099.0,60,410,16644
F10662#F1438,6903.0,1263047.0,1269950.0,62,411,16644
F10226#F1438,6919.795620437957,1266120.1070559612,1273039.902676399,62,412,16644
F10743#F1438,6469.0,1152329.0,1158798.0,63,413,16644
F10727#F1438,6481.0,1155761.0,1162242.0,63,414,16644
F10745#F1438,6471.0,1131519.0,1137990.0,59,415,16644
F11201#F1438,6426.0,1108831.0,1115257.0,58,416,16644
F11168#F1438,6471.0,1075660.0,1082131.0,59,417,16644
F10910#F1438,6516.0,1063436.0,1069952.0,35,418,16644
F1076#F1438,6593.0,1067498.0,1074091.0,58,419,16644
F11335#F1438,6508.0,1077334.0,1083842.0,57,420,16644
F10299#F1438,6483.0,1106232.0,1112715.0,55,421,16644
F10#F1438,6561.0,1117080.0,1123641.0,65,422,16644
F10404#F1438,6756.0,1201249.0,1208005.0,60,423,16644
F10526#F1438,6771.9716312056735,1204088.8321513,1210860.8037825057,67,424,16644
F10514#F1438,6778.0,1152505.0,1159283.0,60,425,16644
F11910#F1438,6582.0,1147606.0,1154188.0,64,426,16644
F10064#F1438,6622.0,1171931.0,1178553.0,56,427,16644
F10972#F1438,6596.0,1119292.0,1125888.0,66,428,16644
F10676#F1438,6615.0,1101659.0,1108274.0,68,429,16644
F10117#F1438,6620.0,1090969.0,1097589.0,58,430,16644
F12634#F1438,6581.0,1064968.0,1071549.0,61,431,16644
F12273#F1438,6629.0,1071915.0,1078544.0,62,432,16644
F10857#F1438,6718.0,1084354.0,1091072.0,65,433,16644
F101#F1438,6794.0,1110140.0,1116934.0,57,434,16644
F10276#F1438,6878.0,1221934.0,1228812.0,61,435,16644
F10287#F1438,6893.811494252873,1224743.0436781608,1231636.8551724136,61,436,16644
F10241#F1438,6983.0,1124489.0,1131472.0,59,437,16644
F10462#F1438,6530.0,1122300.0,1128830.0,62,438,16644
F1078#F1438,6802.0,1161797.0,1168599.0,62,439,16644
F11011#F1438,6915.0,1160063.0,1166978.0,62,440,16644
F10531#F1438,6946.0,1113536.0,1120482.0,57,441,16644
F13022#F1438,7212.0,1112371.0,1119583.0,64,442,16644
F10597#F1438,6963.0,1083374.0,1090337.0,68,443,16644
F10147#F1438,6880.0,1057008.0,1063888.0,47,444,16644
F10765#F1438,7122.0,1061435.0,1068557.0,66,445,16644
F11799#F1438,7231.0,1078391.0,1085622.0,69,446,16644
F10348#F1438,7002.0,1172643.0,1179645.0,63,447,16644
F12069#F1438,7017.664429530201,1175266.3624161074,1182284.0268456377,71,448,16644
F11904#F1438,7612.0,1093751.0,1101363.0,45,449,16644
F11445#F1438,6763.0,1089417.0,1096180.0,71,450,16644
F11057#F1438,6785.0,1099965.0,1106750.0,52,451,16644
F1006#F1438,6801.0,1131144.0,1137945.0,49,452,16644
F12019#F1438,7028.0,1144337.0,1151365.0,60,453,16644
F11318#F1438,6994.0,1119529.0,1126523.0,54,454,16644
F11696#F1438,7079.0,1102823.0,1109902.0,60,455,16644
F10610#F1438,7079.0,1081007.0,1088086.0,69,456,16644
F10536#F1438,7041.0,1051875.0,1058916.0,71,457,16644
F10036#F1438,7232.0,1059020.0,1066252.0,68,458,16644
F10015#F1438,7278.0,1104531.0,1111809.0,86,459,16644
F10063#F1438,7293.856209150326,1106937.3856209149,1114231.2418300651,51,460,16644
F10224#F1438,7409.0,1097389.0,1104798.0,54,461,16644
F11707#F1438,6972.0,1062817.0,1069789.0,61,462,16644
F10024#F1438,6879.0,1107998.0,1114877.0,58,463,16644
F10171#F1438,7080.0,1108669.0,1115749.0,71,464,16644
F11401#F1438,7255.0,1159163.0,1166418.0,60,465,16644
F10111#F1438,7189.0,1097944.0,1105133.0,84,466,16644
F1304#F1438,6997.0,1085159.0,1092156.0,54,467,16644
F10308#F1438,7556.0,1099003.0,1106559.0,67,468,16644
F10751#F1438,7401.0,1068924.0,1076325.0,62,469,16644
F13266#F1438,7404.0,1056172.0,1063576.0,62,470,16644
F10364#F1438,7384.0,1055987.0,1063371.0,58,471,16644
F12073#F1438,7483.0,1058229.0106157113,1065712.0106157113,73,472,16644
F10683#F1438,7512.0,1127017.0,1134529.0,59,473,16644
F10280#F1438,7131.0,1058201.0,1065332.0,65,474,16644
F10585#F1438,7049.0,1052250.0,1059299.0,59,475,16644
F12593#F1438,7085.0,1104618.0,1111703.0,60,476,16644
F10388#F1438,7052.0,1090585.0,1097637.0,64,477,16644
F12736#F1438,7099.0,1124925.0,1132024.0,67,478,16644
F10887#F1438,7370.0,1101888.0,1109258.0,50,479,16644
F10679#F1438,7408.0,1084751.0,1092159.0,60,480,16644
F10415#F1438,7313.0,1054715.0,1062028.0,61,481,16644
F12681#F1438,7454.0,1028255.0,1035709.0,61,482,16644
F12061#F1438,7415.0,1014063.0,1021478.0,52,483,16644
F10872#F1438,7447.0,1016162.5093167702,1023609.5093167702,57,484,16644
F12326#F1438,7634.0,1079052.0,1086686.0,65,485,16644
F1114#F1438,7369.0,1086583.0,1093952.0,75,486,16644
F10089#F1438,7385.0,1054678.0,1062063.0,67,487,16644
F13191#F1438,7591.0,1092411.0,1100002.0,65,488,16644
F12339#F1438,7574.0,1129886.0,1137460.0,58,489,16644
F12518#F1438,7495.0,1099027.0,1106522.0,65,490,16644
F10632#F1438,7963.0,1150170.0,1158133.0,65,491,16644
F10091#F1438,7723.0,1161015.0,1168738.0,79,492,16644
F106#F1438,7452.0,1071046.0,1078498.0,59,493,16644
F1210#F1438,7499.0,1051677.0,1059176.0,59,494,16644
F10951#F1438,7861.0,1081985.0,1089846.0,55,495,16644
F11088#F1438,8105.0,1084170.8282828282,1092275.8282828282,61,496,16644
F10643#F1438,8134.0,1110452.0,1118586.0,66,497,16644
F10044#F1438,7743.0,1037909.0,1045652.0,64,498,16644
F10382#F1438,7552.0,1085444.0,1092996.0,72,499,16644
F11036#F1438,7452.0,1062655.0,1070107.0,69,500,16644
F10238#F1438,7394.0,1059320.0,1066714.0,56,501,16644
F10519#F1438,7458.0,1099835.0,1107293.0,60,502,16644
F13525#F1438,7585.0,1088010.0,1095595.0,68,503,16644
F11706#F1438,7794.0,1136299.0,1144093.0,75,504,16644
F11119#F1438,7553.0,1093285.0,1100838.0,65,505,16644
F11553#F1438,7661.0,1084911.0,1092572.0,81,506,16644
F10361#F1438,7648.0,1060514.0,1068162.0,60,507,16644
F13916#F1438,7763.0,1062605.7435897435,1070368.7435897435,68,508,16644
F13738#F1438,8298.0,1068649.0,1076947.0,67,509,16644
F12037#F1438,7735.0,1033248.0,1040983.0,66,510,16644
F227#F1438,7835.0,1060134.0,1067969.0,66,511,16644
F10831#F1438,7734.0,1074546.0,1082280.0,61,512,16644
F10907#F1438,7687.0,1041764.0,1049451.0,65,513,16644
F12030#F1438,7720.0,1054543.0,1062263.0,61,514,16644
F10577#F1438,7703.0,1106994.0,1114697.0,63,515,16644
F10356#F1438,7826.0,1100360.0,1108186.0,56,516,16644
F10188#F1438,7874.0,1121299.0,1129173.0,51,517,16644
F10034#F1438,7953.0,1118118.0,1126071.0,66,518,16644
F13740#F1438,8087.0,1056765.0,1064852.0,66,519,16644
F10699#F1438,7929.0,1058801.1560693642,1066730.1560693642,55,520,16644
F1143#F1438,8372.0,1082692.0,1091064.0,67,521,16644
F10192#F1438,8227.0,1070723.0,1078950.0,62,522,16644
F149#F1438,8423.0,1075815.0,1084238.0,70,523,16644
F11519#F1438,8367.0,1091673.0,1100040.0,65,524,16644
F10604#F1438,8064.0,1073455.0,1081519.0,62,525,16644
F1062#F1438,7880.0,1089115.0,1096995.0,72,526,16644
F10549#F1438,8242.0,1101945.0,1110187.0,73,527,16644
F10455#F1438,8434.0,1127428.0,1135862.0,58,528,16644
F11286#F1438,8019.0,1122664.0,1130683.0,61,529,16644
F1093#F1438,8247.0,1100642.0,1108889.0,78,530,16644
F11336#F1438,8353.0,1234952.0,1243305.0,60,531,16644
F10510#F1438,8368.730696798493,1237277.7099811677,1245646.4406779662,69,532,16644
F11015#F1438,8513.0,1096072.0,1104585.0,75,533,16644
F10489#F1438,8122.0,1030275.0,1038397.0,71,534,16644
F12672#F1438,8391.0,1062449.0,1070840.0,62,535,16644
F14039#F1438,8429.0,1083573.0,1092002.0,75,536,16644
F10309#F1438,8482.0,1121387.0,1129869.0,68,537,16644
F1265#F1438,8361.0,1101589.0,1109950.0,76,538,16644
F10411#F1438,8372.0,1073138.0,1081510.0,67,539,16644
F17457#F1438,7977.0,1088216.0,1096193.0,77,540,16644
F11108#F1438,8115.0,1111924.0,1120039.0,76,541,16644
F12956#F1438,8352.0,1106715.0,1115067.0,68,542,16644
F13#F1438,8459.0,1108756.909594096,1117215.909594096,66,543,16644
F11887#F1438,8474.578268876612,1110798.819188192,1119273.3974570686,75,544,16644
F10786#F1438,8493.0,1109949.0,1118442.0,70,545,16644
F10346#F1438,9353.0,1035085.0,1044438.0,66,546,16644
F12908#F1438,8395.0,1026618.0,1035013.0,85,547,16644
F12527#F1438,8313.0,1024779.0,1033092.0,69,548,16644
F11497#F1438,8431.0,1044001.0,1052432.0,59,549,16644
F10521#F1438,8252.0,1103713.0,1111965.0,73,550,16644
F10556#F1438,8307.0,1056220.0,1064527.0,66,551,16644
F11856#F1438,8339.0,1053506.0,1061845.0,65,552,16644
F12225#F1438,8350.0,1110840.0,1119190.0,53,553,16644
F12713#F1438,8405.0,1114911.0,1123316.0,69,554,16644
F14#F1438,8461.0,1116923.4747292418,1125384.4747292418,71,555,16644
F12589#F1438,9260.0,1163818.0,1173078.0,67,556,16644
F10853#F1438,8556.0,1069078.0,1077634.0,78,557,16644
F11841#F1438,8610.0,1050768.0,1059378.0,66,558,16644
F11573#F1438,8835.0,1028204.0,1037039.0,73,559,16644
F15109#F1438,8562.0,1026314.0,1034876.0,68,560,16644
F10325#F1438,8512.0,1037144.0,1045656.0,67,561,16644
F10725#F1438,8578.0,1074230.0,1082808.0,62,562,16644
F10142#F1438,8336.0,1057158.0,1065494.0,73,563,16644
F1001#F1438,8613.0,1056402.0,1065015.0,73,564,16644
F10982#F1438,8478.0,1097702.0,1106180.0,69,565,16644
F11602#F1438,8489.0,1098460.0,1106949.0,59,566,16644
F10335#F1438,8663.0,1100400.74204947,1109063.74204947,78,567,16644
F1145#F1438,9333.0,1189460.0,1198793.0,84,568,16644
F13110#F1438,8640.0,1091763.0,1100403.0,61,569,16644
F10046#F1438,8517.0,1073028.0,1081545.0,63,570,16644
F12617#F1438,8616.0,1035808.0,1044424.0,71,571,16644
F10160#F1438,9146.0,1025968.0,1035114.0,73,572,16644
F1039#F1438,8870.0,1033810.0,1042680.0,76,573,16644
F10520#F1438,8636.0,1053145.0,1061781.0,65,574,16644
F11787#F1438,8552.0,1094317.0,1102869.0,76,575,16644
F10006#F1438,8518.0,1055913.0,1064431.0,60,576,16644
F11647#F1438,8787.0,1048646.0,1057433.0,55,577,16644
F14240#F1438,8745.0,1110911.0,1119656.0,67,578,16644
F10900#F1438,8923.0,1112832.9913494808,1121755.9913494808,73,579,16644
F1535#F1438,8887.0,1177409.0,1186296.0,80,580,16644
F10246#F1438,8855.0,1113395.0,1122250.0,71,581,16644
F10931#F1438,8667.0,1068013.0,1076680.0,68,582,16644
F12311#F1438,8767.0,1063495.0,1072262.0,76,583,16644
F13755#F1438,8763.0,1017267.0,1026030.0,75,584,16644
F12788#F1438,8809.0,1017656.0,1026465.0,70,585,16644
F12264#F1438,9155.0,1035032.0,1044187.0,72,586,16644
F11149#F1438,9450.0,1073405.0,1082855.0,67,587,16644
F11322#F1438,8862.0,1066984.0,1075846.0,71,588,16644
F163#F1438,8946.0,1055766.0,1064712.0,67,589,16644
F10394#F1438,8855.0,1076812.0,1085667.0,78,590,16644
F10681#F1438,8912.0,1078637.105084746,1087549.105084746,69,591,16644
F12338#F1438,9364.0,1145704.0,1155068.0,60,592,16644
F11049#F1438,9220.0,1169883.0,1179103.0,69,593,16644
F1019#F1438,9485.0,1139940.0,1149425.0,71,594,16644
F21737#F1438,9730.0,1110040.0,1119770.0,73,595,16644
F10977#F1438,9418.0,1098334.0,1107752.0,76,596,16644
F10154#F1438,9233.0,1071934.0,1081167.0,69,597,16644
F10431#F1438,9323.0,1078898.0,1088221.0,68,598,16644
F17002#F1438,9807.0,1035828.0,1045635.0,65,599,16644
F10758#F1438,9127.0,1082555.0,1091682.0,66,600,16644
F11251#F1438,9272.0,1057390.0,1066662.0,76,601,16644
F1013#F1438,9199.0,1055141.0,1064340.0,74,602,16644
F11257#F1438,9111.0,1056893.7259136213,1066004.7259136213,72,603,16644
F11153#F1438,9419.0,1156580.0,1165999.0,74,604,16644
F12624#F1438,9252.0,1109553.0,1118805.0,73,605,16644
F11177#F1438,9120.0,1122930.0,1132050.0,79,606,16644
F10740#F1438,9090.0,1089771.0,1098861.0,68,607,16644
F1098#F1438,9074.0,1056527.0,1065601.0,76,608,16644
F11737#F1438,9630.0,1089754.0,1099384.0,69,609,16644
F11158#F1438,9792.0,1073710.0,1083502.0,67,610,16644
F10005#F1438,9717.0,1080548.0,1090265.0,69,611,16644
F10100#F1438,9676.0,1102777.0,1112453.0,72,612,16644
F10904#F1438,9662.0,1121178.0,1130840.0,72,613,16644
F12422#F1438,9990.0,1090996.0,1100986.0,83,614,16644
F10564#F1438,9608.0,1092772.8664495114,1102380.8664495114,73,615,16644
F11790#F1438,9858.0,1156031.0,1165889.0,70,616,16644
F12631#F1438,9411.0,1122839.0,1132250.0,65,617,16644
F13161#F1438,9527.0,1133536.0,1143063.0,69,618,16644
F8417#F1438,9526.0,1163810.0,1173336.0,74,619,16644
F1330#F1438,9597.0,1111053.0,1120650.0,62,620,16644
F2589#F1438,9719.0,1111619.0,1121338.0,79,621,16644
F10393#F1438,9806.0,1072081.0,1081887.0,82,622,16644
F14484#F1438,9684.0,1070390.0,1080074.0,71,623,16644
F12413#F1438,9994.0,1073674.0,1083668.0,68,624,16644
F14481#F1438,9732.0,1094728.0,1104460.0,80,625,16644
F12461#F1438,9575.0,1078634.0,1088209.0,71,626,16644
F2559#F1438,9583.0,1080357.0575079871,1089940.0575079871,67,627,16644
F13551#F1438,9915.0,1123552.0,1133467.0,79,628,16644
F25159#F1438,9905.0,1155489.0,1165394.0,80,629,16644
F145#F1438,10034.0,1144910.0,1154944.0,73,630,16644
F14751#F1438,9759.0,1147383.0,1157142.0,64,631,16644
F10182#F1438,10143.0,1164088.0,1174231.0,71,632,16644
F1263#F1438,9822.0,1123908.0,1133730.0,75,633,16644
F10162#F1438,9828.0,1123338.0,1133166.0,79,634,16644
F10594#F1438,9939.0,1067534.0,1077473.0,74,635,16644
F13852#F1438,10133.0,1070632.0,1080765.0,65,636,16644
F10018#F1438,10678.0,1078099.0,1088777.0,83,637,16644
F12817#F1438,10082.0,1091074.0,1101156.0,65,638,16644
F11903#F1438,10126.0,1092784.1473354232,1102910.1473354232,74,639,16644
F17744#F1438,10141.846635367763,1139192.0,1149333.8466353677,64,640,16644
F10118#F1438,10415.0,1099345.0,1109760.0,70,641,16644
F2514#F1438,9990.0,1159974.0,1169964.0,71,642,16644
F2091#F1438,10076.0,1155356.0,1165432.0,80,643,16644
F107#F1438,9820.0,1125084.0,1134904.0,38,644,16644
F1726#F1438,10236.0,1162411.0,1172647.0,67,645,16644
F10254#F1438,9979.0,1129586.0,1139565.0,72,646,16644
F14508#F1438,10006.0,1112731.0,1122737.0,74,647,16644
F17448#F1438,10194.0,1076669.0,1086863.0,70,648,16644
F10400#F1438,10029.0,1019972.0,1030001.0,69,649,16644
F12007#F1438,10578.0,1030739.0,1041317.0,71,650,16644
F11704#F1438,9838.0,1032324.7523076923,1042162.7523076923,68,651,16644
F12297#F1438,9853.112135176652,1151200.0,1161053.1121351765,73,652,16644
F10491#F1438,10188.0,1066122.0,1076310.0,75,653,16644
F10406#F1438,10047.0,1068824.0,1078871.0,70,654,16644
F3204#F1438,10059.0,1141226.0,1151285.0,80,655,16644
F10085#F1438,10661.0,1113482.0,1124143.0,84,656,16644
F10706#F1438,10284.0,1167243.0,1177527.0,63,657,16644
F10986#F1438,11169.0,1133235.0,1144404.0,76,658,16644
F10149#F1438,10304.0,1103043.0,1113347.0,74,659,16644
F10708#F1438,10388.0,1106852.0,1117240.0,66,660,16644
F12781#F1438,10366.0,1070820.0,1081186.0,71,661,16644
F11120#F1438,10621.0,1065581.0,1076202.0,67,662,16644
F1175#F1438,11197.0,1067190.6389728098,1078387.6389728098,72,663,16644
F11682#F1438,11213.88838612368,1209874.0,1221087.8883861236,69,664,16644
F232#F1438,10659.0,1140089.0,1150748.0,63,665,16644
F14042#F1438,10497.0,1100605.0,1111102.0,70,666,16644
F100#F1438,10411.0,1128698.0,1139109.0,81,667,16644
F194#F1438,10708.0,1155069.0,1165777.0,63,668,16644
F10540#F1438,10753.0,1158284.0,1169037.0,77,669,16644
F13539#F1438,10422.0,1168893.0,1179315.0,79,670,16644
F11713#F1438,10731.0,1134714.0,1145445.0,81,671,16644
F10135#F1438,10692.0,1111757.0,1122449.0,75,672,16644
F1334#F1438,10724.0,1095400.0,1106124.0,70,673,16644
F11389#F1438,10613.0,1067868.0,1078481.0,73,674,16644
F14244#F1438,10857.0,1069452.3738872404,1080309.3738872404,80,675,16644
F12753#F1438,10873.084444444443,1232699.0,1243572.0844444444,51,676,16644
F11939#F1438,10525.0,1061303.0,1071828.0,73,677,16644
F12362#F1438,11206.0,1082360.0,1093566.0,79,678,16644
F15257#F1438,10473.0,1060826.0,1071299.0,68,679,16644
F10365#F1438,10563.0,1103554.0,1114117.0,79,680,16644
F14911#F1438,10199.0,1096900.0,1107099.0,66,681,16644
F2420#F1438,10386.0,1114245.0,1124631.0,74,682,16644
F10122#F1438,10449.0,1126866.0,1137315.0,75,683,16644
F15101#F1438,10398.0,1117959.0,1128357.0,85,684,16644
F10410#F1438,10695.0,1120471.0,1131166.0,87,685,16644
F3707#F1438,10880.0,1084441.0,1095321.0,75,686,16644
F1084#F1438,11092.0,1086021.8177842565,1097113.8177842565,79,687,16644
F10108#F1438,11108.145560407569,1209067.0,1220175.1455604075,72,688,16644
F10375#F1438,11637.0,1094945.0,1106582.0,87,689,16644
F12484#F1438,10925.0,1112325.0,1123250.0,78,690,16644
F13371#F1438,10953.0,1126401.0,1137354.0,73,691,16644
F10451#F1438,11133.0,1106178.0,1117311.0,77,692,16644
F1229#F1438,11048.0,1129705.0,1140753.0,86,693,16644
F13681#F1438,10976.0,1150605.0,1161581.0,70,694,16644
F15677#F1438,10971.0,1150507.0,1161478.0,84,695,16644
F10052#F1438,10877.0,1182833.0,1193710.0,68,696,16644
F10056#F1438,11218.0,1134062.0,1145280.0,73,697,16644
F10264#F1438,11106.0,1109022.0,1120128.0,84,698,16644
F11564#F1438,11315.0,1110610.8567335245,1121925.8567335245,78,699,16644
F10981#F1438,11331.187410586552,1139241.0,1150572.1874105865,77,700,16644
F12223#F1438,11246.0,1097178.0,1108424.0,80,701,16644
F4578#F1438,11542.0,1099420.0,1110962.0,82,702,16644
F12973#F1438,11117.0,1129028.0,1140145.0,67,703,16644
F13021#F1438,11284.0,1125725.0,1137009.0,75,704,16644
F6733#F1438,11191.0,1099887.0,1111078.0,72,705,16644
F16095#F1438,11033.0,1175983.0,1187016.0,80,706,16644
F10891#F1438,10882.0,1135558.0,1146440.0,66,707,16644
F11730#F1438,11135.0,1175166.0,1186301.0,80,708,16644
F1594#F1438,11305.0,1145860.0,1157165.0,80,709,16644
F2096#F1438,11748.0,1122580.0,1134328.0,66,710,16644
F1054#F1438,11173.0,1124161.0985915493,1135334.0985915493,76,711,16644
F1325#F1438,11244.0,1081326.0,1092570.0,72,712,16644
F1037#F1438,11420.0,1103958.0,1115378.0,68,713,16644
F10593#F1438,11433.0,1093871.0,1105304.0,75,714,16644
F12970#F1438,11846.0,1092231.0,1104077.0,66,715,16644
F1434#F1438,11516.0,1135151.0,1146667.0,71,716,16644
F3784#F1438,11203.0,1099740.0,1110943.0,85,717,16644
F16600#F1438,11325.0,1144639.0,1155964.0,85,718,16644
F11566#F1438,11315.0,1163559.0,1174874.0,80,719,16644
F12189#F1438,11157.0,1153825.0,1164982.0,80,720,16644
F36349#F1438,11868.0,1169388.0,1181256.0,53,721,16644
F2670#F1438,11483.0,1130148.0,1141631.0,84,722,16644
F11026#F1438,11254.0,1131713.3019390584,1142967.3019390584,65,723,16644
F12701#F1438,11481.0,1122640.0,1134121.0,76,724,16644
F12594#F1438,11352.0,1092013.0,1103365.0,72,725,16644
F10401#F1438,11337.0,1083555.0,1094892.0,71,726,16644
F2592#F1438,11728.0,1093977.0,1105705.0,78,727,16644
F1147#F1438,11233.0,1107865.0,1119098.0,73,728,16644
F10835#F1438,11187.0,1116508.0,1127695.0,69,729,16644
F11106#F1438,11609.0,1114437.0,1126046.0,78,730,16644
F10849#F1438,11327.0,1161777.0,1173104.0,75,731,16644
F1200#F1438,11241.0,1144211.0,1155452.0,64,732,16644
F1543#F1438,11033.0,1108983.0,1120016.0,76,733,16644
F12730#F1438,11028.0,1110495.937244202,1121523.937244202,74,734,16644
F3590#F1438,11043.024523160764,1112008.874488404,1123051.8990115647,80,735,16644
F13683#F1438,11567.0,1085207.0,1096774.0,89,736,16644
F2086#F1438,11194.0,1067851.0,1079045.0,52,737,16644
F15864#F1438,11492.0,1056988.0,1068480.0,71,738,16644
F1497#F1438,11896.0,1064310.0,1076206.0,77,739,16644
F13939#F1438,11191.0,1040091.0,1051282.0,80,740,16644
F1706#F1438,11267.0,1097557.0,1108824.0,73,741,16644
F13766#F1438,11394.0,1077952.0,1089346.0,78,742,16644
F10500#F1438,11273.0,1072144.0,1083417.0,75,743,16644
F2442#F1438,11450.0,1137731.0,1149181.0,78,744,16644
F17310#F1438,11453.0,1090449.0,1101902.0,69,745,16644
F141#F1438,11426.0,1091912.6899328858,1103338.6899328858,79,746,16644
F1152#F1438,11441.316353887398,1296883.0,1308324.3163538873,70,747,16644
F10956#F1438,11478.0,1093103.0,1104581.0,76,748,16644
F2352#F1438,11357.0,1051173.0,1062530.0,75,749,16644
F4089#F1438,11517.0,1039396.0,1050913.0,75,750,16644
F11378#F1438,11284.0,1052216.0,1063500.0,71,751,16644
F1748#F1438,11756.0,1040416.0,1052172.0,81,752,16644
F11409#F1438,11168.0,1067573.0,1078741.0,75,753,16644
F10114#F1438,11293.0,1069771.0,1081064.0,80,754,16644
F10310#F1438,11276.0,1047815.0,1059091.0,80,755,16644
F10560#F1438,11275.0,1101766.0,1113041.0,81,756,16644
F10083#F1438,11975.0,1136950.0,1148925.0,84,757,16644
F2198#F1438,11769.0,1138451.9154557462,1150220.9154557462,70,758,16644
F11304#F1438,12159.0,1161141.0,1173300.0,62,759,16644
F2843#F1438,11569.0,1089710.0,1101279.0,76,760,16644
F1179#F1438,11596.0,1068040.0,1079636.0,84,761,16644
F12727#F1438,11763.0,1027579.0,1039342.0,66,762,16644
F1861#F1438,12148.0,1049181.0,1061329.0,75,763,16644
F11272#F1438,11441.0,1047031.0,1058472.0,78,764,16644
F11423#F1438,12378.0,1058297.0,1070675.0,72,765,16644
F1583#F1438,11424.0,1083557.0,1094981.0,82,766,16644
F10219#F1438,11439.0,1057573.0,1069012.0,86,767,16644
F2222#F1438,11526.0,1097726.0,1109252.0,68,768,16644
F11253#F1438,11505.0,1105309.0,1116814.0,68,769,16644
F20623#F1438,11535.0,1106746.3328998701,1118281.3328998701,89,770,16644
F12537#F1438,11669.0,1151672.0,1163341.0,84,771,16644
F11989#F1438,12854.0,1151466.0,1164320.0,79,772,16644
F15689#F1438,13279.0,1148048.0,1161327.0,68,773,16644
F4642#F1438,12196.0,1102162.0,1114358.0,90,774,16644
F11488#F1438,12497.0,1079627.0,1092124.0,77,775,16644
F18169#F1438,12306.0,1091876.0,1104182.0,81,776,16644
F10881#F1438,12662.0,1096700.0,1109362.0,76,777,16644
F10130#F1438,12041.0,1115205.0,1127246.0,74,778,16644
F2004#F1438,12191.0,1121149.0,1133340.0,65,779,16644
F2136#F1438,12210.0,1110962.0,1123172.0,84,780,16644
F1826#F1438,12240.0,1155517.0,1167757.0,77,781,16644
F10452#F1438,12307.0,1156996.5352112674,1169303.5352112674,85,782,16644
F1814#F1438,12131.0,1111138.0,1123269.0,80,783,16644
F4445#F1438,11928.0,1124269.0,1136197.0,62,784,16644
F11631#F1438,11685.0,1111064.0,1122749.0,85,785,16644
F13296#F1438,11961.0,1076353.0,1088314.0,71,786,16644
F3745#F1438,11860.0,1050875.0,1062735.0,82,787,16644
F4373#F1438,11746.0,1043058.0,1054804.0,78,788,16644
F13906#F1438,12360.0,1039688.0,1052048.0,93,789,16644
F2509#F1438,12505.0,1046570.0,1059075.0,80,790,16644
F1236#F1438,12116.0,1066361.0,1078477.0,86,791,16644
F2778#F1438,12280.0,1073424.0,1085704.0,83,792,16644
F12960#F1438,11932.0,1128661.0,1140593.0,76,793,16644
F17275#F1438,11947.046658259773,1130084.2799495587,1142031.3266078185,84,794,16644
F11450#F1438,12768.0,1131746.0,1144514.0,74,795,16644
F11161#F1438,12193.0,1112608.0,1124801.0,71,796,16644
F1686#F1438,12586.0,1114494.0,1127080.0,76,797,16644
F454#F1438,12268.0,1098914.0,1111182.0,70,798,16644
F16986#F1438,12744.0,1092871.0,1105615.0,71,799,16644
F3822#F1438,12912.0,1093491.0,1106403.0,80,800,16644
F1663#F1438,13471.0,1086877.0,1100348.0,72,801,16644
F1189#F1438,12784.0,1102418.0,1115202.0,69,802,16644
F557#F1438,12712.0,1089572.0,1102284.0,57,803,16644
F197#F1438,12949.0,1141903.0,1154852.0,91,804,16644
F1140#F1438,12737.0,1117688.0,1130425.0,73,805,16644
F2251#F1438,12469.0,1119076.4322981366,1131545.4322981366,80,806,16644
F3520#F1438,13062.0,1168846.0,1181908.0,75,807,16644
F1073#F1438,12773.0,1101043.0,1113816.0,83,808,16644
F4268#F1438,12346.0,1107933.0,1120279.0,88,809,16644
F2322#F1438,12595.0,1110948.0,1123543.0,80,810,16644
F2826#F1438,12352.0,1085933.0,1098285.0,64,811,16644
F29476#F1438,12319.0,1060463.0,1072782.0,64,812,16644
F2400#F1438,12281.0,1043075.0,1055356.0,66,813,16644
F1090#F1438,12152.0,1044105.0,1056257.0,82,814,16644
F1020#F1438,12252.0,1054267.0,1066519.0,76,815,16644
F12562#F1438,12195.0,1041797.0,1053992.0,68,816,16644
F1195#F1438,12554.0,1095247.0,1107801.0,75,817,16644
F4702#F1438,12498.0,1096587.5716034272,1109085.5716034272,68,818,16644
F15971#F1438,12944.0,1123503.0,1136447.0,77,819,16644
F1060#F1438,12910.0,1158444.0,1171354.0,67,820,16644
F11929#F1438,13044.0,1142834.0,1155878.0,74,821,16644
F12542#F1438,12605.0,1160678.0,1173283.0,77,822,16644
F255#F1438,12902.0,1160174.0,1173076.0,67,823,16644
F2870#F1438,12701.0,1102603.0,1115304.0,85,824,16644
F15856#F1438,12671.0,1070117.0,1082788.0,79,825,16644
F222#F1438,13291.0,1049078.0,1062369.0,75,826,16644
F2202#F1438,12696.0,1041308.0,1054004.0,75,827,16644
F11946#F1438,12667.0,1055032.0,1067699.0,65,828,16644
F15343#F1438,12591.0,1041281.0,1053872.0,78,829,16644
F11577#F1438,12567.0,1042537.0687575393,1055104.0687575391,70,830,16644
F2300#F1438,13569.0,1157599.0,1171168.0,80,831,16644
F10038#F1438,13183.0,1119200.0,1132383.0,75,832,16644
F11712#F1438,12627.0,1113717.0,1126344.0,78,833,16644
F10539#F1438,12617.0,1098776.0,1111393.0,75,834,16644
F331#F1438,13424.0,1148586.0,1162010.0,75,835,16644
F13854#F1438,13178.0,1155542.0,1168720.0,82,836,16644
F11699#F1438,13354.0,1143977.0,1157331.0,80,837,16644
F10617#F1438,13470.0,1109282.0,1122752.0,73,838,16644
F12906#F1438,13639.0,1088650.0,1102289.0,86,839,16644
F5444#F1438,12954.0,1085252.0,1098206.0,76,840,16644
F4431#F1438,12982.0,1098439.0,1111421.0,80,841,16644
F11734#F1438,13197.0,1099745.1105826397,1112942.1105826397,77,842,16644
F6715#F1438,13212.673396674583,1189449.0,1202661.6733966747,85,843,16644
F2035#F1438,13195.0,1081506.0,1094701.0,79,844,16644
F21178#F1438,13254.0,1099328.0,1112582.0,85,845,16644
F13318#F1438,13666.0,1191833.0,1205499.0,65,846,16644
F125#F1438,12900.0,1066841.0,1079741.0,82,847,16644
F3500#F1438,12894.0,1094406.0,1107300.0,85,848,16644
F1612#F1438,12761.0,1127741.0,1140502.0,78,849,16644
F11175#F1438,12797.0,1097905.0,1110702.0,70,850,16644
F153#F1438,12899.0,1079387.0,1092286.0,76,851,16644
F198#F1438,13609.0,1028778.0,1042387.0,81,852,16644
F11702#F1438,13133.0,1049565.0,1062698.0,84,853,16644
F1150#F1438,14027.0,1052025.8792497069,1066052.8792497069,72,855,16644
F1040#F1438,13812.0,1144096.0,1157908.0,68,856,16644
F11429#F1438,13349.0,1092624.0,1105973.0,83,857,16644
F2860#F1438,13312.0,1061807.0,1075119.0,66,858,16644
F93#F1438,13266.0,1089711.0,1102977.0,89,859,16644
F11162#F1438,13271.0,1117611.0,1130882.0,89,860,16644
F2092#F1438,13002.0,1076095.0,1089097.0,86,861,16644
F3586#F1438,13021.0,1105497.0,1118518.0,73,862,16644
F2233#F1438,12959.0,1106359.0,1119318.0,81,863,16644
F1709#F1438,13215.0,1098005.0,1111220.0,82,864,16644
F7536#F1438,13168.0,1065881.0,1079049.0,77,865,16644
F10103#F1438,14146.0,1090619.0,1104765.0,85,866,16644
F13310#F1438,13782.0,1091878.3752886835,1105660.3752886835,71,867,16644
F1444#F1438,13797.896193771625,1139400.0,1153197.8961937716,94,868,16644
F1890#F1438,13831.0,1099682.0,1113513.0,85,869,16644
F2999#F1438,13979.0,1137209.0,1151188.0,73,871,16644
F7631#F1438,13844.0,1104905.0,1118749.0,77,873,16644
F2528#F1438,13799.0,1155434.0,1169233.0,91,874,16644
F1480#F1438,13690.0,1155760.0,1169450.0,86,875,16644
F10386#F1438,13551.0,1140164.0,1153715.0,90,876,16644
F14939#F1438,13839.0,1166347.0,1180186.0,73,877,16644
F3399#F1438,14005.0,1150864.0,1164869.0,76,878,16644
F13924#F1438,15171.0,1103347.0,1118518.0,76,879,16644
F14232#F1438,14203.0,1105233.0,1119436.0,82,880,16644
F10806#F1438,14032.0,1106488.9465909093,1120520.9465909093,78,881,16644
F4879#F1438,14124.0,1115136.0,1129260.0,70,882,16644
F11950#F1438,13950.0,1065953.0,1079903.0,86,883,16644
F10909#F1438,13487.0,1046856.0,1060343.0,62,884,16644
F2416#F1438,13610.0,1076214.0,1089824.0,80,885,16644
F17029#F1438,13330.0,1058465.0,1071795.0,82,886,16644
F14678#F1438,13627.0,1134817.0,1148444.0,87,887,16644
F12100#F1438,13544.0,1091534.0,1105078.0,77,888,16644
F14593#F1438,13418.0,1106123.0,1119541.0,85,889,16644
F4104#F1438,13477.0,1119854.0,1133331.0,74,890,16644
F192#F1438,13708.0,1123391.0,1137099.0,64,891,16644
F12187#F1438,14457.0,1161690.0,1176147.0,88,892,16644
F3574#F1438,14473.20739910314,1162992.3430493274,1177465.5504484305,83,893,16644
F12740#F1438,14055.0,1084675.0,1098730.0,78,894,16644
F18504#F1438,13544.0,1082237.0,1095781.0,82,895,16644
F1237#F1438,13908.0,1095408.0,1109316.0,94,896,16644
F171#F1438,13879.0,1109996.0,1123875.0,69,897,16644
F2546#F1438,14053.0,1104307.0,1118360.0,82,898,16644
F1164#F1438,14255.0,1115531.0,1129786.0,89,899,16644
F2140#F1438,14026.0,1193948.0,1207974.0,73,900,16644
F244#F1438,14456.0,1119536.0,1133992.0,74,901,16644
F2657#F1438,14260.0,1155871.0,1170131.0,76,902,16644
F6297#F1438,14185.0,1166136.0,1180321.0,89,903,16644
F15098#F1438,14887.0,1336729.0,1351616.0,76,904,16644
F1066#F1438,14903.467920353984,1485417.0,1500320.4679203539,85,905,16644
F1415#F1438,14590.0,1057516.0,1072106.0,67,906,16644
F675#F1438,13792.0,1051951.0,1065743.0,75,907,16644
F6415#F1438,14051.0,1110005.0,1124056.0,85,908,16644
F5545#F1438,14563.0,1095824.0,1110387.0,94,909,16644
F14215#F1438,14429.0,1115077.0,1129506.0,77,910,16644
F6083#F1438,14188.0,1108146.0,1122334.0,80,911,16644
F4802#F1438,14740.0,1128123.0,1142863.0,88,912,16644
F3288#F1438,14319.0,1173072.0,1187391.0,74,913,16644
F3579#F1438,13935.0,1078121.0,1092056.0,79,915,16644
F1562#F1438,13875.0,1106332.0,1120207.0,86,916,16644
F3763#F1438,14082.0,1107539.7860262007,1121621.7860262007,82,917,16644
F12700#F1438,14097.356597600872,1108747.5720524015,1122844.9286500025,96,918,16644
F12179#F1438,14805.0,1094302.0,1109107.0,70,919,16644
F5392#F1438,14477.0,1091192.0,1105669.0,71,920,16644
F1231#F1438,14684.0,1098323.0,1113007.0,93,921,16644
F2747#F1438,14632.0,1118195.0,1132827.0,83,922,16644
F1443#F1438,14518.0,1088044.0,1102562.0,70,923,16644
F11982#F1438,14432.0,1140574.0,1155006.0,88,924,16644
F12166#F1438,15741.0,1119255.0,1134996.0,80,925,16644
F14907#F1438,14276.0,1161998.0,1176274.0,71,926,16644
F118#F1438,14184.0,1087326.0,1101510.0,83,927,16644
F10838#F1438,14823.0,1110667.0,1125490.0,78,929,16644
F1416#F1438,14321.0,1111862.5511302475,1126183.5511302475,80,930,16644
F1324#F1438,14336.398924731182,1308829.0,1323165.3989247312,97,931,16644
F1303#F1438,14466.0,1084052.0,1098518.0,86,932,16644
F3222#F1438,15209.0,1045955.0,1061164.0,86,933,16644
F14267#F1438,13991.0,1052731.0,1066722.0,73,934,16644
F2398#F1438,14188.0,1068484.0,1082672.0,93,935,16644
F13721#F1438,14988.0,1099322.0,1114310.0,88,936,16644
F352#F1438,14817.0,1129724.0,1144541.0,83,937,16644
F10138#F1438,14771.0,1089325.0,1104096.0,97,938,16644
F1367#F1438,15294.0,1124786.0,1140080.0,79,939,16644
F1560#F1438,14702.0,1186918.0,1201620.0,87,940,16644
F12600#F1438,14864.0,1110047.0,1124911.0,73,941,16644
F19934#F1438,15340.0,1111226.6461211476,1126566.6461211476,67,942,16644
F16013#F1438,15372.569002123142,1297247.0,1312619.569002123,86,944,16644
F1297#F1438,15025.0,1148430.0,1163455.0,95,945,16644
F10004#F1438,14762.0,1092577.0,1107339.0,81,946,16644
F1527#F1438,16770.0,1081711.0,1098481.0,80,947,16644
F1799#F1438,14485.0,1086795.0,1101280.0,91,948,16644
F1419#F1438,14552.0,1094218.0,1108770.0,98,949,16644
F13444#F1438,14594.0,1099327.0,1113921.0,89,951,16644
F2103#F1438,14929.0,1121109.0,1136038.0,79,952,16644
F10407#F1438,14877.0,1107797.0,1122674.0,84,953,16644
F11495#F1438,15551.0,1157361.0,1172912.0,94,954,16644
F1397#F1438,14921.0,1160170.0,1175091.0,80,955,16644
F9126#F1438,15271.0,1161384.8376963353,1176655.8376963353,86,956,16644
F4750#F1438,15286.973849372385,1259138.0,1274424.9738493725,84,957,16644
F313#F1438,14884.0,1112936.0,1127820.0,86,958,16644
F2203#F1438,14927.0,1098840.0,1113767.0,73,959,16644
F10971#F1438,14632.0,1041180.0,1055812.0,81,960,16644
F1041#F1438,15446.0,1042876.0,1058322.0,84,961,16644
F2001#F1438,14699.0,1055098.0,1069797.0,82,962,16644
F19877#F1438,15517.0,1066780.0,1082297.0,85,963,16644
F2977#F1438,14468.0,1067024.0,1081492.0,70,964,16644
F5553#F1438,14735.0,1077130.0,1091865.0,101,965,16644
F10456#F1438,14545.0,1071317.0,1085862.0,72,966,16644
F12637#F1438,14828.0,1137988.0,1152816.0,84,967,16644
F16376#F1438,15451.0,1139164.823164426,1154615.823164426,83,968,16644
F11738#F1438,16020.0,1192546.0,1208566.0,82,969,16644
F12321#F1438,15493.0,1136170.0,1151663.0,78,970,16644
F7068#F1438,15199.0,1114152.0,1129351.0,69,971,16644
F2527#F1438,14964.0,1094056.0,1109020.0,70,972,16644
F2274#F1438,14555.0,1054270.0,1068825.0,86,973,16644
F2616#F1438,15730.0,1086247.0,1101977.0,90,974,16644
F2642#F1438,15348.0,1085064.0,1100412.0,87,976,16644
F2893#F1438,15642.0,1101126.0,1116768.0,80,977,16644
F6014#F1438,15637.0,1125869.0,1141506.0,88,978,16644
F14494#F1438,15478.0,1105782.0,1121260.0,73,979,16644
F14651#F1438,15293.0,1134299.0,1149592.0,78,980,16644
F6964#F1438,15388.0,1135456.4479591835,1150844.4479591835,79,981,16644
F7472#F1438,15798.0,1177944.0,1193742.0,70,982,16644
F10054#F1438,15908.0,1147661.0,1163569.0,82,983,16644
F1509#F1438,15642.0,1169288.0,1184930.0,78,984,16644
F553#F1438,15544.0,1091843.0,1107387.0,94,985,16644
F10714#F1438,15359.0,1043702.0,1059061.0,76,986,16644
F13385#F1438,14959.0,1047910.0,1062869.0,78,988,16644
F1169#F1438,15172.0,1045121.0,1060293.0,85,989,16644
F4415#F1438,14980.0,1063762.0,1078742.0,89,990,16644
F1530#F1438,15297.0,1065987.0,1081284.0,83,991,16644
F2913#F1438,15143.0,1084916.0,1100059.0,88,992,16644
F11180#F1438,15174.0,1059044.0,1074218.0,87,993,16644
F4308#F1438,15162.0,1060110.5095669688,1075272.5095669688,80,994,16644
F10057#F1438,16169.0,1155685.0,1171854.0,90,995,16644
F1031#F1438,15360.0,1110936.0,1126296.0,94,996,16644
F1388#F1438,15209.0,1090513.0,1105722.0,81,997,16644
F1787#F1438,15322.0,1122642.0,1137964.0,54,998,16644
F6861#F1438,15397.0,1088545.0,1103942.0,79,999,16644
F1561#F1438,15331.0,1031786.0,1047117.0,75,1001,16644
F11062#F1438,15433.0,1046275.0,1061708.0,68,1002,16644
F1146#F1438,15105.0,1060152.0,1075257.0,89,1003,16644
F3298#F1438,15041.0,1060028.0,1075069.0,78,1004,16644
F18432#F1438,15160.0,1067155.0,1082315.0,77,1005,16644
F3742#F1438,15140.0,1072065.0,1087205.0,83,1006,16644
F4761#F1438,15155.049701789263,1073130.670974155,1088285.7206759441,86,1007,16644
F2718#F1438,16075.0,1194649.0,1210724.0,94,1009,16644
F10868#F1438,15867.0,1175341.0,1191208.0,85,1010,16644
F1602#F1438,16004.0,1162252.0,1178256.0,79,1011,16644
F7790#F1438,16361.0,1106986.0,1123347.0,79,1013,16644
F10812#F1438,16148.0,1152038.0,1168186.0,78,1014,16644
F10278#F1438,15722.0,1116628.0,1132350.0,91,1016,16644
F10967#F1438,15917.0,1091048.0,1106965.0,91,1017,16644
F1097#F1438,15870.0,1111370.0,1127240.0,93,1018,16644
F2070#F1438,16036.0,1065910.0,1081946.0,82,1019,16644
F13619#F1438,16055.0,1052952.0,1069007.0,84,1020,16644
F359#F1438,15477.0,1053984.3058823529,1069461.3058823529,83,1021,16644
F8710#F1438,15492.158667972577,1055016.6117647057,1070508.7704326783,78,1022,16644
F3835#F1438,16001.0,1085984.0,1101985.0,97,1023,16644
F11551#F1438,15594.0,1177299.0,1192893.0,81,1025,16644
F1681#F1438,16294.0,1141371.0,1157665.0,73,1026,16644
F10603#F1438,16138.0,1144327.0,1160465.0,78,1027,16644
F1086#F1438,16723.0,1161754.0,1178477.0,67,1028,16644
F1693#F1438,15858.0,1150786.0,1166644.0,93,1030,16644
F4497#F1438,16518.0,1086128.0,1102646.0,79,1031,16644
F10641#F1438,16212.0,1094875.0,1111087.0,80,1032,16644
F2327#F1438,16350.0,1100565.0,1116915.0,90,1033,16644
F689#F1438,16672.0,1058763.0,1075435.0,79,1034,16644
F6145#F1438,15660.0,1264907.0,1280567.0,56,1036,16644
F6908#F1438,15675.115830115828,1266127.9527027027,1281803.0685328185,81,1037,16644
F16316#F1438,16615.0,1095944.0,1112559.0,87,1038,16644
F4031#F1438,16612.0,1131743.0,1148355.0,93,1039,16644
F3488#F1438,16659.0,1184981.0,1201640.0,83,1040,16644
F4168#F1438,17099.0,1111497.0,1128596.0,90,1041,16644
F12247#F1438,16188.0,1093495.0,1109683.0,77,1042,16644
F1828#F1438,17076.0,1157686.0,1174762.0,82,1044,16644
F10976#F1438,16560.0,1146370.0,1162930.0,89,1045,16644
F8247#F1438,16382.0,1083216.0,1099598.0,75,1046,16644
F1985#F1438,16340.0,1091101.0,1107441.0,79,1048,16644
F179#F1438,16402.0,1095708.0,1112110.0,82,1049,16644
F1523#F1438,16632.0,1096752.5262154432,1113384.5262154432,87,1050,16644
F4040#F1438,16647.84,1097797.0524308865,1114444.8924308866,75,1051,16644
F2429#F1438,16384.0,1117639.0,1134023.0,88,1052,16644
F5029#F1438,16164.0,1085795.0,1101959.0,89,1053,16644
F6177#F1438,16253.0,1151520.0,1167773.0,70,1054,16644
F7885#F1438,16299.0,1173427.0,1189726.0,79,1055,16644
F5517#F1438,16587.0,1141223.0,1157810.0,83,1057,16644
F4204#F1438,16522.0,1141288.0,1157810.0,92,1058,16644
F18393#F1438,16183.0,1115734.0,1131917.0,79,1059,16644
F2413#F1438,16164.0,1094609.0,1110773.0,82,1060,16644
F10207#F1438,16216.0,1038154.0,1054370.0,74,1061,16644
F1348#F1438,16287.0,1046028.0,1062315.0,79,1062,16644
F12378#F1438,16451.0,1047012.9604519773,1063463.9604519773,81,1063,16644
F10925#F1438,16481.95202257761,1048982.881355932,1065464.8333785096,82,1065,16644
F977#F1438,16930.0,1081928.0,1098858.0,73,1066,16644
F3939#F1438,16593.0,1092235.0,1108828.0,91,1067,16644
F6290#F1438,17343.0,1107649.0,1124992.0,86,1069,16644
F4402#F1438,16286.0,1135768.0,1152054.0,86,1071,16644
F2750#F1438,16181.0,1103926.0,1120107.0,80,1073,16644
F10530#F1438,17759.0,1151373.0,1169132.0,80,1074,16644
F1766#F1438,18175.0,1172606.0,1190781.0,105,1075,16644
F14714#F1438,16338.0,1155729.0,1172067.0,97,1077,16644
F8614#F1438,17182.0,1098751.0,1115933.0,90,1078,16644
F11044#F1438,17223.0,1084971.0,1102194.0,78,1079,16644
F2817#F1438,17191.0,1085976.533827618,1103167.533827618,85,1080,16644
F6420#F1438,17222.835185185184,1087987.6014828542,1105210.4366680393,86,1082,16644
F4097#F1438,17489.0,1117909.0,1135398.0,84,1083,16644
F4699#F1438,17071.0,1142302.0,1159373.0,89,1084,16644
F2714#F1438,17100.0,1122535.0,1139635.0,101,1085,16644
F10023#F1438,16445.0,1095821.0,1112266.0,82,1086,16644
F3498#F1438,16676.0,1133495.0,1150171.0,90,1088,16644
F1138#F1438,16409.0,1099546.0,1115955.0,92,1089,16644
F12129#F1438,16580.0,1105295.0,1121875.0,90,1091,16644
F10358#F1438,16550.0,1113202.0,1129752.0,77,1092,16644
F1337#F1438,17858.0,1141291.0,1159149.0,91,1093,16644
F12330#F1438,17155.0,1079941.0,1097096.0,88,1095,16644
F10013#F1438,17964.0,1081913.494977169,1099877.494977169,85,1097,16644
F10480#F1438,17980.375569735643,1237796.0,1255776.3755697357,62,1098,16644
F7756#F1438,17050.0,1072250.0,1089300.0,80,1099,16644
F590#F1438,16838.0,1069636.0,1086474.0,88,1100,16644
F2872#F1438,16528.0,1105968.0,1122496.0,85,1103,16644
F7025#F1438,16789.0,1068653.0,1085442.0,87,1104,16644
F3547#F1438,17240.0,1160108.0,1177348.0,95,1105,16644
F1457#F1438,17381.0,1167912.0,1185293.0,68,1107,16644
F6116#F1438,17221.0,1159203.0,1176424.0,86,1108,16644
F12292#F1438,17917.0,1134346.0,1152263.0,89,1110,16644
F9689#F1438,17419.0,1163248.0,1180667.0,86,1111,16644
F1877#F1438,18111.0,1102328.0,1120439.0,98,1113,16644
F5810#F1438,16972.0,1104308.8230008986,1121280.8230008986,88,1115,16644
F1112#F1438,16987.221524663677,1121041.0,1138028.2215246637,76,1116,16644
F801#F1438,17238.0,1064432.0,1081670.0,82,1117,16644
F1056#F1438,17158.0,1069781.0,1086939.0,98,1118,16644
F4957#F1438,18053.0,1090729.0,1108782.0,75,1119,16644
F8620#F1438,17514.0,1120989.0,1138503.0,95,1120,16644
F217#F1438,16937.0,1075999.0,1092936.0,80,1121,16644
F2173#F1438,17062.0,1171269.0,1188331.0,82,1122,16644
F4217#F1438,17090.0,1092906.0,1109996.0,69,1123,16644
F12059#F1438,17681.0,1094196.0,1111877.0,97,1125,16644
F1903#F1438,17211.0,1124066.0,1141277.0,77,1126,16644
F1043#F1438,17276.0,1097141.0,1114417.0,86,1127,16644
F4855#F1438,17142.0,1098114.5057675245,1115256.5057675245,78,1128,16644
F5475#F1438,18044.0,1114630.0,1132674.0,95,1130,16644
F9163#F1438,18056.0,1119770.0,1137826.0,98,1131,16644
F1608#F1438,17903.0,1113592.0,1131495.0,82,1132,16644
F21#F1438,17532.0,1097237.0,1114769.0,91,1133,16644
F6691#F1438,17745.0,1133003.0,1150748.0,79,1135,16644
F172#F1438,17534.0,1115640.0,1133174.0,79,1140,16644
F1774#F1438,18080.0,1173272.0,1191352.0,90,1142,16644
F11238#F1438,17957.0,1147666.0,1165623.0,88,1143,16644
F2707#F1438,17366.0,1103827.0,1121193.0,85,1144,16644
F1997#F1438,18410.0,1133887.0,1152297.0,73,1146,16644
F1234#F1438,18234.0,1204896.0,1223130.0,79,1148,16644
F3677#F1438,18249.883275261323,1205945.5609756096,1224195.444250871,79,1149,16644
F5021#F1438,18954.0,1081871.0,1100825.0,93,1151,16644
F7114#F1438,17608.0,1066683.0,1084291.0,84,1152,16644
F2443#F1438,17314.0,1063331.0,1080645.0,102,1153,16644
F1226#F1438,17086.0,1071375.0,1088461.0,83,1154,16644
F3316#F1438,17264.0,1061793.0,1079057.0,83,1156,16644
F4910#F1438,17293.0,1099811.0,1117104.0,87,1157,16644
F111#F1438,17362.0,1079953.0,1097315.0,92,1158,16644
F10823#F1438,17675.0,1136235.0,1153910.0,77,1159,16644
F7119#F1438,17863.0,1120954.0,1138817.0,92,1160,16644
F1692#F1438,18066.0,1118407.0,1136473.0,87,1161,16644
F13914#F1438,17807.0,1120333.6270456503,1138140.6270456503,89,1163,16644
F3165#F1438,17837.622527944968,1122260.2540913005,1140097.8766192454,86,1165,16644
F690#F1438,18891.0,1121182.0,1140073.0,100,1166,16644
F3581#F1438,19823.0,1091214.0,1111037.0,77,1167,16644
F6767#F1438,18776.0,1122919.0,1141695.0,91,1168,16644
F2018#F1438,18740.0,1110606.0,1129346.0,101,1170,16644
F1455#F1438,18942.0,1113032.0,1131974.0,86,1171,16644
F8155#F1438,18363.0,1152219.0,1170582.0,81,1172,16644
F1100#F1438,18088.0,1130015.0,1148103.0,91,1173,16644
F466#F1438,18107.0,1157147.0,1175254.0,88,1174,16644
F7598#F1438,18453.0,1190685.0,1209138.0,85,1175,16644
F5120#F1438,18389.0,1148979.0,1167368.0,95,1176,16644
F3337#F1438,18324.0,1149956.0229591837,1168280.0229591837,83,1177,16644
F2105#F1438,19669.0,1177992.0,1197661.0,75,1178,16644
F4611#F1438,19073.0,1084370.0,1103443.0,94,1179,16644
F12006#F1438,18659.0,1043486.0,1062145.0,78,1180,16644
F10807#F1438,17871.0,1077580.0,1095451.0,78,1181,16644
F49#F1438,18171.0,1067763.0,1085934.0,85,1182,16644
F5909#F1438,18059.0,1068676.0,1086735.0,84,1183,16644
F17381#F1438,18073.0,1092726.0,1110799.0,79,1184,16644
F4292#F1438,18079.0,1092556.0,1110635.0,95,1186,16644
F4581#F1438,19112.0,1130933.0,1150045.0,89,1188,16644
F2929#F1438,18742.0,1195355.0,1214097.0,89,1189,16644
F14754#F1438,18492.0,1261871.0,1280363.0,90,1190,16644
F1713#F1438,18538.618487394957,1265052.187394958,1283590.8058823529,100,1193,16644
F3179#F1438,18979.0,1154703.0,1173682.0,96,1194,16644
F2258#F1438,20557.0,1191089.0,1211646.0,88,1195,16644
F1747#F1438,19238.0,1105755.0,1124993.0,91,1196,16644
F584#F1438,18953.0,1096138.0,1115091.0,92,1197,16644
F9968#F1438,19311.0,1103592.0,1122903.0,95,1198,16644
F1255#F1438,18920.0,1131282.0,1150202.0,70,1199,16644
F10696#F1438,19183.0,1105902.0,1125085.0,72,1201,16644
F1574#F1438,19543.0,1153300.0,1172843.0,78,1204,16644
F14468#F1438,19521.0,1125825.0,1145346.0,75,1205,16644
F1941#F1438,19203.0,1166562.0,1185765.0,72,1206,16644
F1786#F1438,19151.0,1167529.2985074627,1186680.2985074627,76,1207,16644
F3416#F1438,19166.866611433306,1168496.5970149254,1187663.4636263587,98,1208,16644
F1808#F1438,18958.0,1124251.0,1143209.0,96,1209,16644
F4425#F1438,19376.0,1168497.0,1187873.0,99,1210,16644
F1954#F1438,19035.0,1143692.0,1162727.0,95,1211,16644
F4666#F1438,19407.0,1039846.0,1059253.0,87,1212,16644
F11249#F1438,18157.0,1051663.0,1069820.0,69,1214,16644
F7187#F1438,18326.0,1077957.0,1096283.0,98,1216,16644
F1611#F1438,18686.0,1079830.0,1098516.0,78,1218,16644
F602#F1438,18558.0,1082748.0,1101306.0,102,1221,16644
F45#F1438,20128.0,1132784.0,1152912.0,80,1222,16644
F6512#F1438,19311.0,1116285.0,1135596.0,86,1223,16644
F10267#F1438,19407.0,1119023.229762878,1138430.229762878,94,1226,16644
F187#F1438,19422.829526916805,1119935.9730171708,1139358.8025440876,95,1227,16644
F3193#F1438,19645.0,1140526.0,1160171.0,72,1229,16644
F1000#F1438,20013.0,1155452.0,1175465.0,84,1230,16644
F3141#F1438,20085.0,1185409.0,1205494.0,85,1233,16644
F8681#F1438,19602.0,1123159.0,1142761.0,97,1234,16644
F2396#F1438,19751.0,1083468.0,1103219.0,92,1235,16644
F1504#F1438,19110.0,1109874.0,1128984.0,84,1236,16644
F430#F1438,19358.0,1108100.0,1127458.0,88,1237,16644
F1345#F1438,19382.0,1116319.0,1135701.0,87,1238,16644
F1154#F1438,19618.0,1143321.0,1162939.0,82,1239,16644
F10073#F1438,19478.0,1124124.0,1143602.0,80,1240,16644
F1909#F1438,19468.0,1125030.5516129031,1144498.5516129031,89,1241,16644
F2603#F1438,19483.687348912168,1125937.1032258063,1145420.7905747185,95,1242,16644
F1401#F1438,19905.0,1108942.0,1128847.0,88,1243,16644
F1125#F1438,19466.0,1100094.0,1119560.0,93,1244,16644
F1689#F1438,19006.0,1110825.0,1129831.0,92,1245,16644
F1032#F1438,19830.0,1160201.0,1180031.0,98,1246,16644
F7933#F1438,19620.0,1085025.0,1104645.0,71,1249,16644
F1135#F1438,20246.0,1116170.0,1136416.0,80,1250,16644
F2265#F1438,19566.0,1075466.0,1095032.0,95,1255,16644
F1725#F1438,19741.0,1110140.0,1129881.0,97,1257,16644
F3214#F1438,20003.0,1112694.0,1132697.0,83,1258,16644
F10583#F1438,20100.0,1144724.0,1164824.0,87,1259,16644
F2166#F1438,19887.0,1146542.4654487688,1166429.4654487688,93,1261,16644
F7267#F1438,19902.770816812055,1355294.0,1375196.770816812,70,1262,16644
F9099#F1438,19647.0,1137508.0,1157155.0,78,1264,16644
F651#F1438,19572.0,1103019.0,1122591.0,91,1265,16644
F240#F1438,19364.0,1104368.0,1123732.0,94,1266,16644
F1927#F1438,19678.0,1122344.0,1142022.0,101,1267,16644
F2023#F1438,19474.0,1085930.0,1105404.0,83,1268,16644
F5785#F1438,19222.0,1060942.0,1080164.0,91,1269,16644
F11042#F1438,20433.0,1082749.0,1103182.0,91,1270,16644
F12596#F1438,19088.0,1078338.0,1097426.0,102,1271,16644
F8198#F1438,19260.0,1074158.0,1093418.0,99,1272,16644
F4332#F1438,19308.0,1098514.0,1117822.0,90,1273,16644
F1124#F1438,19157.0,1099376.9332285938,1118533.9332285938,99,1274,16644
F1295#F1438,19172.03689167975,1100239.8664571878,1119411.9033488675,66,1275,16644
F2873#F1438,20468.0,1177012.0,1197480.0,91,1277,16644
F1865#F1438,19486.0,1112727.0,1132213.0,95,1278,16644
F28553#F1438,19084.0,1110600.0,1129684.0,66,1279,16644
F2967#F1438,19114.0,1084205.0,1103319.0,81,1280,16644
F6884#F1438,19161.0,1138206.0,1157367.0,86,1281,16644
F4976#F1438,19543.0,1058761.0,1078304.0,88,1282,16644
F10680#F1438,19451.0,1048845.0,1068296.0,90,1284,16644
F9182#F1438,20276.0,1086192.0,1106468.0,93,1285,16644
F11511#F1438,19899.0,1068420.0,1088319.0,104,1286,16644
F10899#F1438,19915.0,1060881.0,1080796.0,82,1287,16644
F1171#F1438,19512.0,1061705.3053613054,1081217.3053613054,102,1288,16644
F8888#F1438,19542.29813664596,1166683.0,1186225.298136646,86,1290,16644
F1654#F1438,20502.0,1150570.0,1171072.0,87,1291,16644
F1886#F1438,21061.0,1180373.0,1201434.0,98,1292,16644
F2689#F1438,19657.0,1097408.0,1117065.0,87,1293,16644
F400#F1438,19896.0,1098512.0,1118408.0,76,1294,16644
F12993#F1438,20016.0,1129269.0,1149285.0,98,1295,16644
F9114#F1438,20207.0,1106703.0,1126910.0,92,1296,16644
F11000#F1438,19622.0,1053667.0,1073289.0,94,1297,16644
F3753#F1438,20041.0,1067039.0,1087080.0,88,1298,16644
F4942#F1438,19906.0,1061738.0,1081644.0,106,1299,16644
F1899#F1438,20106.0,1070365.0,1090471.0,93,1300,16644
F2498#F1438,20781.0,1071188.3576923078,1091969.3576923078,87,1301,16644
F1675#F1438,20643.0,1162375.0,1183018.0,92,1302,16644
F7286#F1438,21377.0,1146623.0,1168000.0,86,1303,16644
F4946#F1438,20137.0,1109909.0,1130046.0,104,1305,16644
F0#F1438,20158.0,1168622.0,1188780.0,78,1307,16644
F7857#F1438,20167.0,1094502.0,1114669.0,88,1308,16644
F1805#F1438,19635.0,1099325.0,1118960.0,100,1309,16644
F5239#F1438,19584.0,1135318.0,1154902.0,100,1311,16644
F5999#F1438,19813.0,1069689.0,1089502.0,96,1312,16644
F10575#F1438,20162.0,1048176.0,1068338.0,91,1313,16644
F6146#F1438,20445.0,1076603.0,1097048.0,79,1314,16644
F1653#F1438,19578.0,1087047.0,1106625.0,81,1318,16644
F5199#F1438,20490.0,1090346.0804248862,1110836.0804248862,86,1322,16644
F2765#F1438,22096.0,1137938.0,1160034.0,87,1327,16644
F8190#F1438,20449.0,1096706.0,1117155.0,96,1328,16644
F160#F1438,20608.0,1094674.0,1115282.0,85,1330,16644
F8851#F1438,20612.0,1162724.0,1183336.0,98,1332,16644
F1425#F1438,20625.0,1107556.0,1128181.0,79,1333,16644
F21909#F1438,20634.0,1097289.0,1117923.0,85,1335,16644
F897#F1438,21537.0,1125034.0,1146571.0,85,1336,16644
F1445#F1438,20528.0,1134432.0,1154960.0,91,1337,16644
F1332#F1438,20411.0,1059157.0,1079568.0,87,1338,16644
F1058#F1438,20919.0,1065622.0,1086541.0,92,1341,16644
F7298#F1438,20671.0,1238402.0,1259073.0,76,1342,16644
F3004#F1438,20686.403129657225,1239324.8032786883,1260011.2064083456,102,1343,16644
F6345#F1438,21488.0,1093659.0,1115147.0,88,1344,16644
F9441#F1438,20452.0,1092794.0,1113246.0,85,1347,16644
F12959#F1438,20683.0,1092708.0,1113391.0,94,1348,16644
F4675#F1438,21150.0,1104636.0,1125786.0,90,1349,16644
F662#F1438,20906.0,1146075.0,1166981.0,90,1350,16644
F1697#F1438,20250.0,1108180.0,1128430.0,90,1351,16644
F7721#F1438,20522.0,1107774.0,1128296.0,72,1355,16644
F2282#F1438,21264.0,1125699.0,1146963.0,75,1356,16644
F3381#F1438,22246.0,1111599.0,1133845.0,92,1359,16644
F556#F1438,21963.0,1088967.0,1110930.0,102,1360,16644
F2723#F1438,21142.0,1089767.7110294118,1110909.7110294118,90,1361,16644
F324#F1438,21157.534166054375,1090568.4220588235,1111725.9562248779,88,1362,16644
F3978#F1438,21886.0,1076098.0,1097984.0,97,1363,16644
F1311#F1438,20693.0,1077364.0,1098057.0,85,1364,16644
F2678#F1438,22566.0,1147009.0,1169575.0,89,1365,16644
F1360#F1438,21393.0,1148521.0,1169914.0,92,1367,16644
F1596#F1438,21709.0,1151834.0,1173543.0,90,1369,16644
F3495#F1438,21743.0,1177453.0,1199196.0,75,1370,16644
F3997#F1438,21137.0,1109631.0,1130768.0,95,1371,16644
F1968#F1438,20560.0,1103753.0,1124313.0,102,1373,16644
F1347#F1438,20574.0,1129466.0,1150040.0,96,1375,16644
F3812#F1438,20801.0,1077808.0,1098609.0,106,1376,16644
F3415#F1438,21544.0,1080157.8720930233,1101701.8720930233,99,1379,16644
F3634#F1438,21559.62291515591,1080941.1627906975,1102500.7857058535,109,1380,16644
F2715#F1438,22590.0,1108007.0,1130597.0,96,1381,16644
F79#F1438,22049.0,1124888.0,1146937.0,105,1386,16644
F6557#F1438,21929.0,1086756.0,1108685.0,61,1388,16644
F4701#F1438,21024.0,1091667.0,1112691.0,72,1389,16644
F372#F1438,22441.0,1138960.0,1161401.0,87,1391,16644
F2061#F1438,22045.0,1207976.0,1230021.0,86,1397,16644
F2632#F1438,22184.0,1161341.0,1183525.0,88,1398,16644
F11846#F1438,22078.0,1143880.0,1165958.0,95,1400,16644
F5291#F1438,22594.0,1151301.0,1173895.0,72,1402,16644
F237#F1438,22728.0,1153679.0,1176407.0,94,1403,16644
F8331#F1438,22644.0,1157790.4718460443,1180434.4718460443,55,1408,16644
F8259#F1438,22676.164772727272,1274378.0,1297054.1647727273,86,1410,16644
F2445#F1438,22288.0,1121401.0,1143689.0,99,1414,16644
F3534#F1438,22769.0,1060608.0,1083377.0,81,1415,16644
F12595#F1438,22615.0,1125447.0,1148062.0,95,1417,16644
F6072#F1438,22389.0,1150697.0,1173086.0,107,1418,16644
F4062#F1438,22206.0,1133045.0,1155251.0,89,1419,16644
F10230#F1438,22404.0,1165189.0,1187593.0,89,1420,16644
F4464#F1438,22529.0,1184430.0,1206959.0,105,1423,16644
F1807#F1438,22239.0,1146547.0,1168786.0,95,1424,16644
F4072#F1438,22534.0,1153228.0,1175762.0,88,1428,16644
F2886#F1438,22600.0,1145920.0,1168520.0,83,1429,16644
F10468#F1438,21850.0,1147523.8068579428,1169373.8068579428,68,1431,16644
F381#F1438,22870.0,1131894.0,1154764.0,72,1434,16644
F4978#F1438,22477.0,1067558.0,1090035.0,79,1435,16644
F2421#F1438,22063.0,1062995.0,1085058.0,98,1438,16644
F4091#F1438,22595.0,1111248.0,1133843.0,96,1439,16644
F3262#F1438,22536.0,1149919.0,1172455.0,94,1442,16644
F15014#F1438,22548.0,1152991.0,1175539.0,87,1445,16644
F3517#F1438,22007.0,1091131.0,1113138.0,94,1449,16644
F3826#F1438,21934.0,1135223.0,1157157.0,113,1451,16644
F1343#F1438,22266.0,1119384.0,1141650.0,104,1452,16644
F6712#F1438,22516.0,1106054.0,1128570.0,110,1453,16644
F1163#F1438,22174.0,1100666.0,1122840.0,94,1454,16644
F9396#F1438,22205.0,1103693.9669876203,1125898.9669876203,80,1458,16644
F3281#F1438,23638.0,1110133.0,1133771.0,92,1460,16644
F36#F1438,22925.0,1062371.0,1085296.0,87,1463,16644
F5596#F1438,23384.0,1105287.0,1128671.0,115,1464,16644
F2194#F1438,23314.0,1119315.0,1142629.0,91,1466,16644
F2758#F1438,23369.0,1127192.0,1150561.0,98,1467,16644
F5#F1438,23242.0,1142682.0,1165924.0,84,1468,16644
F9772#F1438,22682.0,1100542.0,1123224.0,76,1469,16644
F3278#F1438,22405.0,1107240.0,1129645.0,103,1470,16644
F6524#F1438,22495.0,1149102.0,1171597.0,88,1471,16644
F1579#F1438,23580.0,1107475.0,1131055.0,92,1475,16644
F2936#F1438,24264.0,1108225.8305084745,1132489.8305084745,88,1476,16644
F3235#F1438,24296.878048780487,1109727.4915254235,1134024.3695742039,53,1478,16644
F9103#F1438,22717.0,1109604.0,1132321.0,94,1480,16644
F1519#F1438,23185.0,1065120.0,1088305.0,107,1481,16644
F5703#F1438,22600.0,1066898.0,1089498.0,82,1482,16644
F546#F1438,22553.0,1063529.0,1086082.0,96,1483,16644
F369#F1438,23498.0,1098661.0,1122159.0,98,1488,16644
F2211#F1438,23709.0,1142685.0,1166394.0,96,1490,16644
F2667#F1438,24057.0,1149630.0,1173687.0,100,1491,16644
F12344#F1438,23738.0,1147484.0,1171222.0,93,1494,16644
F1710#F1438,23093.0,1128485.0,1151578.0,95,1498,16644
F13857#F1438,23279.0,1115428.0,1138707.0,111,1501,16644
F3341#F1438,23210.0,1116171.123251166,1139381.123251166,93,1502,16644
F9230#F1438,23895.0,1171973.0,1195868.0,92,1503,16644
F7051#F1438,23340.0,1151140.0,1174480.0,98,1506,16644
F2671#F1438,23976.0,1118302.0,1142278.0,103,1509,16644
F41#F1438,24162.0,1104549.0,1128711.0,97,1510,16644
F13032#F1438,24597.0,1120464.0,1145061.0,101,1511,16644
F1225#F1438,24408.0,1115864.0,1140272.0,101,1518,16644
F2693#F1438,24913.0,1139164.0,1164077.0,93,1520,16644
F3351#F1438,24294.0,1144837.0,1169131.0,92,1521,16644
F2985#F1438,23711.0,1154785.0,1178496.0,96,1523,16644
F1711#F1438,23957.0,1115766.0,1139723.0,77,1527,16644
F2217#F1438,24329.0,1124579.0,1148908.0,105,1528,16644
F5266#F1438,24864.0,1125314.9810209423,1150178.9810209423,76,1529,16644
F8321#F1438,25106.0,1157659.0,1182765.0,66,1531,16644
F4087#F1438,23671.0,1135689.0,1159360.0,96,1532,16644
F2317#F1438,22859.0,1096324.0,1119183.0,99,1533,16644
F603#F1438,22920.0,1071976.0,1094896.0,99,1535,16644
F3089#F1438,24360.0,1064337.0,1088697.0,99,1536,16644
F7518#F1438,24712.0,1111673.0,1136385.0,93,1538,16644
F1790#F1438,24077.0,1127328.0,1151405.0,102,1539,16644
F3922#F1438,24907.0,1158099.0,1183006.0,92,1541,16644
F236#F1438,24667.0,1148761.0,1173428.0,85,1542,16644
F225#F1438,24405.0,1154853.0,1179258.0,107,1546,16644
F933#F1438,24497.0,1159334.9650711515,1183831.9650711515,80,1552,16644
F6818#F1438,24512.784149484534,1160081.9592496767,1184594.7433991611,93,1553,16644
F4101#F1438,24332.0,1108599.0,1132931.0,85,1557,16644
F4116#F1438,23734.0,1143703.0,1167437.0,102,1558,16644
F249#F1438,24948.0,1185554.0,1210502.0,93,1559,16644
F3882#F1438,24398.0,1127671.0,1152069.0,92,1560,16644
F3538#F1438,24881.0,1084569.0,1109450.0,84,1563,16644
F492#F1438,25053.0,1133070.0,1158123.0,114,1568,16644
F4252#F1438,24731.0,1121011.0,1145742.0,96,1569,16644
F12938#F1438,23754.0,1126535.0,1150289.0,93,1572,16644
F3071#F1438,25428.0,1110924.0,1136352.0,89,1580,16644
F5257#F1438,24011.0,1106637.0,1130648.0,100,1582,16644
F1185#F1438,24284.0,1108735.5530973452,1133019.5530973452,106,1585,16644
F1481#F1438,26893.0,1191157.0,1218050.0,95,1588,16644
F2572#F1438,24651.0,1108745.0,1133396.0,98,1590,16644
F7489#F1438,24694.0,1113542.0,1138236.0,110,1591,16644
F323#F1438,23968.0,1144529.0,1168497.0,71,1594,16644
F3762#F1438,24310.0,1075897.0,1100207.0,98,1596,16644
F1212#F1438,24510.0,1097287.0,1121797.0,99,1597,16644
F4759#F1438,24724.0,1074406.0,1099130.0,103,1601,16644
F1792#F1438,24628.0,1077386.0,1102014.0,94,1603,16644
F708#F1438,24909.0,1099356.0,1124265.0,106,1610,16644
F5056#F1438,24699.0,1117724.0,1142423.0,90,1611,16644
F1716#F1438,26055.0,1146179.0,1172234.0,95,1616,16644
F1186#F1438,26091.0,1153980.9610148515,1180071.9610148515,73,1627,16644
F2841#F1438,26207.0,1205321.0,1231528.0,92,1628,16644
F229#F1438,25204.0,1173325.0,1198529.0,100,1629,16644
F6998#F1438,26978.0,1155044.0,1182022.0,80,1636,16644
F6416#F1438,26356.0,1176558.0,1202914.0,89,1637,16644
F1929#F1438,26673.0,1148984.0,1175657.0,87,1639,16644
F576#F1438,26644.0,1121273.0,1147917.0,100,1642,16644
F404#F1438,25518.0,1110520.0,1136038.0,92,1643,16644
F12954#F1438,25629.0,1124586.0,1150215.0,96,1647,16644
F3998#F1438,25920.0,1091137.0,1117057.0,83,1654,16644
F1868#F1438,25078.0,1104158.0,1129236.0,95,1655,16644
F8292#F1438,25923.0,1180084.0,1206007.0,84,1656,16644
F1544#F1438,25938.653985507244,1180796.611111111,1206735.2650966183,102,1657,16644
F5629#F1438,26107.0,1145494.0,1171601.0,114,1659,16644
F2787#F1438,26077.0,1158322.0,1184399.0,106,1660,16644
F1242#F1438,25462.0,1118169.0,1143631.0,95,1663,16644
F5727#F1438,25217.0,1120385.0,1145602.0,103,1664,16644
F3046#F1438,25889.0,1136388.0,1162277.0,97,1669,16644
F513#F1438,25457.0,1101154.0,1126611.0,97,1673,16644
F1038#F1438,25018.0,1076315.0,1101333.0,85,1675,16644
F6361#F1438,25669.0,1081150.0,1106819.0,86,1682,16644
F12191#F1438,25157.0,1082422.0,1107579.0,109,1684,16644
F2235#F1438,24985.0,1079290.0,1104275.0,86,1685,16644
F156#F1438,27747.0,1079930.528189911,1107677.528189911,96,1686,16644
F440#F1438,27779.914590747336,1081211.5845697331,1108991.4991604805,94,1688,16644
F3444#F1438,26197.0,1146553.0,1172750.0,106,1692,16644
F2199#F1438,27413.0,1176095.0,1203508.0,104,1693,16644
F3979#F1438,27564.0,1180431.0,1207995.0,91,1700,16644
F377#F1438,27500.0,1163400.0,1190900.0,99,1702,16644
F1590#F1438,27764.0,1119381.0,1147145.0,95,1708,16644
F596#F1438,27044.0,1172134.0,1199178.0,108,1709,16644
F1785#F1438,27823.0,1129552.0,1157375.0,104,1710,16644
F4228#F1438,26550.0,1106424.0,1132974.0,102,1712,16644
F11267#F1438,27305.0,1129320.0,1156625.0,84,1713,16644
F5026#F1438,27369.0,1113621.0,1140990.0,95,1714,16644
F4230#F1438,27761.0,1114270.720536756,1142031.720536756,101,1715,16644
F3894#F1438,27777.18717201166,1277220.0,1304997.1871720117,105,1716,16644
F452#F1438,27614.0,1149142.0,1176756.0,88,1719,16644
F10709#F1438,27785.0,1161542.0,1189327.0,105,1720,16644
F7484#F1438,26974.0,1200073.0,1227047.0,112,1721,16644
F1857#F1438,27508.0,1153700.0,1181208.0,89,1722,16644
F5873#F1438,26758.0,1156580.0,1183338.0,92,1723,16644
F351#F1438,27376.0,1189766.0,1217142.0,102,1726,16644
F1969#F1438,27313.0,1137326.0,1164639.0,102,1727,16644
F1288#F1438,27343.0,1117628.0,1144971.0,83,1734,16644
F410#F1438,27409.0,1122964.0,1150373.0,88,1736,16644
F4318#F1438,27335.0,1126683.0,1154018.0,79,1741,16644
F1437#F1438,28327.0,1128624.4411257897,1156951.4411257897,98,1744,16644
F2960#F1438,29324.0,1152926.0,1182250.0,97,1748,16644
F4980#F1438,26925.0,1115698.0,1142623.0,91,1750,16644
F2859#F1438,26908.0,1114448.0,1141356.0,107,1752,16644
F6740#F1438,27103.0,1149842.0,1176945.0,98,1753,16644
F75#F1438,26612.0,1132779.0,1159391.0,101,1758,16644
F4021#F1438,26809.0,1108550.0,1135359.0,90,1760,16644
F8183#F1438,26642.0,1135496.0,1162138.0,81,1763,16644
F3114#F1438,27493.0,1116098.0,1143591.0,88,1769,16644
F10795#F1438,27397.0,1085231.0,1112628.0,97,1773,16644
F3632#F1438,28407.0,1053331.0,1081738.0,107,1778,16644
F2029#F1438,27102.0,1079701.0,1106803.0,88,1780,16644
F3490#F1438,27830.0,1082127.2943820225,1109957.2943820225,91,1784,16644
F1213#F1438,28445.0,1133611.0,1162056.0,109,1785,16644
F256#F1438,27793.0,1122220.0,1150013.0,112,1786,16644
F1680#F1438,29061.0,1157915.0,1186976.0,106,1787,16644
F4094#F1438,29723.0,1162167.0,1191890.0,85,1801,16644
F4164#F1438,27253.0,1156096.0,1183349.0,91,1809,16644
F3770#F1438,27787.0,1118235.0,1146022.0,121,1811,16644
F2288#F1438,27819.0,1107981.0,1135800.0,112,1820,16644
F5251#F1438,28844.0,1149807.0,1178651.0,99,1830,16644
F12372#F1438,28551.0,1108930.0,1137481.0,98,1841,16644
F1482#F1438,28029.0,1108629.0,1136658.0,100,1844,16644
F5507#F1438,29119.0,1320721.0,1349840.0,103,1847,16644
F11959#F1438,29134.765565782352,1482780.0,1511914.7655657823,105,1848,16644
F298#F1438,28697.0,1099259.0,1127956.0,102,1849,16644
F3661#F1438,29006.0,1104138.0,1133144.0,102,1851,16644
F677#F1438,28441.0,1121463.0,1149904.0,106,1852,16644
F2369#F1438,28453.0,1111378.0,1139831.0,97,1854,16644
F3724#F1438,28457.0,1105348.0,1133805.0,82,1855,16644
F2071#F1438,28038.0,1168196.0,1196234.0,116,1857,16644
F7483#F1438,28148.0,1109260.0,1137408.0,108,1872,16644
F28#F1438,28887.0,1112741.0,1141628.0,107,1878,16644
F5591#F1438,29438.0,1164239.0,1193677.0,94,1890,16644
F1376#F1438,28480.0,1083530.0,1112010.0,98,1900,16644
F6992#F1438,29118.0,1090943.6263157895,1120061.6263157895,112,1913,16644
F4788#F1438,29209.32671197073,1094365.3,1123574.6267119707,104,1919,16644
F1417#F1438,30295.0,1139487.0,1169782.0,75,1920,16644
F470#F1438,30507.0,1102799.0,1133306.0,103,1925,16644
F159#F1438,31433.0,1158493.0,1189926.0,99,1939,16644
F2212#F1438,29770.0,1114134.0,1143904.0,125,1943,16644
F1823#F1438,29767.0,1113041.0,1142808.0,105,1946,16644
F2958#F1438,29345.0,1166669.0,1196014.0,111,1947,16644
F4748#F1438,29550.0,1147010.0,1176560.0,112,1951,16644
F2366#F1438,30640.0,1140441.0,1171081.0,112,1959,16644
F7256#F1438,32592.0,1145033.0,1177625.0,110,1967,16644
F550#F1438,30553.0,1120837.0,1151390.0,87,1970,16644
F6213#F1438,30567.0,1131078.150253807,1161645.150253807,110,1988,16644
F367#F1438,32420.0,1175131.0,1207551.0,74,1989,16644
F2263#F1438,32944.0,1127894.0,1160838.0,113,1992,16644
F450#F1438,31411.0,1138650.0,1170061.0,92,1998,16644
F358#F1438,32194.0,1151068.0,1183262.0,104,2005,16644
F2557#F1438,31895.0,1177940.0,1209835.0,114,2016,16644
F864#F1438,32461.0,1157179.0,1189640.0,106,2018,16644
F12791#F1438,32266.0,1186066.0,1218332.0,103,2019,16644
F1132#F1438,31538.0,1144780.0,1176318.0,113,2021,16644
F9239#F1438,31233.0,1127448.0,1158681.0,100,2027,16644
F431#F1438,31533.0,1120872.0,1152405.0,106,2031,16644
F1937#F1438,31198.0,1216599.0,1247797.0,95,2033,16644
F4824#F1438,31428.186915887847,1225575.3821938022,1257003.56910969,96,2048,16644
F2051#F1438,31979.0,1159761.0,1191740.0,96,2050,16644
F7554#F1438,33195.0,1132313.0,1165508.0,106,2059,16644
F1291#F1438,31504.0,1109871.0,1141375.0,100,2062,16644
F955#F1438,32637.0,1152017.0,1184654.0,115,2072,16644
F2636#F1438,32240.0,1153840.0,1186080.0,105,2083,16644
F2581#F1438,33254.0,1174407.0,1207661.0,104,2090,16644
F4065#F1438,34875.0,1167669.0,1202544.0,119,2097,16644
F3562#F1438,33678.0,1219631.0,1253309.0,90,2098,16644
F637#F1438,33921.0,1170992.0,1204913.0,119,2101,16644
F7291#F1438,33079.0,1164434.0,1197513.0,100,2105,16644
F1667#F1438,33413.0,1166646.7011876486,1200059.7011876486,118,2109,16644
F121#F1438,33460.52916073969,1187592.0,1221052.5291607396,90,2112,16644
F2027#F1438,32462.0,1133101.0,1165563.0,98,2114,16644
F5901#F1438,33830.0,1133087.0,1166917.0,102,2115,16644
F7245#F1438,33787.0,1137917.0,1171704.0,98,2118,16644
F6182#F1438,33815.0,1146135.0,1179950.0,99,2140,16644
F3070#F1438,34427.0,1170264.0,1204691.0,98,2141,16644
F4807#F1438,34029.0,1175720.0,1209749.0,100,2159,16644
F46#F1438,33481.0,1174010.0,1207491.0,122,2160,16644
F1165#F1438,33561.0,1201856.0,1235417.0,103,2168,16644
F224#F1438,35843.0,1198681.0,1234524.0,110,2175,16644
F1500#F1438,35423.0,1273536.0,1308959.0,96,2183,16644
F2502#F1438,35520.36051305543,1277036.3279890057,1312556.6885020612,102,2189,16644
F5210#F1438,34012.0,1180580.0,1214592.0,100,2193,16644
F842#F1438,34751.0,1152215.0,1186966.0,113,2206,16644
F779#F1438,34821.0,1072769.0,1107590.0,112,2221,16644
F5941#F1438,33417.0,1087564.0,1120981.0,108,2223,16644
F2774#F1438,33328.0,1105897.0,1139225.0,110,2225,16644
F5558#F1438,35512.0,1158399.0,1193911.0,117,2226,16644
F2268#F1438,34810.0,1187914.0,1222724.0,80,2228,16644
F6644#F1438,35449.0,1168084.0,1203533.0,107,2243,16644
F2138#F1438,35010.0,1143888.0,1178898.0,105,2244,16644
F299#F1438,35310.0,1199411.0,1234721.0,107,2250,16644
F2730#F1438,35215.0,1202076.3577777776,1237291.3577777776,113,2255,16644
F3509#F1438,36476.0,1224356.0,1260832.0,118,2271,16644
F5391#F1438,36469.0,1191241.0,1227710.0,77,2276,16644
F764#F1438,36848.0,1151833.0,1188681.0,105,2277,16644
F6790#F1438,35533.0,1134805.0,1170338.0,95,2284,16644
F3209#F1438,34463.0,1131902.0,1166365.0,111,2287,16644
F4800#F1438,35920.0,1139319.0,1175239.0,111,2292,16644
F3935#F1438,36883.0,1159923.0,1196806.0,118,2306,16644
F11796#F1438,36191.0,1179974.0,1216165.0,84,2313,16644
F2185#F1438,36933.0,1171187.0,1208120.0,97,2316,16644
F20#F1438,36457.0,1172633.0,1209090.0,105,2320,16644
F5964#F1438,37190.0,1328436.0,1365626.0,116,2321,16644
F4069#F1438,37238.06979750108,1330153.0650581645,1367391.1348556655,109,2324,16644
F666#F1438,36446.0,1191642.0,1228088.0,118,2329,16644
F1173#F1438,37589.0,1185045.0,1222634.0,97,2336,16644
F1959#F1438,37834.0,1101036.0,1138870.0,105,2377,16644
F5824#F1438,36158.0,1100876.0,1137034.0,109,2381,16644
F9436#F1438,36800.0,1081843.0,1118643.0,107,2393,16644
F389#F1438,35430.0,1137458.0,1172888.0,108,2399,16644
F80#F1438,35856.0,1108728.0,1144584.0,102,2402,16644
F4024#F1438,37783.0,1126930.0,1164713.0,118,2433,16644
F1559#F1438,36299.0,1157951.0,1194250.0,116,2447,16644
F3582#F1438,37573.0,1171029.0,1208602.0,112,2449,16644
F1745#F1438,38229.0,1174376.1633319722,1212605.1633319722,91,2456,16644
F4262#F1438,39459.0,1203959.0,1243418.0,109,2467,16644
F326#F1438,38411.0,1188001.0,1226412.0,109,2469,16644
F115#F1438,40473.0,1197204.0,1237677.0,98,2484,16644
F2495#F1438,39325.0,1168703.0,1208028.0,109,2485,16644
F1270#F1438,38861.0,1142882.0,1181743.0,107,2495,16644
F1274#F1438,39721.0,1136805.0,1176526.0,111,2499,16644
F6570#F1438,39473.0,1144487.0,1183960.0,117,2505,16644
F468#F1438,40310.0,1166377.0,1206687.0,118,2518,16644
F2505#F1438,39969.0,1177353.0,1217322.0,124,2519,16644
F525#F1438,40795.0,1182963.0,1223758.0,123,2526,16644
F2983#F1438,40403.0,1257705.0,1298108.0,110,2527,16644
F5039#F1438,41122.483577364466,1280101.8045112784,1321224.2880886428,111,2572,16644
F4208#F1438,40724.0,1217598.0,1258322.0,115,2588,16644
F2474#F1438,41738.0,1175365.0,1217103.0,110,2605,16644
F1442#F1438,42728.0,1186587.0,1229315.0,106,2606,16644
F2651#F1438,41901.0,1184843.0,1226744.0,118,2613,16644
F423#F1438,41148.0,1103499.0,1144647.0,118,2614,16644
F1518#F1438,42197.0,1147304.0,1189501.0,109,2632,16644
F220#F1438,41292.0,1148153.0,1189445.0,117,2648,16644
F1779#F1438,42027.0,1172148.0,1214175.0,121,2699,16644
F1328#F1438,41653.0,1184470.0,1226123.0,120,2707,16644
F6838#F1438,42327.0,1192682.0,1235009.0,87,2724,16644
F593#F1438,42360.0,1195309.052863436,1237669.052863436,119,2730,16644
F6573#F1438,43086.0,1192590.0,1235676.0,101,2734,16644
F2840#F1438,41838.0,1188297.0,1230135.0,108,2753,16644
F2538#F1438,43573.0,1201994.0,1245567.0,123,2758,16644
F4346#F1438,44681.0,1199564.0,1244245.0,111,2798,16644
F4090#F1438,44090.0,1184659.0,1228749.0,133,2828,16644
F35#F1438,44206.0,1171193.0,1215399.0,120,2853,16644
F5780#F1438,44059.0,1098130.0,1142189.0,119,2874,16644
F2590#F1438,43759.0,1115127.0,1158886.0,102,2876,16644
F268#F1438,47648.0,1160054.0,1207702.0,115,2927,16644
F2112#F1438,46642.0,1172533.0,1219175.0,115,2964,16644
F85#F1438,46770.0,1383715.0,1430485.0,128,2967,16644
F1172#F1438,46896.107178968654,1587845.0,1634741.1071789686,126,2975,16644
F1392#F1438,46017.0,1183790.0,1229807.0,124,2987,16644
F219#F1438,46980.0,1255262.0,1302242.0,128,2992,16644
F608#F1438,48005.0,1211255.0,1259260.0,129,3055,16644
F3223#F1438,47859.0,1198607.0,1246466.0,127,3061,16644
F2934#F1438,48814.0,1209296.0,1258110.0,123,3070,16644
F1453#F1438,47265.0,1188923.0,1236188.0,112,3110,16644
F736#F1438,47877.0,1101417.0,1149294.0,122,3162,16644
F193#F1438,47617.0,1121483.0,1169100.0,108,3174,16644
F621#F1438,48616.0,1136515.0,1185131.0,117,3175,16644
F290#F1438,49699.0,1178943.0,1228642.0,128,3191,16644
F3944#F1438,50449.0,1186332.1758069573,1236781.1758069573,116,3211,16644
F260#F1438,50266.0,1223620.0,1273886.0,126,3251,16644
F391#F1438,52502.0,1196762.0,1249264.0,115,3294,16644
F6425#F1438,50187.0,1208359.0,1258546.0,83,3315,16644
F3340#F1438,51155.0,1172854.0,1224009.0,99,3331,16644
F6530#F1438,51830.0,1140404.0,1192234.0,98,3359,16644
F1030#F1438,51622.0,1183847.0,1235469.0,106,3375,16644
F2248#F1438,51157.0,1143694.0,1194851.0,112,3396,16644
F4053#F1438,50767.0,1120140.0,1170907.0,129,3404,16644
F2824#F1438,51113.0,1129494.0,1180607.0,97,3414,16644
F412#F1438,54645.0,1120945.0,1175590.0,105,3426,16644
F1250#F1438,54513.0,1163479.3987157035,1217992.3987157035,106,3556,16644
F994#F1438,56935.0,1234764.0,1291699.0,124,3608,16644
F1789#F1438,55092.0,1160871.0,1215963.0,111,3635,16644
F4180#F1438,55316.0,1165245.0,1220561.0,130,3640,16644
F5658#F1438,59183.0,1278544.0,1337727.0,122,3683,16644
F264#F1438,58674.0,1220052.0,1278726.0,117,3701,16644
F4142#F1438,57455.0,1174816.0,1232271.0,111,3711,16644
F1699#F1438,58906.0,1188479.0,1247385.0,132,3815,16644
F103#F1438,59286.0,1159465.0,1218751.0,131,3879,16644
F4917#F1438,59685.0,1149933.0,1209618.0,121,3880,16644
F2054#F1438,57758.0,1130734.0,1188492.0,101,3883,16644
F2430#F1438,57860.0,1135102.0169971671,1192962.0169971671,149,3898,16644
F2953#F1438,58409.20985120574,1295357.0,1353766.2098512058,136,3935,16644
F6519#F1438,59993.0,1188746.0,1248739.0,111,4023,16644
F776#F1438,63123.0,1185854.0,1248977.0,78,4169,16644
F1671#F1438,65674.0,1189064.0,1254738.0,143,4231,16644
F1227#F1438,69188.0,1273719.0,1342907.0,151,4421,16644
F2631#F1438,70429.0,1200652.0,1271081.0,120,4427,16644
F1313#F1438,67787.0,1206603.0,1274390.0,127,4489,16644
F1235#F1438,72081.0,1212028.0,1284109.0,131,4563,16644
F3699#F1438,73706.0,1165204.0,1238910.0,131,4728,16644
F6996#F1438,82581.0,1205732.0,1288313.0,118,5274,16644
F133#F1438,84788.0,1309067.3932499052,1393855.3932499052,151,5726,16644
F78#F1438,90844.28571428571,1334768.0,1425612.2857142857,141,6135,16644
F1107#F1438,103193.77785539643,1328115.0,1431308.7778553965,204,6969,16644
F177#F1438,139353.80160670626,1344666.0,1484019.8016067063,140,9411,16644
F1695#F1438,143406.0,1333952.0,1477358.0,139,9518,16644
F845#F1438,161420.0,1447656.0,1609076.0,144,10268,16644
F774#F1438,249455.8395013635,1595718.0,1845173.8395013635,200,15868,16644
F1438#F1438,268682.0,1597818.0,1866500.0,16644,16644,16644
