keyword,clientTime,serverTime,totalTime,resultLength,payloadSize
F10800#F1308,211,187,398,0,480
F10800#F10693,160,157,318,0,480
F10800#F11138,177,156,333,0,480
F10800#F10159,168,155,323,0,480
F10800#F11380,170,159,329,0,480
F10800#F1047,171,156,327,0,480
F10800#F10072,174,156,331,0,480
F10800#F10516,168,159,328,0,480
F10800#F10454,175,160,335,0,480
F10800#F14280,172,163,336,0,480
F10800#F10544,188,165,354,0,480
F10800#F10744,182,162,345,0,480
F10800#F10374,179,166,345,0,480
F10800#F1029,172,165,337,0,480
F10800#F12029,177,168,346,0,480
F10800#F10595,177,169,347,0,480
F10800#F10700,179,168,348,0,480
F10800#F10165,180,170,351,0,480
F10800#F10922,180,175,355,0,480
F10800#F10398,202,174,376,0,480
F10800#F10802,176,171,348,0,480
F10800#F10166,180,173,354,0,480
F10800#F13268,178,194,373,0,480
F10800#F10043,185,175,361,0,480
F10800#F11321,182,176,358,0,480
F10800#F10115,186,181,368,0,480
F10800#F11053,189,179,368,0,480
F10800#F11114,179,195,375,0,480
F10800#F10237,189,178,367,0,480
F10800#F10942,181,184,366,0,480
F10800#F10450,189,184,373,0,480
F10800#F11220,183,178,362,0,480
F10800#F10055,190,186,376,0,480
F10800#F10494,192,189,382,0,480
F10800#F10158,188,191,380,0,480
F10800#F10205,204,191,395,0,480
F10800#F10813,197,188,385,0,480
F10800#F10081,189,190,380,0,480
F10800#F10014,187,197,385,0,480
F10800#F10136,199,191,390,0,480
F10800#F11604,192,194,386,0,480
F10800#F10195,215,193,409,0,480
F10800#F10355,196,198,394,0,480
F10800#F11076,208,219,428,0,480
F10800#F10378,194,222,417,0,480
F10800#F10547,196,195,392,0,480
F10800#F10463,200,224,425,0,480
F10800#F10020,215,201,417,0,480
F10800#F10541,204,261,466,0,480
F10800#F10032,258,225,484,0,480
F10800#F10178,199,209,409,0,480
F10800#F10121,201,201,403,0,480
F10800#F10305,203,205,408,0,480
F10800#F10033,226,203,430,0,480
F10800#F10143,202,205,408,0,480
F10800#F10141,199,209,408,0,480
F10800#F10961,207,204,412,0,480
F10800#F10873,197,209,407,0,480
F10800#F10317,227,210,437,0,480
F10800#F10170,218,214,433,0,480
F10800#F10636,215,212,427,0,480
F10800#F10037,204,211,416,0,480
F10800#F1003,213,215,429,0,480
F10800#F10691,228,212,440,0,480
F10800#F10338,208,220,429,0,480
F10800#F1005,205,218,424,0,480
F10800#F10152,217,213,431,0,480
F10800#F10313,216,218,434,0,480
F10800#F10217,233,222,455,0,480
F10800#F10437,219,226,446,0,480
F10800#F10286,217,220,438,0,480
F10800#F1095,210,220,431,0,480
F10800#F10380,230,223,454,0,480
F10800#F10377,216,220,436,0,480
F10800#F10139,228,224,453,0,480
F10800#F1153,232,215,447,0,480
F10800#F10561,224,225,450,0,480
F10800#F10334,231,218,450,0,480
F10800#F10298,221,224,445,0,480
F10800#F10344,227,257,484,0,480
F10800#F10176,220,225,446,0,480
F10800#F10096,235,226,461,0,480
F10800#F11165,220,227,447,0,480
F10800#F11330,219,223,443,0,480
F10800#F10737,225,218,444,0,480
F10800#F10820,246,225,472,0,480
F10800#F10029,229,236,465,0,480
F10800#F10099,226,228,454,0,480
F10800#F11019,229,221,451,0,480
F10800#F10351,246,232,479,0,480
F10800#F10140,228,230,458,0,480
F10800#F10470,244,245,489,0,480
F10800#F10191,241,246,488,0,480
F10800#F11069,223,238,462,0,480
F10800#F1035,254,249,503,0,480
F10800#F10326,271,321,593,0,480
F10800#F10061,259,249,509,0,480
F10800#F10151,240,226,466,0,480
F10800#F10303,227,231,458,0,480
F10800#F10235,232,233,466,0,480
F10800#F10270,250,229,480,0,480
F10800#F10022,233,251,485,0,480
F10800#F10319,236,240,477,0,480
F10800#F10369,249,242,492,0,480
F10800#F10066,235,246,482,0,480
F10800#F10161,242,244,486,0,480
F10800#F10198,241,244,486,0,480
F10800#F10268,256,245,502,0,480
F10800#F1028,240,265,505,0,480
F10800#F10228,245,248,494,0,480
F10800#F11913,262,241,504,0,480
F10800#F10088,240,282,523,0,480
F10800#F10366,245,251,497,0,480
F10800#F10989,268,244,512,0,480
F10800#F10069,244,244,488,0,480
F10800#F10316,245,252,498,0,480
F10800#F10080,263,255,518,0,480
F10800#F10086,250,253,504,0,480
F10800#F10697,245,252,498,0,480
F10800#F10707,264,246,511,0,480
F10800#F10277,255,249,504,0,480
F10800#F10079,251,259,511,0,480
F10800#F10098,267,248,516,0,480
F10800#F10045,261,256,517,0,480
F10800#F10183,255,243,499,0,480
F10800#F10290,270,251,521,0,480
F10800#F10353,259,253,512,0,480
F10800#F10608,256,247,503,0,480
F10800#F1024,262,246,509,0,480
F10800#F10175,255,259,515,0,480
F10800#F10039,255,250,506,0,480
F10800#F10281,262,266,529,0,480
F10800#F10808,257,253,511,0,480
F10800#F10042,257,257,515,0,480
F10800#F10488,276,294,571,0,480
F10800#F10239,265,302,567,0,480
F10800#F10552,265,291,557,0,480
F10800#F10822,365,310,676,0,480
F10800#F10186,264,265,530,0,480
F10800#F10263,276,259,535,0,480
F10800#F10685,269,258,528,0,480
F10800#F10097,261,256,517,0,480
F10800#F10041,283,275,558,0,480
F10800#F10231,271,250,522,0,480
F10800#F10383,273,253,526,0,480
F10800#F10392,288,248,536,0,480
F10800#F10106,269,260,529,0,480
F10800#F10019,286,260,547,0,480
F10800#F10082,273,271,545,0,480
F10800#F10592,270,256,526,0,480
F10800#F10011,283,272,556,0,480
F10800#F10048,271,263,534,0,480
F10800#F1033,286,251,538,0,480
F10800#F10040,276,265,541,0,480
F10800#F10631,286,265,552,0,480
F10800#F10065,288,333,621,0,480
F10800#F10233,292,258,550,0,480
F10800#F10250,295,256,552,0,480
F10800#F10639,274,267,542,0,480
F10800#F10622,278,254,532,0,480
F10800#F1106,289,253,543,0,480
F10800#F10260,276,255,531,0,480
F10800#F10157,291,261,552,0,480
F10800#F10984,277,260,538,0,480
F10800#F10110,292,263,556,0,480
F10800#F1049,300,246,547,0,480
F10800#F10062,284,268,552,0,480
F10800#F10090,298,268,567,0,480
F10800#F10197,284,256,541,0,480
F10800#F10180,300,264,565,0,480
F10800#F10194,286,295,582,0,480
F10800#F10116,308,326,635,0,480
F10800#F10423,341,265,607,0,480
F10800#F10584,307,254,562,0,480
F10800#F10435,341,322,663,0,480
F10800#F10017,356,303,660,0,480
F10800#F10027,303,277,580,0,480
F10800#F10095,283,289,573,0,480
F10800#F10049,304,269,574,0,480
F10800#F10181,283,269,553,0,480
F10800#F10324,300,272,572,0,480
F10800#F10764,281,254,536,0,480
F10800#F11431,290,278,568,0,480
F10800#F10360,281,256,538,0,480
F10800#F10688,278,251,529,0,480
F10800#F10067,295,267,563,0,480
F10800#F10252,278,261,539,0,480
F10800#F10227,297,256,554,0,480
F10800#F1009,280,263,543,0,480
F10800#F10109,295,268,564,0,480
F10800#F10074,286,269,556,0,480
F10800#F10084,303,270,573,0,480
F10800#F10318,284,263,548,0,480
F10800#F10119,298,269,568,0,480
F10800#F10185,286,264,550,0,480
F10800#F11093,302,255,557,0,480
F10800#F10288,287,261,549,0,480
F10800#F10412,305,278,583,0,480
F10800#F10929,287,261,549,0,480
F10800#F10871,299,258,557,0,480
F10800#F10243,296,260,557,0,480
F10800#F10008,308,268,577,0,480
F10800#F1017,287,256,544,0,480
F10800#F10245,321,269,591,0,480
F10800#F10913,288,251,539,0,480
F10800#F10070,300,277,577,0,480
F10800#F10522,387,279,666,0,480
F10800#F10587,287,259,547,0,480
F10800#F11237,311,249,561,0,480
F10800#F11664,298,255,554,0,480
F10800#F10001,297,289,586,0,480
F10800#F10125,319,255,574,0,480
F10800#F11102,307,249,557,0,480
F10800#F10425,295,259,554,0,480
F10800#F10718,305,248,554,0,480
F10800#F10689,313,252,566,0,480
F10800#F10167,293,261,554,0,480
F10800#F1015,298,262,561,0,480
F10800#F10215,307,253,561,0,480
F10800#F10518,304,250,554,0,480
F10800#F10050,297,265,563,0,480
F10800#F10665,309,249,558,0,480
F10800#F10477,304,252,558,0,480
F10800#F10173,299,274,573,0,480
F10800#F10007,305,271,576,0,480
F10800#F11813,316,253,569,0,480
F10800#F10229,313,255,568,0,480
F10800#F10209,321,262,583,0,480
F10800#F11048,300,250,550,0,480
F10800#F10446,313,287,601,0,480
F10800#F10026,318,308,627,0,480
F10800#F10322,318,258,577,0,480
F10800#F10232,318,255,574,0,480
F10800#F10000,310,323,634,0,480
F10800#F10123,379,255,635,0,480
F10800#F10208,325,269,594,0,480
F10800#F10009,301,269,571,0,480
F10800#F11541,323,272,596,0,480
F10800#F11400,322,292,615,0,480
F10800#F10172,309,280,590,0,480
F10800#F10101,389,283,673,0,480
F10800#F11925,344,254,599,0,480
F10800#F10799,325,256,582,0,480
F10800#F1082,328,255,584,0,480
F10800#F1077,319,250,570,0,480
F10800#F10524,332,253,586,0,480
F10800#F11045,329,254,583,0,480
F10800#F1027,322,266,588,0,480
F10800#F10448,329,293,623,0,480
F10800#F10127,314,263,578,0,480
F10800#F10134,325,259,585,0,480
F10800#F1130,336,249,586,0,480
F10800#F10258,334,257,592,0,480
F10800#F11386,337,265,603,0,480
F10800#F10156,318,264,582,0,480
F10800#F1018,333,259,593,0,480
F10800#F10078,329,260,590,0,480
F10800#F11186,333,259,593,0,480
F10800#F10025,335,283,619,0,480
F10800#F10882,319,277,596,0,480
F10800#F10935,324,251,576,0,480
F10800#F10212,340,265,606,0,480
F10800#F10129,338,269,607,0,480
F10800#F10332,334,267,602,0,480
F10800#F10321,336,280,617,0,480
F10800#F10076,326,282,609,0,480
F10800#F11545,327,279,607,0,480
F10800#F11096,336,260,597,0,480
F10800#F10060,357,278,635,0,480
F10800#F10164,349,272,622,0,480
F10800#F10389,347,277,624,0,480
F10800#F10133,365,272,638,0,480
F10800#F10248,335,288,623,0,480
F10800#F11487,334,284,618,0,480
F10800#F1016,394,338,732,0,480
F10800#F10442,359,283,642,0,480
F10800#F11185,346,257,603,0,480
F10800#F10242,352,267,619,0,480
F10800#F11334,347,275,622,0,480
F10800#F10291,346,266,613,0,480
F10800#F11405,334,306,641,0,480
F10800#F1069,339,300,640,0,480
F10800#F11584,355,281,637,0,480
F10800#F10733,352,265,618,0,480
F10800#F10476,355,270,626,0,480
F10800#F10842,361,272,633,0,480
F10800#F11211,351,262,614,0,480
F10800#F10128,356,270,627,0,480
F10800#F10105,354,285,640,0,480
F10800#F10273,355,267,623,0,480
F10800#F10284,353,276,629,0,480
F10800#F10028,340,297,638,0,480
F10800#F10554,349,280,630,0,480
F10800#F10058,359,285,645,0,480
F10800#F10439,347,282,630,0,480
F10800#F11134,363,273,636,0,480
F10800#F11785,353,280,633,0,480
F10800#F10093,362,287,649,0,480
F10800#F1108,364,278,642,0,480
F10800#F10574,360,265,626,0,480
F10800#F10553,364,278,643,0,480
F10800#F10333,362,273,636,0,480
F10800#F1085,362,263,626,0,480
F10800#F10295,358,277,636,0,480
F10800#F10262,361,276,638,0,480
F10800#F10148,367,300,668,0,480
F10800#F10486,362,277,639,0,480
F10800#F1051,366,274,641,0,480
F10800#F10075,360,289,650,0,480
F10800#F10137,369,278,647,0,480
F10800#F11306,367,265,633,0,480
F10800#F10840,366,271,637,0,480
F10800#F10144,369,281,650,0,480
F10800#F10030,368,287,655,0,480
F10800#F10682,377,273,650,0,480
F10800#F10003,364,299,663,0,480
F10800#F10331,361,301,662,0,480
F10800#F10803,366,289,655,0,480
F10800#F1004,368,291,660,0,480
F10800#F10569,356,285,642,0,480
F10800#F10051,360,303,664,0,480
F10800#F11141,368,285,654,0,480
F10800#F1310,367,288,655,0,480
F10800#F10363,363,298,661,0,480
F10800#F10677,377,281,659,0,480
F10800#F10753,377,279,656,0,480
F10800#F10196,377,290,667,0,480
F10800#F10251,391,287,679,0,480
F10800#F10473,385,289,674,0,480
F10800#F10327,389,281,670,0,480
F10800#F1081,386,271,657,0,480
F10800#F1007,388,301,689,0,480
F10800#F10969,396,285,682,0,480
F10800#F10107,396,298,695,0,480
F10800#F10359,382,285,668,0,480
F10800#F10002,381,308,690,0,480
F10800#F1008,502,285,787,0,480
F10800#F12082,392,289,681,0,480
F10800#F10059,383,306,690,0,480
F10800#F10269,390,291,682,0,480
F10800#F1105,383,276,659,0,480
F10800#F10184,392,301,693,0,480
F10800#F10701,391,284,676,0,480
F10800#F10883,392,282,674,0,480
F10800#F1057,389,292,682,0,480
F10800#F10071,383,315,698,0,480
F10800#F11041,394,283,677,0,480
F10800#F10203,388,296,685,0,480
F10800#F10352,388,295,684,0,480
F10800#F10168,393,300,694,0,480
F10800#F10461,401,289,691,0,480
F10800#F10145,397,295,693,0,480
F10800#F12033,396,293,690,0,480
F10800#F11179,401,288,690,0,480
F10800#F1,391,279,670,0,480
F10800#F11549,408,320,729,0,480
F10800#F10421,382,304,686,0,480
F10800#F10323,393,304,698,0,480
F10800#F10414,402,305,708,0,480
F10800#F12399,407,292,699,0,480
F10800#F10506,398,286,685,0,480
F10800#F10214,399,308,708,0,480
F10800#F11320,408,292,700,0,480
F10800#F10010,405,369,775,0,480
F10800#F10104,399,421,821,0,480
F10800#F10155,411,299,712,0,480
F10800#F10092,413,314,727,0,480
F10800#F11651,404,313,718,0,480
F10800#F1092,403,285,688,0,480
F10800#F10694,404,294,699,0,480
F10800#F10315,404,302,707,0,480
F10800#F13306,405,330,737,0,480
F10800#F11189,402,296,699,0,480
F10800#F10870,415,296,712,0,480
F10800#F12921,411,292,703,0,480
F10800#F10368,412,308,720,0,480
F10800#F11040,416,293,710,0,480
F10800#F10329,413,321,735,0,480
F10800#F12863,414,301,716,0,480
F10800#F10495,419,302,722,0,480
F10800#F11627,414,319,734,0,480
F10800#F10408,407,305,713,0,480
F10800#F11449,415,325,740,0,480
F10800#F10206,411,314,726,0,480
F10800#F10047,419,323,742,0,480
F10800#F10021,418,317,736,0,480
F10800#F10815,418,300,719,0,480
F10800#F10760,416,300,717,0,480
F10800#F11133,414,312,727,0,480
F10800#F10557,421,311,733,0,480
F10800#F10163,419,308,728,0,480
F10800#F10570,419,317,737,0,480
F10800#F10440,429,326,756,0,480
F10800#F10234,539,325,865,0,480
F10800#F10372,423,316,739,0,480
F10800#F10279,430,317,748,0,480
F10800#F11514,434,321,756,0,480
F10800#F10668,428,299,728,0,480
F10800#F10371,432,319,752,0,480
F10800#F1072,425,296,722,0,480
F10800#F10662,422,309,732,0,480
F10800#F10226,426,318,745,0,480
F10800#F10743,430,314,744,0,480
F10800#F10727,431,309,741,0,480
F10800#F10745,430,310,740,0,480
F10800#F11201,426,318,745,0,480
F10800#F11168,437,324,761,0,480
F10800#F10910,428,310,739,0,480
F10800#F1076,436,300,737,0,480
F10800#F11335,433,326,759,0,480
F10800#F10299,430,332,763,0,480
F10800#F10,431,299,730,0,480
F10800#F10404,434,318,752,0,480
F10800#F10526,434,318,752,0,480
F10800#F10514,448,306,755,0,480
F10800#F11910,434,324,759,0,480
F10800#F10064,441,341,782,0,480
F10800#F10972,437,320,757,0,480
F10800#F10676,476,370,847,0,480
F10800#F10117,438,340,779,0,480
F10800#F12634,442,325,767,0,480
F10800#F12273,446,313,760,0,480
F10800#F10857,439,313,753,0,480
F10800#F101,448,301,750,0,480
F10800#F10276,442,337,780,0,480
F10800#F10287,443,327,770,0,480
F10800#F10241,446,328,775,0,480
F10800#F10462,445,338,783,0,480
F10800#F1078,444,336,781,0,480
F10800#F11011,444,313,758,0,480
F10800#F10531,457,318,776,0,480
F10800#F13022,447,326,773,0,480
F10800#F10597,451,319,771,0,480
F10800#F10147,453,327,781,0,480
F10800#F10765,459,306,765,0,480
F10800#F11799,449,327,776,0,480
F10800#F10348,448,337,786,0,480
F10800#F12069,453,329,783,0,480
F10800#F11904,449,328,778,0,480
F10800#F11445,453,348,801,0,480
F10800#F11057,460,313,773,0,480
F10800#F1006,452,324,777,0,480
F10800#F12019,468,324,793,0,480
F10800#F11318,477,384,861,0,480
F10800#F11696,460,339,799,0,480
F10800#F10610,456,335,792,0,480
F10800#F10536,454,337,791,0,480
F10800#F10036,464,344,809,0,480
F10800#F10015,455,356,811,0,480
F10800#F10063,466,357,824,0,480
F10800#F10224,466,334,800,0,480
F10800#F11707,464,352,817,0,480
F10800#F10024,463,343,806,0,480
F10800#F10171,468,350,819,0,480
F10800#F11401,465,381,846,0,480
F10800#F10111,472,351,824,0,480
F10800#F1304,477,323,800,0,480
F10800#F10308,460,334,794,0,480
F10800#F10751,478,326,805,0,480
F10800#F13266,468,361,831,0,480
F10800#F10364,468,356,824,0,480
F10800#F12073,471,338,810,0,480
F10800#F10683,470,331,802,0,480
F10800#F10280,474,345,819,0,480
F10800#F10585,467,324,792,0,480
F10800#F12593,476,332,808,0,480
F10800#F10388,487,340,828,0,480
F10800#F12736,474,331,806,0,480
F10800#F10887,462,335,798,0,480
F10800#F10679,571,327,898,0,480
F10800#F10415,486,342,829,0,480
F10800#F12681,468,329,797,0,480
F10800#F12061,478,339,818,0,480
F10800#F10872,486,353,840,0,480
F10800#F12326,478,337,816,0,480
F10800#F1114,489,322,811,0,480
F10800#F10089,477,365,842,0,480
F10800#F13191,499,350,850,0,480
F10800#F12339,474,332,806,0,480
F10800#F12518,481,343,824,0,480
F10800#F10632,482,333,816,0,480
F10800#F10091,487,359,847,0,480
F10800#F106,483,318,801,0,480
F10800#F1210,486,363,850,0,480
F10800#F10951,490,338,828,0,480
F10800#F11088,479,333,812,0,480
F10800#F10643,500,336,837,0,480
F10800#F10044,486,359,846,0,480
F10800#F10382,497,355,853,0,480
F10800#F11036,479,353,833,0,480
F10800#F10238,503,352,855,0,480
F10800#F10519,478,345,823,0,480
F10800#F13525,493,462,956,0,480
F10800#F11706,497,368,865,0,480
F10800#F11119,495,337,833,0,480
F10800#F11553,482,364,846,0,480
F10800#F10361,500,352,853,0,480
F10800#F13916,493,354,848,0,480
F10800#F13738,503,392,896,0,480
F10800#F12037,492,353,846,0,480
F10800#F227,506,333,840,0,480
F10800#F10831,488,345,834,0,480
F10800#F10907,499,346,846,0,480
F10800#F12030,494,352,847,0,480
F10800#F10577,498,348,846,0,480
F10800#F10356,497,349,847,0,480
F10800#F10188,506,356,862,0,480
F10800#F10034,499,375,875,0,480
F10800#F13740,495,359,855,0,480
F10800#F10699,502,353,855,0,480
F10800#F1143,502,361,863,0,480
F10800#F10192,510,361,872,0,480
F10800#F149,494,332,827,0,480
F10800#F11519,508,372,880,0,480
F10800#F10604,503,349,852,0,480
F10800#F1062,513,438,951,0,480
F10800#F10549,510,362,873,0,480
F10800#F10455,509,363,873,0,480
F10800#F11286,499,357,857,0,480
F10800#F1093,506,345,851,0,480
F10800#F11336,509,370,879,0,480
F10800#F10510,505,349,854,0,480
F10800#F11015,516,355,872,0,480
F10800#F10489,512,412,925,0,480
F10800#F12672,511,354,866,0,480
F10800#F14039,524,363,887,0,480
F10800#F10309,511,363,875,0,480
F10800#F1265,514,355,869,0,480
F10800#F10411,506,376,882,0,480
F10800#F17457,508,352,861,0,480
F10800#F11108,521,353,875,0,480
F10800#F12956,511,350,862,0,480
F10800#F13,522,343,866,0,480
F10800#F11887,518,374,893,0,480
F10800#F10786,506,350,856,0,480
F10800#F10346,522,400,923,0,480
F10800#F12908,520,371,891,0,480
F10800#F12527,516,364,881,0,480
F10800#F11497,612,386,999,0,480
F10800#F10521,517,359,877,0,480
F10800#F10556,524,357,881,0,480
F10800#F11856,523,383,907,0,480
F10800#F12225,516,362,878,0,480
F10800#F12713,530,358,889,0,480
F10800#F14,519,355,875,0,480
F10800#F12589,520,370,891,0,480
F10800#F10853,521,371,893,0,480
F10800#F11841,528,385,914,0,480
F10800#F11573,518,390,909,0,480
F10800#F15109,525,357,882,0,480
F10800#F10325,527,382,910,0,480
F10800#F10725,528,363,891,0,480
F10800#F10142,534,367,901,0,480
F10800#F1001,527,382,910,0,480
F10800#F10982,538,367,906,0,480
F10800#F11602,528,396,925,0,480
F10800#F10335,527,381,909,0,480
F10800#F1145,526,366,893,0,480
F10800#F13110,544,411,956,0,480
F10800#F10046,537,474,1012,0,480
F10800#F12617,619,380,999,0,480
F10800#F10160,538,378,916,0,480
F10800#F1039,537,360,898,0,480
F10800#F10520,545,369,915,0,480
F10800#F11787,544,385,930,0,480
F10800#F10006,542,405,947,0,480
F10800#F11647,535,407,943,0,480
F10800#F14240,543,373,916,0,480
F10800#F10900,543,365,910,0,480
F10800#F1535,553,377,931,0,480
F10800#F10246,534,387,922,0,480
F10800#F10931,541,373,915,0,480
F10800#F12311,539,374,913,0,480
F10800#F13755,536,395,931,0,480
F10800#F12788,538,379,918,0,480
F10800#F12264,558,378,937,0,480
F10800#F11149,549,374,923,0,480
F10800#F11322,549,386,936,0,480
F10800#F163,549,395,945,0,480
F10800#F10394,552,392,944,0,480
F10800#F10681,566,373,939,0,480
F10800#F12338,545,394,939,0,480
F10800#F11049,548,472,1021,0,480
F10800#F1019,568,384,953,0,480
F10800#F21737,553,410,964,0,480
F10800#F10977,546,387,934,0,480
F10800#F10154,541,397,939,0,480
F10800#F10431,558,403,962,0,480
F10800#F17002,553,390,943,0,480
F10800#F10758,553,399,953,0,480
F10800#F11251,553,405,959,0,480
F10800#F1013,546,397,943,0,480
F10800#F11257,554,423,978,0,480
F10800#F11153,570,397,968,0,480
F10800#F12624,561,395,957,0,480
F10800#F11177,548,383,932,0,480
F10800#F10740,563,394,958,0,480
F10800#F1098,571,385,957,0,480
F10800#F11737,566,423,990,0,480
F10800#F11158,555,396,951,0,480
F10800#F10005,555,431,987,0,480
F10800#F10100,551,426,978,0,480
F10800#F10904,632,430,1063,0,480
F10800#F12422,558,395,954,0,480
F10800#F10564,579,390,969,0,480
F10800#F11790,564,421,986,0,480
F10800#F12631,558,388,947,0,480
F10800#F13161,572,465,1038,0,480
F10800#F8417,574,392,967,0,480
F10800#F1330,568,387,956,0,480
F10800#F2589,561,440,1002,0,480
F10800#F10393,583,421,1005,0,480
F10800#F14484,563,400,964,0,480
F10800#F12413,572,396,969,0,480
F10800#F14481,579,394,974,0,480
F10800#F12461,573,398,972,0,480
F10800#F2559,572,469,1042,0,480
F10800#F13551,565,448,1013,0,480
F10800#F25159,567,417,985,0,480
F10800#F145,566,381,948,0,480
F10800#F14751,574,402,976,0,480
F10800#F10182,583,415,999,0,480
F10800#F1263,574,393,967,0,480
F10800#F10162,680,428,1109,0,480
F10800#F10594,585,441,1026,0,480
F10800#F13852,604,423,1027,0,480
F10800#F10018,587,438,1026,0,480
F10800#F12817,574,399,974,0,480
F10800#F11903,577,430,1007,0,480
F10800#F17744,571,415,987,0,480
F10800#F10118,571,445,1017,0,480
F10800#F2514,584,409,994,0,480
F10800#F2091,588,406,994,0,480
F10800#F107,581,392,973,0,480
F10800#F1726,584,403,987,0,480
F10800#F10254,594,424,1019,0,480
F10800#F14508,581,408,990,0,480
F10800#F17448,588,415,1004,0,480
F10800#F10400,582,437,1019,0,480
F10800#F12007,583,445,1028,0,480
F10800#F11704,576,448,1025,0,480
F10800#F12297,577,421,999,0,480
F10800#F10491,586,506,1092,0,480
F10800#F10406,596,428,1024,0,480
F10800#F3204,593,409,1003,0,480
F10800#F10085,601,446,1048,0,480
F10800#F10706,611,414,1025,0,480
F10800#F10986,593,429,1022,0,480
F10800#F10149,596,434,1031,0,480
F10800#F10708,594,413,1008,0,480
F10800#F12781,612,413,1026,0,480
F10800#F11120,602,417,1020,0,480
F10800#F1175,595,447,1042,0,480
F10800#F11682,587,458,1046,0,480
F10800#F232,593,408,1002,0,480
F10800#F14042,596,452,1049,0,480
F10800#F100,601,406,1007,0,480
F10800#F194,585,431,1016,0,480
F10800#F10540,598,428,1026,0,480
F10800#F13539,593,467,1061,0,480
F10800#F11713,595,481,1076,0,480
F10800#F10135,592,447,1039,0,480
F10800#F1334,599,510,1110,0,480
F10800#F11389,595,447,1042,0,480
F10800#F14244,598,423,1021,0,480
F10800#F12753,599,441,1041,0,480
F10800#F11939,603,453,1057,0,480
F10800#F12362,600,425,1026,0,480
F10800#F15257,598,430,1028,0,480
F10800#F10365,598,445,1044,0,480
F10800#F14911,602,423,1026,0,480
F10800#F2420,597,429,1026,0,480
F10800#F10122,604,460,1064,0,480
F10800#F15101,600,431,1032,0,480
F10800#F10410,603,448,1052,0,480
F10800#F3707,606,427,1033,0,480
F10800#F1084,613,420,1034,0,480
F10800#F10108,612,465,1078,0,480
F10800#F10375,619,443,1062,0,480
F10800#F12484,611,434,1045,0,480
F10800#F13371,609,457,1066,0,480
F10800#F10451,691,465,1157,0,480
F10800#F1229,626,434,1061,0,480
F10800#F13681,618,450,1069,0,480
F10800#F15677,624,473,1098,0,480
F10800#F10052,626,466,1093,0,480
F10800#F10056,619,488,1107,0,480
F10800#F10264,635,448,1083,0,480
F10800#F11564,638,465,1104,0,480
F10800#F10981,625,429,1055,0,480
F10800#F12223,609,434,1044,0,480
F10800#F4578,615,482,1097,0,480
F10800#F12973,608,438,1047,0,480
F10800#F13021,613,443,1057,0,480
F10800#F6733,610,482,1093,0,480
F10800#F16095,626,460,1086,0,480
F10800#F10891,621,435,1056,0,480
F10800#F11730,630,471,1101,0,480
F10800#F1594,642,482,1125,0,480
F10800#F2096,644,507,1151,0,480
F10800#F1054,629,429,1058,0,480
F10800#F1325,630,428,1058,0,480
F10800#F1037,636,434,1071,0,480
F10800#F10593,636,464,1101,0,480
F10800#F12970,626,461,1088,0,480
F10800#F1434,628,521,1149,0,480
F10800#F3784,653,441,1094,0,480
F10800#F16600,635,456,1091,0,480
F10800#F11566,645,478,1123,0,480
F10800#F12189,650,439,1090,0,480
F10800#F36349,632,444,1077,0,480
F10800#F2670,649,473,1123,0,480
F10800#F11026,628,453,1081,0,480
F10800#F12701,625,455,1081,0,480
F10800#F12594,638,446,1085,0,480
F10800#F10401,658,461,1119,0,480
F10800#F2592,659,478,1137,0,480
F10800#F1147,675,488,1164,0,480
F10800#F10835,668,434,1102,0,480
F10800#F11106,645,461,1106,0,480
F10800#F10849,636,450,1087,0,480
F10800#F1200,651,475,1126,0,480
F10800#F1543,658,441,1100,0,480
F10800#F12730,646,448,1094,0,480
F10800#F3590,645,442,1088,0,480
F10800#F13683,660,531,1192,0,480
F10800#F2086,650,451,1101,0,480
F10800#F15864,653,490,1144,0,480
F10800#F1497,655,439,1095,0,480
F10800#F13939,651,469,1121,0,480
F10800#F1706,660,433,1094,0,480
F10800#F13766,641,483,1124,0,480
F10800#F10500,657,449,1107,0,480
F10800#F2442,653,445,1099,0,480
F10800#F17310,664,466,1131,0,480
F10800#F141,662,433,1095,0,480
F10800#F1152,749,452,1201,0,480
F10800#F10956,655,461,1117,0,480
F10800#F2352,657,475,1132,0,480
F10800#F4089,654,469,1123,0,480
F10800#F11378,657,558,1216,0,480
F10800#F1748,659,464,1124,0,480
F10800#F11409,662,514,1177,0,480
F10800#F10114,662,502,1165,0,480
F10800#F10310,670,541,1212,0,480
F10800#F10560,666,470,1136,0,480
F10800#F10083,660,506,1166,0,480
F10800#F2198,667,459,1127,0,480
F10800#F11304,661,457,1119,0,480
F10800#F2843,662,449,1112,0,480
F10800#F1179,668,505,1173,0,480
F10800#F12727,664,458,1123,0,480
F10800#F1861,660,453,1113,0,480
F10800#F11272,770,497,1267,0,480
F10800#F11423,662,516,1178,0,480
F10800#F1583,674,442,1117,0,480
F10800#F10219,676,483,1160,0,480
F10800#F2222,671,515,1186,0,480
F10800#F11253,669,479,1149,0,480
F10800#F20623,671,467,1138,0,480
F10800#F12537,677,468,1146,0,480
F10800#F11989,676,495,1171,0,480
F10800#F15689,677,507,1185,0,480
F10800#F4642,681,480,1162,0,480
F10800#F11488,667,509,1177,0,480
F10800#F18169,682,476,1158,0,480
F10800#F10881,687,471,1159,0,480
F10800#F10130,687,495,1182,0,480
F10800#F2004,694,501,1195,0,480
F10800#F2136,669,476,1146,0,480
F10800#F1826,771,465,1236,0,480
F10800#F10452,687,547,1235,0,480
F10800#F1814,679,448,1128,0,480
F10800#F4445,693,544,1237,0,480
F10800#F11631,674,512,1187,0,480
F10800#F13296,682,535,1218,0,480
F10800#F3745,695,460,1156,0,480
F10800#F4373,684,470,1155,0,480
F10800#F13906,680,498,1178,0,480
F10800#F2509,689,476,1166,0,480
F10800#F1236,711,519,1230,0,480
F10800#F2778,690,467,1157,0,480
F10800#F12960,683,473,1156,0,480
F10800#F17275,692,469,1162,0,480
F10800#F11450,690,535,1225,0,480
F10800#F11161,688,488,1177,0,480
F10800#F1686,693,481,1175,0,480
F10800#F454,758,498,1257,0,480
F10800#F16986,698,476,1175,0,480
F10800#F3822,706,527,1234,0,480
F10800#F1663,690,503,1193,0,480
F10800#F1189,686,504,1191,0,480
F10800#F557,695,524,1219,0,480
F10800#F197,684,489,1174,0,480
F10800#F1140,697,460,1157,0,480
F10800#F2251,695,521,1216,0,480
F10800#F3520,692,503,1196,0,480
F10800#F1073,691,472,1165,0,480
F10800#F4268,699,492,1191,0,480
F10800#F2322,696,496,1192,0,480
F10800#F2826,708,471,1180,0,480
F10800#F29476,698,501,1199,0,480
F10800#F2400,706,476,1182,0,480
F10800#F1090,715,564,1280,0,480
F10800#F1020,704,497,1202,0,480
F10800#F12562,711,488,1199,0,480
F10800#F1195,706,579,1286,0,480
F10800#F4702,705,493,1199,0,480
F10800#F15971,707,537,1245,0,480
F10800#F1060,710,485,1196,0,480
F10800#F11929,708,498,1207,0,480
F10800#F12542,704,490,1195,0,480
F10800#F255,708,457,1166,0,480
F10800#F2870,702,478,1181,0,480
F10800#F15856,720,545,1265,0,480
F10800#F222,714,461,1176,0,480
F10800#F2202,720,494,1215,0,480
F10800#F11946,720,498,1219,0,480
F10800#F15343,709,516,1225,0,480
F10800#F11577,709,535,1244,0,480
F10800#F2300,711,595,1306,0,480
F10800#F10038,717,541,1259,0,480
F10800#F11712,707,536,1244,0,480
F10800#F10539,710,502,1212,0,480
F10800#F331,724,505,1230,0,480
F10800#F13854,715,535,1250,0,480
F10800#F11699,716,540,1256,0,480
F10800#F10617,716,506,1223,0,480
F10800#F12906,714,494,1209,0,480
F10800#F5444,722,518,1241,0,480
F10800#F4431,721,591,1312,0,480
F10800#F11734,717,548,1266,0,480
F10800#F6715,717,544,1262,0,480
F10800#F2035,720,488,1209,0,480
F10800#F21178,727,494,1221,0,480
F10800#F13318,735,555,1291,0,480
F10800#F125,828,505,1334,0,480
F10800#F3500,787,504,1291,0,480
F10800#F1612,734,543,1277,0,480
F10800#F11175,748,522,1270,0,480
F10800#F153,739,513,1253,0,480
F10800#F198,733,521,1254,0,480
F10800#F11702,730,555,1286,0,480
F10800#F1150,728,506,1234,0,480
F10800#F1040,733,489,1223,0,480
F10800#F11429,735,554,1289,0,480
F10800#F2860,733,499,1233,0,480
F10800#F93,734,486,1220,0,480
F10800#F11162,737,504,1242,0,480
F10800#F2092,769,501,1271,0,480
F10800#F3586,1246,504,1750,0,480
F10800#F2233,831,555,1386,0,480
F10800#F1709,756,498,1254,0,480
F10800#F7536,733,522,1255,0,480
F10800#F10103,734,570,1305,0,480
F10800#F13310,745,586,1332,0,480
F10800#F1444,740,533,1273,0,480
F10800#F1890,758,557,1315,0,480
F10800#F2999,737,562,1300,0,480
F10800#F7631,739,504,1244,0,480
F10800#F2528,755,503,1259,0,480
F10800#F1480,739,532,1272,0,480
F10800#F10386,753,529,1283,0,480
F10800#F14939,739,527,1266,0,480
F10800#F3399,746,528,1276,0,480
F10800#F13924,757,541,1298,0,480
F10800#F14232,769,517,1287,0,480
F10800#F10806,843,510,1354,0,480
F10800#F4879,742,521,1264,0,480
F10800#F11950,742,537,1280,0,480
F10800#F10909,752,513,1266,0,480
F10800#F2416,762,504,1266,0,480
F10800#F17029,751,516,1268,0,480
F10800#F14678,770,523,1294,0,480
F10800#F12100,747,535,1282,0,480
F10800#F14593,761,513,1275,0,480
F10800#F4104,754,549,1304,0,480
F10800#F192,752,522,1275,0,480
F10800#F12187,749,529,1279,0,480
F10800#F3574,752,510,1262,0,480
F10800#F12740,767,519,1287,0,480
F10800#F18504,754,611,1366,0,480
F10800#F1237,844,549,1393,0,480
F10800#F171,762,566,1328,0,480
F10800#F2546,752,519,1271,0,480
F10800#F1164,767,586,1354,0,480
F10800#F2140,762,518,1280,0,480
F10800#F244,758,508,1267,0,480
F10800#F2657,756,534,1290,0,480
F10800#F6297,751,569,1321,0,480
F10800#F15098,781,525,1307,0,480
F10800#F1066,760,501,1262,0,480
F10800#F1415,772,569,1342,0,480
F10800#F675,755,514,1270,0,480
F10800#F6415,757,519,1277,0,480
F10800#F5545,773,534,1308,0,480
F10800#F14215,764,541,1305,0,480
F10800#F6083,778,536,1315,0,480
F10800#F4802,849,585,1435,0,480
F10800#F3288,779,598,1378,0,480
F10800#F3579,777,524,1301,0,480
F10800#F1562,786,516,1303,0,480
F10800#F3763,778,546,1324,0,480
F10800#F12700,769,532,1301,0,480
F10800#F12179,781,557,1338,0,480
F10800#F5392,780,565,1345,0,480
F10800#F1231,784,590,1374,0,480
F10800#F2747,783,516,1300,0,480
F10800#F1443,768,556,1325,0,480
F10800#F11982,774,572,1346,0,480
F10800#F12166,780,556,1336,0,480
F10800#F14907,792,530,1322,0,480
F10800#F118,773,632,1406,0,480
F10800#F10838,789,550,1339,0,480
F10800#F1416,793,601,1395,0,480
F10800#F1324,791,513,1304,0,480
F10800#F1303,775,525,1301,0,480
F10800#F3222,788,531,1319,0,480
F10800#F14267,789,536,1326,0,480
F10800#F2398,788,518,1307,0,480
F10800#F13721,801,570,1372,0,480
F10800#F352,793,497,1290,0,480
F10800#F10138,776,551,1327,0,480
F10800#F1367,801,523,1324,0,480
F10800#F1560,781,542,1324,0,480
F10800#F12600,780,543,1324,0,480
F10800#F19934,790,558,1348,0,480
F10800#F16013,808,657,1466,0,480
F10800#F1297,795,529,1324,0,480
F10800#F10004,787,629,1417,0,480
F10800#F1527,802,526,1329,0,480
F10800#F1799,802,524,1326,0,480
F10800#F1419,798,568,1367,0,480
F10800#F13444,791,591,1383,0,480
F10800#F2103,793,531,1325,0,480
F10800#F10407,790,557,1347,0,480
F10800#F11495,796,592,1388,0,480
F10800#F1397,805,603,1409,0,480
F10800#F9126,802,542,1345,0,480
F10800#F4750,789,571,1361,0,480
F10800#F313,804,543,1347,0,480
F10800#F2203,802,526,1329,0,480
F10800#F10971,908,544,1452,0,480
F10800#F1041,795,542,1337,0,480
F10800#F2001,793,560,1354,0,480
F10800#F19877,805,687,1492,0,480
F10800#F2977,793,584,1377,0,480
F10800#F5553,818,545,1364,0,480
F10800#F10456,806,570,1376,0,480
F10800#F12637,807,552,1359,0,480
F10800#F16376,818,583,1402,0,480
F10800#F11738,804,600,1404,0,480
F10800#F12321,797,540,1337,0,480
F10800#F7068,821,547,1369,0,480
F10800#F2527,816,531,1348,0,480
F10800#F2274,816,582,1398,0,480
F10800#F2616,807,615,1422,0,480
F10800#F2642,917,560,1478,0,480
F10800#F2893,816,549,1366,0,480
F10800#F6014,816,599,1416,0,480
F10800#F14494,838,608,1447,0,480
F10800#F14651,819,547,1367,0,480
F10800#F6964,822,570,1392,0,480
F10800#F7472,819,569,1389,0,480
F10800#F10054,824,613,1438,0,480
F10800#F1509,805,540,1345,0,480
F10800#F553,805,537,1343,0,480
F10800#F10714,820,547,1368,0,480
F10800#F13385,816,662,1479,0,480
F10800#F1169,827,581,1409,0,480
F10800#F4415,830,553,1383,0,480
F10800#F1530,1195,552,1748,0,480
F10800#F2913,841,542,1384,0,480
F10800#F11180,814,545,1360,0,480
F10800#F4308,1008,793,1802,0,480
F10800#F10057,869,763,1633,0,480
F10800#F1031,849,624,1474,0,480
F10800#F1388,848,602,1451,0,480
F10800#F1787,851,602,1454,0,480
F10800#F6861,860,625,1485,0,480
F10800#F1561,872,609,1482,0,480
F10800#F11062,859,595,1454,0,480
F10800#F1146,863,592,1455,0,480
F10800#F3298,865,695,1560,0,480
F10800#F18432,1103,715,1818,0,480
F10800#F3742,863,585,1449,0,480
F10800#F4761,865,618,1484,0,480
F10800#F2718,873,616,1489,0,480
F10800#F10868,855,608,1464,0,480
F10800#F1602,884,737,1622,0,480
F10800#F7790,871,598,1469,0,480
F10800#F10812,859,614,1474,0,480
F10800#F10278,860,624,1485,0,480
F10800#F10967,863,608,1471,0,480
F10800#F1097,858,587,1445,0,480
F10800#F2070,869,591,1461,0,480
F10800#F13619,891,642,1534,0,480
F10800#F359,1320,585,1906,0,480
F10800#F8710,868,622,1490,0,480
F10800#F3835,868,600,1468,0,480
F10800#F11551,896,678,1575,0,480
F10800#F1681,877,658,1536,0,480
F10800#F10603,873,599,1473,0,480
F10800#F1086,871,681,1553,0,480
F10800#F1693,913,628,1541,0,480
F10800#F4497,865,669,1534,0,480
F10800#F10641,875,619,1495,0,480
F10800#F2327,887,630,1517,0,480
F10800#F689,883,590,1474,0,480
F10800#F6145,874,619,1494,0,480
F10800#F6908,1238,731,1969,0,480
F10800#F16316,871,633,1505,0,480
F10800#F4031,874,629,1504,0,480
F10800#F3488,879,624,1503,0,480
F10800#F4168,886,606,1493,0,480
F10800#F12247,885,604,1490,0,480
F10800#F1828,879,590,1469,0,480
F10800#F10976,888,660,1548,0,480
F10800#F8247,914,600,1514,0,480
F10800#F1985,886,633,1520,0,480
F10800#F179,891,613,1505,0,480
F10800#F1523,893,611,1504,0,480
F10800#F4040,896,621,1517,0,480
F10800#F2429,905,667,1572,0,480
F10800#F5029,978,639,1618,0,480
F10800#F6177,907,638,1545,0,480
F10800#F7885,880,639,1519,0,480
F10800#F5517,898,619,1518,0,480
F10800#F4204,887,608,1496,0,480
F10800#F18393,905,758,1663,0,480
F10800#F2413,930,768,1699,0,480
F10800#F10207,942,647,1590,0,480
F10800#F1348,891,604,1495,0,480
F10800#F12378,901,634,1536,0,480
F10800#F10925,905,625,1531,0,480
F10800#F977,899,633,1533,0,480
F10800#F3939,1089,769,1858,0,480
F10800#F6290,900,628,1529,0,480
F10800#F4402,1151,651,1803,0,480
F10800#F2750,1017,822,1840,0,480
F10800#F10530,1185,690,1876,0,480
F10800#F1766,908,624,1532,0,480
F10800#F14714,921,636,1558,0,480
F10800#F8614,907,700,1608,0,480
F10800#F11044,923,726,1650,0,480
F10800#F2817,900,630,1530,0,480
F10800#F6420,918,628,1546,0,480
F10800#F4097,923,654,1578,0,480
F10800#F4699,1196,653,1849,0,480
F10800#F2714,917,662,1580,0,480
F10800#F10023,902,690,1593,0,480
F10800#F3498,959,654,1614,0,480
F10800#F1138,935,613,1549,0,480
F10800#F12129,923,635,1559,0,480
F10800#F10358,914,655,1569,0,480
F10800#F1337,920,617,1538,0,480
F10800#F12330,908,642,1550,0,480
F10800#F10013,932,687,1620,0,480
F10800#F10480,918,662,1580,0,480
F10800#F7756,931,628,1559,0,480
F10800#F590,916,797,1714,0,480
F10800#F2872,969,636,1605,0,480
F10800#F7025,933,658,1592,0,480
F10800#F3547,915,636,1552,0,480
F10800#F1457,947,761,1708,0,480
F10800#F6116,921,678,1600,0,480
F10800#F12292,934,648,1583,0,480
F10800#F9689,930,634,1565,0,480
F10800#F1877,940,767,1707,0,480
F10800#F5810,926,644,1570,0,480
F10800#F1112,944,626,1571,0,480
F10800#F801,977,664,1642,0,480
F10800#F1056,946,626,1573,0,480
F10800#F4957,1054,651,1706,0,480
F10800#F8620,925,671,1597,0,480
F10800#F217,938,636,1575,0,480
F10800#F2173,931,642,1573,0,480
F10800#F4217,950,663,1613,0,480
F10800#F12059,980,670,1651,0,480
F10800#F1903,942,691,1633,0,480
F10800#F1043,942,630,1573,0,480
F10800#F4855,935,644,1579,0,480
F10800#F5475,938,670,1609,0,480
F10800#F9163,951,670,1622,0,480
F10800#F1608,938,695,1633,0,480
F10800#F21,963,761,1725,0,480
F10800#F6691,952,782,1735,0,480
F10800#F172,942,687,1629,0,480
F10800#F1774,948,638,1587,0,480
F10800#F11238,949,649,1598,0,480
F10800#F2707,943,776,1719,0,480
F10800#F1997,957,664,1622,0,480
F10800#F1234,950,659,1610,0,480
F10800#F3677,954,649,1604,0,480
F10800#F5021,959,651,1611,0,480
F10800#F7114,970,656,1626,0,480
F10800#F2443,944,646,1590,0,480
F10800#F1226,968,745,1714,0,480
F10800#F3316,1068,702,1771,0,480
F10800#F4910,950,660,1610,0,480
F10800#F111,962,621,1584,0,480
F10800#F10823,973,677,1650,0,480
F10800#F7119,963,648,1612,0,480
F10800#F1692,960,671,1632,0,480
F10800#F13914,1011,689,1700,0,480
F10800#F3165,959,641,1601,0,480
F10800#F690,980,642,1623,0,480
F10800#F3581,971,664,1635,0,480
F10800#F6767,953,724,1677,0,480
F10800#F2018,963,825,1788,0,480
F10800#F1455,980,786,1767,0,480
F10800#F8155,965,676,1641,0,480
F10800#F1100,967,661,1628,0,480
F10800#F466,982,649,1632,0,480
F10800#F7598,976,679,1655,0,480
F10800#F5120,974,716,1690,0,480
F10800#F3337,991,742,1733,0,480
F10800#F2105,979,716,1696,0,480
F10800#F4611,975,699,1674,0,480
F10800#F12006,971,737,1709,0,480
F10800#F10807,983,680,1664,0,480
F10800#F49,977,672,1649,0,480
F10800#F5909,1047,769,1816,0,480
F10800#F17381,981,874,1856,0,480
F10800#F4292,977,676,1654,0,480
F10800#F4581,975,805,1780,0,480
F10800#F2929,980,683,1663,0,480
F10800#F14754,983,706,1689,0,480
F10800#F1713,981,681,1662,0,480
F10800#F3179,996,693,1689,0,480
F10800#F2258,1000,749,1750,0,480
F10800#F1747,986,672,1659,0,480
F10800#F584,977,724,1702,0,480
F10800#F9968,997,928,1926,0,480
F10800#F1255,998,705,1704,0,480
F10800#F10696,993,807,1800,0,480
F10800#F1574,1006,674,1681,0,480
F10800#F14468,993,703,1697,0,480
F10800#F1941,998,715,1713,0,480
F10800#F1786,1017,698,1715,0,480
F10800#F3416,1005,722,1728,0,480
F10800#F1808,1009,755,1765,0,480
F10800#F4425,1033,834,1867,0,480
F10800#F1954,1029,723,1753,0,480
F10800#F4666,1043,791,1834,0,480
F10800#F11249,1027,715,1743,0,480
F10800#F7187,1026,694,1720,0,480
F10800#F1611,1027,752,1780,0,480
F10800#F602,1068,706,1776,0,480
F10800#F45,1035,676,1711,0,480
F10800#F6512,1027,704,1731,0,480
F10800#F10267,1027,751,1779,0,480
F10800#F187,1024,724,1749,0,480
F10800#F3193,1022,699,1722,0,480
F10800#F1000,1040,744,1784,0,480
F10800#F3141,1025,733,1759,0,480
F10800#F8681,1151,767,1919,0,480
F10800#F2396,1043,714,1758,0,480
F10800#F1504,1038,713,1752,0,480
F10800#F430,1029,786,1815,0,480
F10800#F1345,1055,691,1747,0,480
F10800#F1154,1034,712,1747,0,480
F10800#F10073,1026,793,1819,0,480
F10800#F1909,1041,769,1810,0,480
F10800#F2603,1040,776,1816,0,480
F10800#F1401,1037,863,1901,0,480
F10800#F1125,1039,721,1761,0,480
F10800#F1689,1115,754,1870,0,480
F10800#F1032,1048,705,1754,0,480
F10800#F7933,1030,730,1760,0,480
F10800#F1135,1032,686,1719,0,480
F10800#F2265,1058,796,1855,0,480
F10800#F1725,1078,710,1788,0,480
F10800#F3214,1061,715,1777,0,480
F10800#F10583,1063,724,1788,0,480
F10800#F2166,1056,730,1786,0,480
F10800#F7267,1055,880,1936,0,480
F10800#F9099,1062,739,1801,0,480
F10800#F651,1182,704,1887,0,480
F10800#F240,1062,681,1744,0,480
F10800#F1927,1060,795,1855,0,480
F10800#F2023,1067,745,1812,0,480
F10800#F5785,1054,723,1777,0,480
F10800#F11042,1079,779,1859,0,480
F10800#F12596,1114,731,1845,0,480
F10800#F8198,1070,723,1794,0,480
F10800#F4332,1056,723,1780,0,480
F10800#F1124,1076,715,1792,0,480
F10800#F1295,1068,720,1788,0,480
F10800#F2873,1197,704,1902,0,480
F10800#F1865,1064,716,1780,0,480
F10800#F28553,1051,742,1794,0,480
F10800#F2967,1078,799,1877,0,480
F10800#F6884,1071,753,1825,0,480
F10800#F4976,1090,719,1809,0,480
F10800#F10680,1088,862,1950,0,480
F10800#F9182,1066,752,1818,0,480
F10800#F11511,1067,800,1867,0,480
F10800#F10899,1079,733,1812,0,480
F10800#F1171,1059,803,1862,0,480
F10800#F8888,1177,787,1964,0,480
F10800#F1654,1094,814,1909,0,480
F10800#F1886,1071,844,1916,0,480
F10800#F2689,1070,779,1849,0,480
F10800#F400,1068,803,1871,0,480
F10800#F12993,1085,734,1820,0,480
F10800#F9114,1095,728,1823,0,480
F10800#F11000,1121,754,1876,0,480
F10800#F3753,1089,733,1822,0,480
F10800#F4942,1076,737,1814,0,480
F10800#F1899,1081,805,1886,0,480
F10800#F2498,1197,734,1932,0,480
F10800#F1675,1067,760,1828,0,480
F10800#F7286,1120,851,1971,0,480
F10800#F4946,1079,746,1826,0,480
F10800#F0,1080,708,1789,0,480
F10800#F7857,1086,726,1813,0,480
F10800#F1805,1081,726,1808,0,480
F10800#F5239,1072,833,1906,0,480
F10800#F5999,1089,818,1908,0,480
F10800#F10575,1068,730,1799,0,480
F10800#F6146,1095,934,2030,0,480
F10800#F1653,1078,808,1886,0,480
F10800#F5199,1093,833,1926,0,480
F10800#F2765,1133,772,1905,0,480
F10800#F8190,1100,763,1864,0,480
F10800#F160,1095,726,1822,0,480
F10800#F8851,1112,771,1884,0,480
F10800#F1425,1111,802,1914,0,480
F10800#F21909,1095,907,2002,0,480
F10800#F897,1143,739,1882,0,480
F10800#F1445,1111,783,1895,0,480
F10800#F1332,1222,747,1970,0,480
F10800#F1058,1097,742,1840,0,480
F10800#F7298,1103,822,1926,0,480
F10800#F3004,1138,926,2065,0,480
F10800#F6345,1128,740,1869,0,480
F10800#F9441,1137,742,1880,0,480
F10800#F12959,1127,747,1875,0,480
F10800#F4675,1108,793,1902,0,480
F10800#F662,1112,739,1851,0,480
F10800#F1697,1137,739,1877,0,480
F10800#F7721,1110,950,2060,0,480
F10800#F2282,1125,793,1918,0,480
F10800#F3381,1109,795,1904,0,480
F10800#F556,1133,859,1993,0,480
F10800#F2723,1125,896,2021,0,480
F10800#F324,1120,786,1906,0,480
F10800#F3978,1122,832,1955,0,480
F10800#F1311,1135,743,1878,0,480
F10800#F2678,1110,789,1900,0,480
F10800#F1360,1136,749,1885,0,480
F10800#F1596,1155,1148,2304,0,480
F10800#F3495,1133,750,1884,0,480
F10800#F3997,1140,785,1925,0,480
F10800#F1968,1132,811,1944,0,480
F10800#F1347,1144,755,1900,0,480
F10800#F3812,1169,840,2010,0,480
F10800#F3415,1180,810,1990,0,480
F10800#F3634,1148,756,1904,0,480
F10800#F2715,1134,824,1959,0,480
F10800#F79,1147,773,1920,0,480
F10800#F6557,1140,770,1911,0,480
F10800#F4701,1264,810,2075,0,480
F10800#F372,1140,748,1888,0,480
F10800#F2061,1141,782,1924,0,480
F10800#F2632,1128,878,2007,0,480
F10800#F11846,1147,813,1960,0,480
F10800#F5291,1167,944,2112,0,480
F10800#F237,1200,752,1952,0,480
F10800#F8331,1149,788,1937,0,480
F10800#F8259,1183,772,1956,0,480
F10800#F2445,1163,770,1933,0,480
F10800#F3534,1231,838,2070,0,480
F10800#F12595,1144,948,2092,0,480
F10800#F6072,1175,883,2058,0,480
F10800#F4062,1162,827,1989,0,480
F10800#F10230,1165,835,2000,0,480
F10800#F4464,1162,866,2028,0,480
F10800#F1807,1167,784,1951,0,480
F10800#F4072,1183,827,2011,0,480
F10800#F2886,1170,779,1950,0,480
F10800#F10468,1177,830,2007,0,480
F10800#F381,1271,770,2042,0,480
F10800#F4978,1180,816,1997,0,480
F10800#F2421,1219,811,2031,0,480
F10800#F4091,1186,829,2016,0,480
F10800#F3262,1184,854,2038,0,480
F10800#F15014,1180,809,1990,0,480
F10800#F3517,1187,797,1985,0,480
F10800#F3826,1176,890,2067,0,480
F10800#F1343,1183,773,1957,0,480
F10800#F6712,1187,930,2118,0,480
F10800#F1163,1470,966,2437,0,480
F10800#F9396,1169,798,1968,0,480
F10800#F3281,1190,1011,2201,0,480
F10800#F36,1196,755,1951,0,480
F10800#F5596,1193,814,2008,0,480
F10800#F2194,1172,809,1982,0,480
F10800#F2758,1550,935,2486,0,480
F10800#F5,1194,765,1960,0,480
F10800#F9772,1207,1011,2219,0,480
F10800#F3278,1225,1052,2277,0,480
F10800#F6524,1211,802,2014,0,480
F10800#F1579,1208,834,2043,0,480
F10800#F2936,1205,1160,2365,0,480
F10800#F3235,1228,811,2040,0,480
F10800#F9103,1196,826,2022,0,480
F10800#F1519,1215,800,2016,0,480
F10800#F5703,1203,824,2028,0,480
F10800#F546,1215,780,1995,0,480
F10800#F369,1227,915,2142,0,480
F10800#F2211,1314,972,2287,0,480
F10800#F2667,1214,839,2054,0,480
F10800#F12344,1276,894,2171,0,480
F10800#F1710,1169,907,2077,0,480
F10800#F13857,1204,883,2087,0,480
F10800#F3341,1172,892,2064,0,480
F10800#F9230,1169,827,1996,0,480
F10800#F7051,1150,858,2009,0,480
F10800#F2671,1158,842,2001,0,480
F10800#F41,1153,892,2047,0,480
F10800#F13032,1161,811,1973,0,480
F10800#F1225,1173,826,2000,0,480
F10800#F2693,1177,835,2012,0,480
F10800#F3351,1168,898,2066,0,480
F10800#F2985,1175,885,2061,0,480
F10800#F1711,1199,794,1994,0,480
F10800#F2217,1180,921,2102,0,480
F10800#F5266,1177,882,2059,0,480
F10800#F8321,1180,809,1990,0,480
F10800#F4087,1289,818,2107,0,480
F10800#F2317,1177,834,2012,0,480
F10800#F603,1166,821,1988,0,480
F10800#F3089,1203,834,2037,0,480
F10800#F7518,1172,888,2061,0,480
F10800#F1790,1185,799,1985,0,480
F10800#F3922,1203,885,2089,0,480
F10800#F236,1181,743,1925,0,480
F10800#F225,1175,771,1947,0,480
F10800#F933,1191,867,2059,0,480
F10800#F6818,1310,916,2227,0,480
F10800#F4101,1203,839,2043,0,480
F10800#F4116,1201,843,2044,0,480
F10800#F249,1191,768,1960,0,480
F10800#F3882,1184,916,2101,0,480
F10800#F3538,1195,811,2007,0,480
F10800#F492,1218,875,2093,0,480
F10800#F4252,1208,821,2030,0,480
F10800#F12938,1184,825,2010,0,480
F10800#F3071,1219,866,2086,0,480
F10800#F5257,1305,909,2214,0,480
F10800#F1185,1218,958,2177,0,480
F10800#F1481,1223,838,2061,0,480
F10800#F2572,1210,917,2128,0,480
F10800#F7489,1218,864,2083,0,480
F10800#F323,1221,825,2047,0,480
F10800#F3762,1210,828,2039,0,480
F10800#F1212,1219,867,2087,0,480
F10800#F4759,1213,852,2066,0,480
F10800#F1792,1306,839,2146,0,480
F10800#F708,1225,805,2030,0,480
F10800#F5056,1240,915,2155,0,480
F10800#F1716,1266,823,2090,0,480
F10800#F1186,1221,890,2111,0,480
F10800#F2841,1232,820,2053,0,480
F10800#F229,1229,804,2033,0,480
F10800#F6998,1246,918,2164,0,480
F10800#F6416,1241,844,2086,0,480
F10800#F1929,1234,1024,2259,0,480
F10800#F576,1239,932,2172,0,480
F10800#F404,1254,887,2142,0,480
F10800#F12954,1243,918,2162,0,480
F10800#F3998,1288,889,2177,0,480
F10800#F1868,1286,831,2117,0,480
F10800#F8292,1247,874,2122,0,480
F10800#F1544,1262,830,2093,0,480
F10800#F5629,1262,876,2138,0,480
F10800#F2787,1275,829,2105,0,480
F10800#F1242,1347,921,2269,0,480
F10800#F5727,1278,892,2172,0,480
F10800#F3046,1274,904,2179,0,480
F10800#F513,1275,918,2194,0,480
F10800#F1038,1273,842,2116,0,480
F10800#F6361,1294,898,2192,0,480
F10800#F12191,1285,1095,2381,0,480
F10800#F2235,1300,947,2248,0,480
F10800#F156,1284,869,2154,0,480
F10800#F440,1370,909,2280,0,480
F10800#F3444,1284,909,2193,0,480
F10800#F2199,1296,893,2189,0,480
F10800#F3979,1322,941,2264,0,480
F10800#F377,1347,909,2256,0,480
F10800#F1590,1336,1051,2387,0,480
F10800#F596,1337,926,2263,0,480
F10800#F1785,1311,889,2201,0,480
F10800#F4228,1339,885,2225,0,480
F10800#F11267,1390,882,2273,0,480
F10800#F5026,1325,898,2224,0,480
F10800#F4230,1334,880,2215,0,480
F10800#F3894,1330,967,2298,0,480
F10800#F452,1339,928,2268,0,480
F10800#F10709,1332,907,2239,0,480
F10800#F7484,1324,919,2244,0,480
F10800#F1857,1337,867,2204,0,480
F10800#F5873,1332,891,2223,0,480
F10800#F351,1440,850,2291,0,480
F10800#F1969,1337,908,2246,0,480
F10800#F1288,1314,846,2161,0,480
F10800#F410,1332,938,2271,0,480
F10800#F4318,1330,921,2251,0,480
F10800#F1437,1341,962,2303,0,480
F10800#F2960,1343,981,2325,0,480
F10800#F4980,1321,1007,2328,0,480
F10800#F2859,1335,892,2228,0,480
F10800#F6740,1457,973,2431,0,480
F10800#F75,1331,915,2246,0,480
F10800#F4021,1330,935,2265,0,480
F10800#F8183,1332,906,2239,0,480
F10800#F3114,1351,939,2290,0,480
F10800#F10795,1361,985,2347,0,480
F10800#F3632,1355,902,2258,0,480
F10800#F2029,1366,894,2260,0,480
F10800#F3490,1354,1022,2376,0,480
F10800#F1213,1351,936,2288,0,480
F10800#F256,1356,874,2230,0,480
F10800#F1680,1362,931,2293,0,480
F10800#F4094,1356,934,2291,0,480
F10800#F4164,1374,917,2292,0,480
F10800#F3770,1378,982,2361,0,480
F10800#F2288,1378,968,2347,0,480
F10800#F5251,1387,1033,2420,0,480
F10800#F12372,1516,973,2490,0,480
F10800#F1482,1391,962,2353,0,480
F10800#F5507,1406,928,2335,0,480
F10800#F11959,1380,973,2353,0,480
F10800#F298,1390,940,2331,0,480
F10800#F3661,1882,1110,2992,0,480
F10800#F677,1460,934,2395,0,480
F10800#F2369,1411,969,2382,0,480
F10800#F3724,1442,1194,2637,0,480
F10800#F2071,1400,939,2340,0,480
F10800#F7483,1414,1071,2486,0,480
F10800#F28,1408,927,2335,0,480
F10800#F5591,1414,996,2411,0,480
F10800#F1376,1432,958,2390,0,480
F10800#F6992,1421,1029,2451,0,480
F10800#F4788,1450,975,2426,0,480
F10800#F1417,1461,1206,2667,0,480
F10800#F470,1440,951,2392,0,480
F10800#F159,1463,942,2406,0,480
F10800#F2212,1440,1123,2563,0,480
F10800#F1823,1449,990,2439,0,480
F10800#F2958,1461,1084,2546,0,480
F10800#F4748,1429,1038,2468,0,480
F10800#F2366,1471,1085,2556,0,480
F10800#F7256,1482,1274,2757,0,480
F10800#F550,1475,976,2452,0,480
F10800#F6213,1479,1045,2524,0,480
F10800#F367,1482,1040,2522,0,480
F10800#F2263,1493,1131,2624,0,480
F10800#F450,1491,1031,2523,0,480
F10800#F358,1470,981,2452,0,480
F10800#F2557,1508,1212,2721,0,480
F10800#F864,1628,1027,2655,0,480
F10800#F12791,1522,1044,2567,0,480
F10800#F1132,1522,992,2515,0,480
F10800#F9239,1523,1130,2654,0,480
F10800#F431,1525,1037,2563,0,480
F10800#F1937,1521,1079,2601,0,480
F10800#F4824,1528,1043,2572,0,480
F10800#F2051,1526,1055,2581,0,480
F10800#F7554,1707,1251,2959,0,480
F10800#F1291,1634,1135,2770,0,480
F10800#F955,1655,1221,2876,0,480
F10800#F2636,1646,1273,2920,0,480
F10800#F2581,1688,1233,2922,0,480
F10800#F4065,1634,1166,2800,0,480
F10800#F3562,1646,1133,2780,0,480
F10800#F637,1913,1066,2980,0,480
F10800#F7291,1555,1255,2810,0,480
F10800#F1667,1550,1104,2655,0,480
F10800#F121,1572,1021,2594,0,480
F10800#F2027,1596,1193,2790,0,480
F10800#F5901,1575,1290,2865,0,480
F10800#F7245,1577,1072,2650,0,480
F10800#F6182,1666,1120,2786,0,480
F10800#F3070,1522,1121,2643,0,480
F10800#F4807,1519,1068,2587,0,480
F10800#F46,1522,1024,2547,0,480
F10800#F1165,1515,1214,2730,0,480
F10800#F224,1540,1086,2627,0,480
F10800#F1500,1525,1076,2602,0,480
F10800#F2502,1522,1236,2759,0,480
F10800#F5210,1559,1200,2759,0,480
F10800#F842,1569,1143,2713,0,480
F10800#F779,1571,1067,2639,0,480
F10800#F5941,1554,1228,2783,0,480
F10800#F2774,1572,1100,2673,0,480
F10800#F5558,1598,1159,2758,0,480
F10800#F2268,1563,1219,2783,0,480
F10800#F6644,1667,1124,2791,0,480
F10800#F2138,5728,16221,21950,0,480
F10800#F299,3007,2568,5576,0,480
F10800#F2730,3072,2554,5627,0,480
F10800#F3509,3074,2706,5781,0,480
F10800#F5391,4198,2704,6903,0,480
F10800#F764,3058,2528,5588,0,480
F10800#F6790,3039,3307,6347,0,480
F10800#F3209,3783,3516,7301,0,480
F10800#F4800,3722,3107,6831,0,480
F10800#F3935,3852,3595,7448,0,480
F10800#F11796,3972,3315,7289,0,480
F10800#F2185,3962,3293,7256,0,480
F10800#F20,3900,3085,6986,0,480
F10800#F5964,3757,3688,7446,0,480
F10800#F4069,4166,3189,7356,0,480
F10800#F666,4141,3263,7404,0,480
F10800#F1173,4107,3381,7489,0,480
F10800#F1959,4302,3343,7646,0,480
F10800#F5824,4226,3337,7564,0,480
F10800#F9436,4158,3376,7536,0,480
F10800#F389,4393,3603,7997,0,480
F10800#F80,4050,3223,7274,0,480
F10800#F4024,4336,3478,7814,0,480
F10800#F1559,4203,3609,7813,0,480
F10800#F3582,4072,3433,7506,0,480
F10800#F1745,4290,3682,7974,0,480
F10800#F4262,4205,3636,7843,0,480
F10800#F326,4017,3383,7401,0,480
F10800#F115,4744,3646,8392,0,480
F10800#F2495,4794,3791,8587,0,480
F10800#F1270,4782,3314,8098,0,480
F10800#F1274,5257,3674,8932,0,480
F10800#F6570,4702,3760,8463,0,480
F10800#F468,4995,3919,8915,0,480
F10800#F2505,5104,4161,9266,0,480
F10800#F525,5084,3639,8724,0,480
F10800#F2983,4990,4093,9084,0,480
F10800#F5039,4377,4040,8418,0,480
F10800#F4208,4552,3565,8119,0,480
F10800#F2474,4534,3632,8167,0,480
F10800#F1442,4560,3656,8217,0,480
F10800#F2651,4375,3780,8156,0,480
F10800#F423,4233,3734,7968,0,480
F10800#F1518,4537,3770,8309,0,480
F10800#F220,4780,3921,8702,0,480
F10800#F1779,4855,3780,8636,0,480
F10800#F1328,4711,4011,8724,0,480
F10800#F6838,5101,3810,8913,0,480
F10800#F593,3422,3259,6682,0,480
F10800#F6573,3341,3484,6825,0,480
F10800#F2840,3435,3094,6530,0,480
F10800#F2538,3474,3101,6575,0,480
F10800#F4346,5821,11236,17058,0,480
F10800#F4090,6186,4331,10518,0,480
F10800#F35,4602,4726,9329,0,480
F10800#F5780,4727,3823,8551,0,480
F10800#F2590,3558,3296,6855,0,480
F10800#F268,3844,3089,6934,0,480
F10800#F2112,4167,2627,6795,0,480
F10800#F85,2344,1761,4106,0,480
F10800#F1172,2388,2785,5174,0,480
F10800#F1392,3460,3032,6493,0,480
F10800#F219,3226,2865,6092,0,480
F10800#F608,3320,2701,6022,0,480
F10800#F3223,4107,2888,6996,0,480
F10800#F2934,3539,2842,6382,0,480
F10800#F1453,3503,2656,6159,0,480
F10800#F736,4688,3180,7869,0,480
F10800#F193,3560,2780,6341,0,480
F10800#F621,3156,2501,5658,0,480
F10800#F290,4059,2861,6921,0,480
F10800#F3944,3375,2696,6072,0,480
F10800#F260,2949,2154,5104,0,480
F10800#F391,3054,2819,5874,0,480
F10800#F6425,4218,2502,6721,0,480
F10800#F3340,3130,2475,5606,0,480
F10800#F6530,3017,2325,5343,0,480
F10800#F1030,3143,2436,5579,0,480
F10800#F2248,3034,2642,5677,0,480
F10800#F4053,3014,2763,5778,0,480
F10800#F2824,2876,2268,5145,0,480
F10800#F412,2999,2468,5468,0,480
F10800#F1250,3047,2536,5583,0,480
F10800#F994,3534,2567,6102,0,480
F10800#F1789,3183,2378,5561,0,480
F10800#F4180,3293,2427,5721,0,480
F10800#F5658,3462,2654,6117,0,480
F10800#F264,3275,2365,5640,0,480
F10800#F4142,3254,2617,5872,0,480
F10800#F1699,3505,2545,6051,0,480
F10800#F103,4127,2633,6761,0,480
F10800#F4917,3261,2581,5843,0,480
F10800#F2054,3513,2596,6111,0,480
F10800#F2430,3955,2747,6703,0,480
F10800#F2953,3449,2901,6350,0,480
F10800#F6519,3482,2965,6448,0,480
F10800#F776,4170,2693,6863,0,480
F10800#F1671,3741,2841,6583,0,480
F10800#F1227,3871,3130,7001,0,480
F10800#F2631,4480,3504,7984,0,480
F10800#F1313,3761,2938,6699,0,480
F10800#F1235,3976,3146,7123,0,480
F10800#F3699,4321,3108,7430,0,480
F10800#F6996,4464,3878,8343,0,480
F10800#F133,4778,4376,9155,0,480
F10800#F78,5453,4055,9509,0,480
F10800#F1107,5396,4490,9887,0,480
F10800#F177,7848,6078,13927,0,480
F10800#F1695,7851,5327,13179,0,480
F10800#F845,7796,5945,13741,0,480
F10800#F774,12250,9282,21532,0,480
F10800#F1438,12727,10754,23482,0,480
