keyword,clientTime,serverTime,exTime,totalTime,resultLength,payloadSize,w1,w2
F10800#F1308,180,97,0,277,0,480,10,11
F10800#F10693,111,111,0,222,0,480,10,12
F10800#F11138,104,118,0,222,0,480,10,13
F10800#F10159,74,53,0,127,0,480,10,14
F10800#F11380,69,57,0,126,0,480,10,15
F10800#F1047,54,58,0,112,0,480,10,16
F10800#F10072,60,42,0,102,0,480,10,17
F10800#F10516,49,44,0,93,0,480,10,18
F10800#F10454,48,38,0,86,0,480,10,19
F10800#F14280,52,38,0,90,0,480,10,20
F10800#F10544,50,36,0,86,0,480,10,21
F10800#F10744,84,47,0,131,0,480,10,22
F10800#F10374,60,44,0,104,0,480,10,23
F10800#F1029,55,82,0,137,0,480,10,24
F10800#F12029,52,42,0,94,0,480,10,25
F10800#F10595,49,39,0,88,0,480,10,26
F10800#F10700,70,41,0,111,0,480,10,27
F10800#F10165,55,42,0,97,0,480,10,28
F10800#F10922,49,42,0,91,0,480,10,29
F10800#F10398,48,40,0,88,0,480,10,30
F10800#F10802,48,42,0,90,0,480,10,31
F10800#F10166,44,79,0,123,0,480,10,32
F10800#F13268,47,36,0,83,0,480,10,33
F10800#F10043,48,46,0,94,0,480,10,34
F10800#F11321,49,83,0,132,0,480,10,35
F10800#F10115,48,40,0,88,0,480,10,36
F10800#F11053,91,41,0,132,0,480,10,37
F10800#F11114,50,43,0,93,0,480,10,38
F10800#F10237,51,41,0,92,0,480,10,39
F10800#F10942,53,82,0,135,0,480,10,40
F10800#F10450,51,42,0,93,0,480,10,41
F10800#F11220,54,44,0,98,0,480,10,42
F10800#F10055,50,44,0,94,0,480,10,43
F10800#F10494,58,44,0,102,0,480,10,44
F10800#F10158,51,44,0,95,0,480,10,45
F10800#F10205,52,43,0,95,0,480,10,46
F10800#F10813,51,44,0,95,0,480,10,47
F10800#F10081,51,45,0,96,0,480,10,48
F10800#F10014,51,42,0,93,0,480,10,49
F10800#F10136,50,43,0,93,0,480,10,50
F10800#F11604,49,44,0,93,0,480,10,51
F10800#F10195,48,45,0,93,0,480,10,52
F10800#F10355,48,44,0,92,0,480,10,53
F10800#F11076,50,44,0,94,0,480,10,54
F10800#F10378,60,88,0,148,0,480,10,55
F10800#F10547,49,89,0,138,0,480,10,56
F10800#F10463,53,47,0,100,0,480,10,57
F10800#F10020,56,42,0,98,0,480,10,58
F10800#F10541,86,89,0,175,0,480,10,59
F10800#F10032,52,43,0,95,0,480,10,60
F10800#F10178,53,44,0,97,0,480,10,61
F10800#F10121,53,82,0,135,0,480,10,62
F10800#F10305,56,44,0,100,0,480,10,63
F10800#F10033,89,51,0,140,0,480,10,64
F10800#F10143,54,45,0,99,0,480,10,65
F10800#F10141,57,94,0,151,0,480,10,66
F10800#F10961,56,48,0,104,0,480,10,67
F10800#F10873,53,53,0,106,0,480,10,68
F10800#F10317,75,46,0,121,0,480,10,69
F10800#F10170,56,44,0,100,0,480,10,70
F10800#F10636,58,98,0,156,0,480,10,71
F10800#F10037,58,52,0,110,0,480,10,72
F10800#F1003,106,80,0,186,0,480,10,73
F10800#F10691,71,52,0,123,0,480,10,74
F10800#F10338,58,48,0,106,0,480,10,75
F10800#F1005,51,42,0,93,0,480,10,76
F10800#F10152,50,46,0,96,0,480,10,77
F10800#F10313,54,47,0,101,0,480,10,78
F10800#F10217,86,90,0,176,0,480,10,79
F10800#F10437,56,47,0,103,0,480,10,80
F10800#F10286,54,46,0,100,0,480,10,81
F10800#F1095,55,44,0,99,0,480,10,82
F10800#F10380,54,52,0,106,0,480,10,83
F10800#F10377,55,45,0,100,0,480,10,84
F10800#F10139,52,92,0,144,0,480,10,85
F10800#F1153,50,90,0,140,0,480,10,86
F10800#F10561,48,84,0,132,0,480,10,87
F10800#F10334,55,47,0,102,0,480,10,88
F10800#F10298,54,50,0,104,0,480,10,89
F10800#F10344,50,92,0,142,0,480,10,90
F10800#F10176,51,45,0,96,0,480,10,91
F10800#F10096,52,47,0,99,0,480,10,92
F10800#F11165,52,47,0,99,0,480,10,93
F10800#F11330,55,88,0,143,0,480,10,94
F10800#F10737,118,55,0,173,0,480,10,95
F10800#F10820,63,93,0,156,0,480,10,96
F10800#F10029,83,52,0,135,0,480,10,97
F10800#F10099,68,54,0,122,0,480,10,98
F10800#F11019,68,62,0,130,0,480,10,99
F10800#F10351,74,64,0,138,0,480,10,100
F10800#F10140,97,93,0,190,0,480,10,101
F10800#F10470,84,66,0,150,0,480,10,102
F10800#F10191,78,119,0,197,0,480,10,103
F10800#F11069,75,58,0,133,0,480,10,104
F10800#F1035,62,98,0,160,0,480,10,105
F10800#F10326,59,54,0,113,0,480,10,106
F10800#F10061,60,56,0,116,0,480,10,107
F10800#F10151,61,51,0,112,0,480,10,108
F10800#F10303,96,52,0,148,0,480,10,109
F10800#F10235,71,89,0,160,0,480,10,110
F10800#F10270,59,92,0,151,0,480,10,111
F10800#F10022,58,55,0,113,0,480,10,112
F10800#F10319,65,96,0,161,0,480,10,113
F10800#F10369,65,49,0,114,0,480,10,114
F10800#F10066,59,51,0,110,0,480,10,115
F10800#F10161,62,53,0,115,0,480,10,116
F10800#F10198,60,51,0,111,0,480,10,117
F10800#F10268,62,56,0,118,0,480,10,118
F10800#F1028,66,100,0,166,0,480,10,119
F10800#F10228,63,51,0,114,0,480,10,120
F10800#F11913,68,60,0,128,0,480,10,121
F10800#F10088,65,57,0,122,0,480,10,122
F10800#F10366,67,52,0,119,0,480,10,123
F10800#F10989,60,56,0,116,0,480,10,124
F10800#F10069,59,96,0,155,0,480,10,125
F10800#F10316,58,62,0,120,0,480,10,126
F10800#F10080,63,105,0,168,0,480,10,127
F10800#F10086,59,51,0,110,0,480,10,128
F10800#F10697,69,60,0,129,0,480,10,129
F10800#F10707,63,52,0,115,0,480,10,130
F10800#F10277,82,51,0,133,0,480,10,131
F10800#F10079,67,54,0,121,0,480,10,132
F10800#F10098,63,93,0,156,0,480,10,133
F10800#F10045,55,55,0,110,0,480,10,134
F10800#F10183,58,54,0,112,0,480,10,135
F10800#F10290,59,54,0,113,0,480,10,136
F10800#F10353,60,51,0,111,0,480,10,137
F10800#F10608,58,50,0,108,0,480,10,138
F10800#F1024,62,49,0,111,0,480,10,139
F10800#F10175,55,49,0,104,0,480,10,140
F10800#F10039,58,100,0,158,0,480,10,141
F10800#F10281,53,95,0,148,0,480,10,142
F10800#F10808,56,51,0,107,0,480,10,143
F10800#F10042,71,96,0,167,0,480,10,144
F10800#F10488,56,51,0,107,0,480,10,145
F10800#F10239,55,50,0,105,0,480,10,146
F10800#F10552,56,54,0,110,0,480,10,147
F10800#F10822,84,111,0,195,0,480,10,148
F10800#F10186,68,109,0,177,0,480,10,149
F10800#F10263,69,55,0,124,0,480,10,150
F10800#F10685,112,108,0,220,0,480,10,151
F10800#F10097,72,62,0,134,0,480,10,152
F10800#F10041,70,58,0,128,0,480,10,153
F10800#F10231,66,106,0,172,0,480,10,154
F10800#F10383,66,111,0,177,0,480,10,155
F10800#F10392,66,60,0,126,0,480,10,156
F10800#F10106,69,51,0,120,0,480,10,157
F10800#F10019,77,53,0,130,0,480,10,158
F10800#F10082,62,51,0,113,0,480,10,159
F10800#F10592,58,51,0,109,0,480,10,160
F10800#F10011,61,51,0,112,0,480,10,161
F10800#F10048,58,96,0,154,0,480,10,162
F10800#F1033,61,52,0,113,0,480,10,163
F10800#F10040,62,60,0,122,0,480,10,164
F10800#F10631,66,53,0,119,0,480,10,165
F10800#F10065,69,92,0,161,0,480,10,166
F10800#F10233,59,97,0,156,0,480,10,167
F10800#F10250,63,96,0,159,0,480,10,168
F10800#F10639,97,90,0,187,0,480,10,169
F10800#F10622,68,52,0,120,0,480,10,170
F10800#F1106,64,58,0,122,0,480,10,171
F10800#F10260,66,104,0,170,0,480,10,172
F10800#F10157,68,55,0,123,0,480,10,173
F10800#F10984,67,55,0,122,0,480,10,174
F10800#F10110,64,104,0,168,0,480,10,175
F10800#F1049,64,57,0,121,0,480,10,176
F10800#F10062,71,60,0,131,0,480,10,177
F10800#F10090,97,53,0,150,0,480,10,178
F10800#F10197,61,59,0,120,0,480,10,179
F10800#F10180,59,58,0,117,0,480,10,180
F10800#F10194,67,54,0,121,0,480,10,181
F10800#F10116,64,63,0,127,0,480,10,182
F10800#F10423,69,70,0,139,0,480,10,183
F10800#F10584,76,50,0,126,0,480,10,184
F10800#F10435,73,52,0,125,0,480,10,185
F10800#F10017,61,93,0,154,0,480,10,186
F10800#F10027,97,60,0,157,0,480,10,187
F10800#F10095,64,76,0,140,0,480,10,188
F10800#F10049,67,50,0,117,0,480,10,189
F10800#F10181,62,87,0,149,0,480,10,190
F10800#F10324,63,52,0,115,0,480,10,191
F10800#F10764,62,53,0,115,0,480,10,192
F10800#F11431,64,53,0,117,0,480,10,193
F10800#F10360,99,50,0,149,0,480,10,194
F10800#F10688,101,53,0,154,0,480,10,195
F10800#F10067,67,52,0,119,0,480,10,196
F10800#F10252,65,56,0,121,0,480,10,197
F10800#F10227,75,50,0,125,0,480,10,198
F10800#F1009,62,59,0,121,0,480,10,199
F10800#F10109,58,49,0,107,0,480,10,200
F10800#F10074,62,54,0,116,0,480,10,201
F10800#F10084,69,53,0,122,0,480,10,202
F10800#F10318,61,56,0,117,0,480,10,203
F10800#F10119,65,98,0,163,0,480,10,204
F10800#F10185,65,55,0,120,0,480,10,205
F10800#F11093,67,54,0,121,0,480,10,206
F10800#F10288,80,51,0,131,0,480,10,207
F10800#F10412,68,50,0,118,0,480,10,208
F10800#F10929,71,101,0,172,0,480,10,209
F10800#F10871,68,59,0,127,0,480,10,210
F10800#F10243,67,63,0,130,0,480,10,211
F10800#F10008,65,55,0,120,0,480,10,212
F10800#F1017,68,60,0,128,0,480,10,213
F10800#F10245,66,53,0,119,0,480,10,214
F10800#F10913,102,92,0,194,0,480,10,215
F10800#F10070,75,102,0,177,0,480,10,216
F10800#F10522,85,72,0,157,0,480,10,217
F10800#F10587,76,56,0,132,0,480,10,218
F10800#F11237,67,51,0,118,0,480,10,219
F10800#F11664,73,53,0,126,0,480,10,220
F10800#F10001,64,59,0,123,0,480,10,221
F10800#F10125,63,54,0,117,0,480,10,222
F10800#F11102,69,104,0,173,0,480,10,223
F10800#F10425,74,103,0,177,0,480,10,224
F10800#F10718,104,57,0,161,0,480,10,225
F10800#F10689,66,63,0,129,0,480,10,226
F10800#F10167,112,107,0,219,0,480,10,227
F10800#F1015,78,62,0,140,0,480,10,228
F10800#F10215,67,60,0,127,0,480,10,229
F10800#F10518,70,55,0,125,0,480,10,230
F10800#F10050,66,54,0,120,0,480,10,231
F10800#F10665,67,58,0,125,0,480,10,232
F10800#F10477,75,59,0,134,0,480,10,233
F10800#F10173,76,64,0,140,0,480,10,234
F10800#F10007,80,91,0,171,0,480,10,235
F10800#F11813,105,56,0,161,0,480,10,236
F10800#F10229,79,52,0,131,0,480,10,237
F10800#F10209,79,100,0,179,0,480,10,238
F10800#F11048,68,53,0,121,0,480,10,239
F10800#F10446,82,54,0,136,0,480,10,240
F10800#F10026,69,95,0,164,0,480,10,241
F10800#F10322,68,52,0,120,0,480,10,242
F10800#F10232,62,49,0,111,0,480,10,243
F10800#F10000,69,51,0,120,0,480,10,244
F10800#F10123,75,101,0,176,0,480,10,245
F10800#F10208,73,62,0,135,0,480,10,246
F10800#F10009,66,54,0,120,0,480,10,247
F10800#F11541,66,55,0,121,0,480,10,248
F10800#F11400,65,52,0,117,0,480,10,249
F10800#F10172,115,103,0,218,0,480,10,250
F10800#F10101,68,54,0,122,0,480,10,251
F10800#F11925,67,55,0,122,0,480,10,252
F10800#F10799,68,51,0,119,0,480,10,253
F10800#F1082,67,56,0,123,0,480,10,254
F10800#F1077,72,54,0,126,0,480,10,255
F10800#F10524,68,96,0,164,0,480,10,256
F10800#F11045,68,54,0,122,0,480,10,257
F10800#F1027,72,57,0,129,0,480,10,258
F10800#F10448,79,98,0,177,0,480,10,259
F10800#F10127,68,58,0,126,0,480,10,260
F10800#F10134,67,60,0,127,0,480,10,261
F10800#F1130,69,57,0,126,0,480,10,262
F10800#F10258,94,55,0,149,0,480,10,263
F10800#F11386,80,53,0,133,0,480,10,264
F10800#F10156,72,53,0,125,0,480,10,265
F10800#F1018,81,55,0,136,0,480,10,266
F10800#F10078,72,61,0,133,0,480,10,267
F10800#F11186,67,97,0,164,0,480,10,268
F10800#F10025,71,66,0,137,0,480,10,269
F10800#F10882,79,67,0,146,0,480,10,270
F10800#F10935,70,59,0,129,0,480,10,271
F10800#F10212,88,61,0,149,0,480,10,272
F10800#F10129,87,84,0,171,0,480,10,273
F10800#F10332,78,59,0,137,0,480,10,274
F10800#F10321,72,59,0,131,0,480,10,275
F10800#F10076,72,66,0,138,0,480,10,276
F10800#F11545,71,90,0,161,0,480,10,277
F10800#F11096,75,102,0,177,0,480,10,278
F10800#F10060,75,61,0,136,0,480,10,279
F10800#F10164,76,63,0,139,0,480,10,280
F10800#F10389,85,64,0,149,0,480,10,281
F10800#F10133,79,61,0,140,0,480,10,282
F10800#F10248,80,68,0,148,0,480,10,283
F10800#F11487,78,52,0,130,0,480,10,284
F10800#F1016,77,56,0,133,0,480,10,285
F10800#F10442,82,56,0,138,0,480,10,286
F10800#F11185,76,50,0,126,0,480,10,287
F10800#F10242,78,62,0,140,0,480,10,288
F10800#F11334,76,57,0,133,0,480,10,289
F10800#F10291,77,56,0,133,0,480,10,290
F10800#F11405,71,97,0,168,0,480,10,291
F10800#F1069,71,55,0,126,0,480,10,292
F10800#F11584,69,63,0,132,0,480,10,293
F10800#F10733,72,56,0,128,0,480,10,294
F10800#F10476,102,144,0,246,0,480,10,295
F10800#F10842,107,71,0,178,0,480,10,296
F10800#F11211,106,73,0,179,0,480,10,297
F10800#F10128,106,77,0,183,0,480,10,298
F10800#F10105,76,61,0,137,0,480,10,299
F10800#F10273,101,71,0,172,0,480,10,300
F10800#F10284,117,65,0,182,0,480,10,301
F10800#F10028,93,69,0,162,0,480,10,302
F10800#F10554,189,159,0,348,0,480,10,303
F10800#F10058,115,74,0,189,0,480,10,304
F10800#F10439,84,102,0,186,0,480,10,305
F10800#F11134,105,57,0,162,0,480,10,306
F10800#F11785,78,62,0,140,0,480,10,307
F10800#F10093,81,60,0,141,0,480,10,308
F10800#F1108,82,104,0,186,0,480,10,309
F10800#F10574,76,74,0,150,0,480,10,310
F10800#F10553,82,62,0,144,0,480,10,311
F10800#F10333,123,95,0,218,0,480,10,312
F10800#F1085,83,60,0,143,0,480,10,313
F10800#F10295,78,56,0,134,0,480,10,314
F10800#F10262,75,99,0,174,0,480,10,315
F10800#F10148,85,108,0,193,0,480,10,316
F10800#F10486,74,103,0,177,0,480,10,317
F10800#F1051,82,63,0,145,0,480,10,318
F10800#F10075,80,106,0,186,0,480,10,319
F10800#F10137,80,63,0,143,0,480,10,320
F10800#F11306,78,60,0,138,0,480,10,321
F10800#F10840,73,62,0,135,0,480,10,322
F10800#F10144,81,57,0,138,0,480,10,323
F10800#F10030,76,59,0,135,0,480,10,324
F10800#F10682,77,54,0,131,0,480,10,325
F10800#F10003,74,100,0,174,0,480,10,326
F10800#F10331,72,63,0,135,0,480,10,327
F10800#F10803,79,59,0,138,0,480,10,328
F10800#F1004,84,59,0,143,0,480,10,329
F10800#F10569,111,64,0,175,0,480,10,330
F10800#F10051,76,64,0,140,0,480,10,331
F10800#F11141,81,61,0,142,0,480,10,332
F10800#F1310,82,66,0,148,0,480,10,333
F10800#F10363,77,60,0,137,0,480,10,334
F10800#F10677,84,61,0,145,0,480,10,335
F10800#F10753,81,55,0,136,0,480,10,336
F10800#F10196,79,56,0,135,0,480,10,337
F10800#F10251,72,62,0,134,0,480,10,338
F10800#F10473,83,106,0,189,0,480,10,339
F10800#F10327,74,63,0,137,0,480,10,340
F10800#F1081,110,60,0,170,0,480,10,341
F10800#F1007,74,68,0,142,0,480,10,342
F10800#F10969,72,56,0,128,0,480,10,343
F10800#F10107,82,103,0,185,0,480,10,344
F10800#F10359,109,87,0,196,0,480,10,345
F10800#F10002,81,111,0,192,0,480,10,346
F10800#F1008,78,68,0,146,0,480,10,347
F10800#F12082,103,69,0,172,0,480,10,348
F10800#F10059,74,100,0,174,0,480,10,349
F10800#F10269,74,56,0,130,0,480,10,350
F10800#F1105,79,61,0,140,0,480,10,351
F10800#F10184,81,66,0,147,0,480,10,352
F10800#F10701,73,103,0,176,0,480,10,353
F10800#F10883,82,61,0,143,0,480,10,354
F10800#F1057,80,106,0,186,0,480,10,355
F10800#F10071,82,63,0,145,0,480,10,356
F10800#F11041,81,100,0,181,0,480,10,357
F10800#F10203,76,60,0,136,0,480,10,358
F10800#F10352,88,58,0,146,0,480,10,359
F10800#F10168,79,70,0,149,0,480,10,360
F10800#F10461,100,60,0,160,0,480,10,361
F10800#F10145,74,62,0,136,0,480,10,362
F10800#F12033,78,63,0,141,0,480,10,363
F10800#F11179,118,62,0,180,0,480,10,364
F10800#F1,105,94,0,199,0,480,10,365
F10800#F11549,76,59,0,135,0,480,10,366
F10800#F10421,80,101,0,181,0,480,10,367
F10800#F10323,79,60,0,139,0,480,10,368
F10800#F10414,77,102,0,179,0,480,10,369
F10800#F12399,76,57,0,133,0,480,10,370
F10800#F10506,77,59,0,136,0,480,10,371
F10800#F10214,78,59,0,137,0,480,10,372
F10800#F11320,76,59,0,135,0,480,10,373
F10800#F10010,98,65,0,163,0,480,10,374
F10800#F10104,76,62,0,138,0,480,10,375
F10800#F10155,76,63,0,139,0,480,10,376
F10800#F10092,118,73,0,191,0,480,10,377
F10800#F11651,111,70,0,181,0,480,10,378
F10800#F1092,93,60,0,153,0,480,10,379
F10800#F10694,84,61,0,145,0,480,10,380
F10800#F10315,86,63,0,149,0,480,10,381
F10800#F13306,85,59,0,144,0,480,10,382
F10800#F11189,81,58,0,139,0,480,10,383
F10800#F10870,79,99,0,178,0,480,10,384
F10800#F12921,81,60,0,141,0,480,10,385
F10800#F10368,80,64,0,144,0,480,10,386
F10800#F11040,76,106,0,182,0,480,10,387
F10800#F10329,108,63,0,171,0,480,10,388
F10800#F12863,91,64,0,155,0,480,10,389
F10800#F10495,86,63,0,149,0,480,10,390
F10800#F11627,84,60,0,144,0,480,10,391
F10800#F10408,83,61,0,144,0,480,10,392
F10800#F11449,118,99,0,217,0,480,10,393
F10800#F10206,86,67,0,153,0,480,10,394
F10800#F10047,82,65,0,147,0,480,10,395
F10800#F10021,113,58,0,171,0,480,10,396
F10800#F10815,75,59,0,134,0,480,10,397
F10800#F10760,83,61,0,144,0,480,10,398
F10800#F11133,121,64,0,185,0,480,10,399
F10800#F10557,84,60,0,144,0,480,10,400
F10800#F10163,80,61,0,141,0,480,10,401
F10800#F10570,82,104,0,186,0,480,10,402
F10800#F10440,79,61,0,140,0,480,10,403
F10800#F10234,85,105,0,190,0,480,10,404
F10800#F10372,78,71,0,149,0,480,10,405
F10800#F10279,82,110,0,192,0,480,10,406
F10800#F11514,88,58,0,146,0,480,10,407
F10800#F10668,77,61,0,138,0,480,10,408
F10800#F10371,80,70,0,150,0,480,10,409
F10800#F1072,90,115,0,205,0,480,10,410
F10800#F10662,90,107,0,197,0,480,10,411
F10800#F10226,124,89,0,213,0,480,10,412
F10800#F10743,91,74,0,165,0,480,10,413
F10800#F10727,93,69,0,162,0,480,10,414
F10800#F10745,83,61,0,144,0,480,10,415
F10800#F11201,118,60,0,178,0,480,10,416
F10800#F11168,80,59,0,139,0,480,10,417
F10800#F10910,80,60,0,140,0,480,10,418
F10800#F1076,87,63,0,150,0,480,10,419
F10800#F11335,79,60,0,139,0,480,10,420
F10800#F10299,87,64,0,151,0,480,10,421
F10800#F10,79,58,0,137,0,480,10,422
F10800#F10404,86,62,0,148,0,480,10,423
F10800#F10526,90,66,0,156,0,480,10,424
F10800#F10514,84,60,0,144,0,480,10,425
F10800#F11910,89,66,0,155,0,480,10,426
F10800#F10064,81,58,0,139,0,480,10,427
F10800#F10972,84,102,0,186,0,480,10,428
F10800#F10676,77,104,0,181,0,480,10,429
F10800#F10117,113,62,0,175,0,480,10,430
F10800#F12634,88,69,0,157,0,480,10,431
F10800#F12273,87,64,0,151,0,480,10,432
F10800#F10857,79,100,0,179,0,480,10,433
F10800#F101,124,62,0,186,0,480,10,434
F10800#F10276,123,110,0,233,0,480,10,435
F10800#F10287,84,64,0,148,0,480,10,436
F10800#F10241,87,64,0,151,0,480,10,437
F10800#F10462,86,112,0,198,0,480,10,438
F10800#F1078,123,72,0,195,0,480,10,439
F10800#F11011,111,66,0,177,0,480,10,440
F10800#F10531,85,66,0,151,0,480,10,441
F10800#F13022,90,66,0,156,0,480,10,442
F10800#F10597,91,66,0,157,0,480,10,443
F10800#F10147,90,63,0,153,0,480,10,444
F10800#F10765,97,62,0,159,0,480,10,445
F10800#F11799,94,74,0,168,0,480,10,446
F10800#F10348,110,118,0,228,0,480,10,447
F10800#F12069,93,66,0,159,0,480,10,448
F10800#F11904,100,73,0,173,0,480,10,449
F10800#F11445,94,60,0,154,0,480,10,450
F10800#F11057,82,65,0,147,0,480,10,451
F10800#F1006,89,112,0,201,0,480,10,452
F10800#F12019,86,113,0,199,0,480,10,453
F10800#F11318,96,68,0,164,0,480,10,454
F10800#F11696,90,67,0,157,0,480,10,455
F10800#F10610,94,68,0,162,0,480,10,456
F10800#F10536,92,76,0,168,0,480,10,457
F10800#F10036,104,113,0,217,0,480,10,458
F10800#F10015,128,95,0,223,0,480,10,459
F10800#F10063,125,90,0,215,0,480,10,460
F10800#F10224,132,104,0,236,0,480,10,461
F10800#F11707,91,60,0,151,0,480,10,462
F10800#F10024,81,63,0,144,0,480,10,463
F10800#F10171,78,103,0,181,0,480,10,464
F10800#F11401,100,60,0,160,0,480,10,465
F10800#F10111,82,117,0,199,0,480,10,466
F10800#F1304,79,80,0,159,0,480,10,467
F10800#F10308,85,75,0,160,0,480,10,468
F10800#F10751,85,69,0,154,0,480,10,469
F10800#F13266,92,73,0,165,0,480,10,470
F10800#F10364,98,62,0,160,0,480,10,471
F10800#F12073,81,64,0,145,0,480,10,472
F10800#F10683,82,61,0,143,0,480,10,473
F10800#F10280,86,61,0,147,0,480,10,474
F10800#F10585,78,105,0,183,0,480,10,475
F10800#F12593,79,61,0,140,0,480,10,476
F10800#F10388,84,69,0,153,0,480,10,477
F10800#F12736,95,105,0,200,0,480,10,478
F10800#F10887,84,122,0,206,0,480,10,479
F10800#F10679,87,63,0,150,0,480,10,480
F10800#F10415,85,64,0,149,0,480,10,481
F10800#F12681,83,61,0,144,0,480,10,482
F10800#F12061,84,105,0,189,0,480,10,483
F10800#F10872,82,64,0,146,0,480,10,484
F10800#F12326,87,67,0,154,0,480,10,485
F10800#F1114,88,62,0,150,0,480,10,486
F10800#F10089,81,67,0,148,0,480,10,487
F10800#F13191,84,104,0,188,0,480,10,488
F10800#F12339,89,71,0,160,0,480,10,489
F10800#F12518,89,106,0,195,0,480,10,490
F10800#F10632,86,65,0,151,0,480,10,491
F10800#F10091,84,108,0,192,0,480,10,492
F10800#F106,86,63,0,149,0,480,10,493
F10800#F1210,89,64,0,153,0,480,10,494
F10800#F10951,96,80,0,176,0,480,10,495
F10800#F11088,93,68,0,161,0,480,10,496
F10800#F10643,98,62,0,160,0,480,10,497
F10800#F10044,88,113,0,201,0,480,10,498
F10800#F10382,85,66,0,151,0,480,10,499
F10800#F11036,84,63,0,147,0,480,10,500
F10800#F10238,122,68,0,190,0,480,10,501
F10800#F10519,85,64,0,149,0,480,10,502
F10800#F13525,87,66,0,153,0,480,10,503
F10800#F11706,87,67,0,154,0,480,10,504
F10800#F11119,88,62,0,150,0,480,10,505
F10800#F11553,89,63,0,152,0,480,10,506
F10800#F10361,83,66,0,149,0,480,10,507
F10800#F13916,84,68,0,152,0,480,10,508
F10800#F13738,84,122,0,206,0,480,10,509
F10800#F12037,104,122,0,226,0,480,10,510
F10800#F227,125,123,0,248,0,480,10,511
F10800#F10831,94,72,0,166,0,480,10,512
F10800#F10907,96,123,0,219,0,480,10,513
F10800#F12030,93,66,0,159,0,480,10,514
F10800#F10577,87,66,0,153,0,480,10,515
F10800#F10356,91,68,0,159,0,480,10,516
F10800#F10188,89,68,0,157,0,480,10,517
F10800#F10034,90,66,0,156,0,480,10,518
F10800#F13740,82,71,0,153,0,480,10,519
F10800#F10699,93,92,0,185,0,480,10,520
F10800#F1143,104,119,0,223,0,480,10,521
F10800#F10192,93,103,0,196,0,480,10,522
F10800#F149,94,65,0,159,0,480,10,523
F10800#F11519,85,63,0,148,0,480,10,524
F10800#F10604,90,64,0,154,0,480,10,525
F10800#F1062,80,60,0,140,0,480,10,526
F10800#F10549,80,61,0,141,0,480,10,527
F10800#F10455,86,67,0,153,0,480,10,528
F10800#F11286,89,63,0,152,0,480,10,529
F10800#F1093,96,64,0,160,0,480,10,530
F10800#F11336,87,104,0,191,0,480,10,531
F10800#F10510,110,67,0,177,0,480,10,532
F10800#F11015,91,109,0,200,0,480,10,533
F10800#F10489,89,61,0,150,0,480,10,534
F10800#F12672,122,70,0,192,0,480,10,535
F10800#F14039,132,67,0,199,0,480,10,536
F10800#F10309,83,116,0,199,0,480,10,537
F10800#F1265,100,67,0,167,0,480,10,538
F10800#F10411,103,125,0,228,0,480,10,539
F10800#F17457,87,68,0,155,0,480,10,540
F10800#F11108,86,65,0,151,0,480,10,541
F10800#F12956,92,109,0,201,0,480,10,542
F10800#F13,121,105,0,226,0,480,10,543
F10800#F11887,93,122,0,215,0,480,10,544
F10800#F10786,88,66,0,154,0,480,10,545
F10800#F10346,90,70,0,160,0,480,10,546
F10800#F12908,97,72,0,169,0,480,10,547
F10800#F12527,93,71,0,164,0,480,10,548
F10800#F11497,96,68,0,164,0,480,10,549
F10800#F10521,101,70,0,171,0,480,10,550
F10800#F10556,100,71,0,171,0,480,10,551
F10800#F11856,98,113,0,211,0,480,10,552
F10800#F12225,91,77,0,168,0,480,10,553
F10800#F12713,96,74,0,170,0,480,10,554
F10800#F14,96,98,0,194,0,480,10,555
F10800#F12589,97,73,0,170,0,480,10,556
F10800#F10853,105,79,0,184,0,480,10,557
F10800#F11841,93,113,0,206,0,480,10,558
F10800#F11573,93,70,0,163,0,480,10,559
F10800#F15109,104,72,0,176,0,480,10,560
F10800#F10325,130,74,0,204,0,480,10,561
F10800#F10725,99,76,0,175,0,480,10,562
F10800#F10142,95,70,0,165,0,480,10,563
F10800#F1001,91,78,0,169,0,480,10,564
F10800#F10982,89,112,0,201,0,480,10,565
F10800#F11602,101,68,0,169,0,480,10,566
F10800#F10335,97,74,0,171,0,480,10,567
F10800#F1145,97,115,0,212,0,480,10,568
F10800#F13110,100,91,0,191,0,480,10,569
F10800#F10046,103,78,0,181,0,480,10,570
F10800#F12617,99,85,0,184,0,480,10,571
F10800#F10160,100,71,0,171,0,480,10,572
F10800#F1039,100,73,0,173,0,480,10,573
F10800#F10520,94,91,0,185,0,480,10,574
F10800#F11787,94,78,0,172,0,480,10,575
F10800#F10006,93,74,0,167,0,480,10,576
F10800#F11647,94,71,0,165,0,480,10,577
F10800#F14240,97,69,0,166,0,480,10,578
F10800#F10900,92,111,0,203,0,480,10,579
F10800#F1535,96,73,0,169,0,480,10,580
F10800#F10246,90,74,0,164,0,480,10,581
F10800#F10931,89,73,0,162,0,480,10,582
F10800#F12311,92,72,0,164,0,480,10,583
F10800#F13755,92,79,0,171,0,480,10,584
F10800#F12788,97,70,0,167,0,480,10,585
F10800#F12264,101,73,0,174,0,480,10,586
F10800#F11149,97,113,0,210,0,480,10,587
F10800#F11322,94,70,0,164,0,480,10,588
F10800#F163,98,64,0,162,0,480,10,589
F10800#F10394,96,118,0,214,0,480,10,590
F10800#F10681,93,113,0,206,0,480,10,591
F10800#F12338,118,82,0,200,0,480,10,592
F10800#F11049,94,72,0,166,0,480,10,593
F10800#F1019,99,76,0,175,0,480,10,594
F10800#F21737,97,75,0,172,0,480,10,595
F10800#F10977,99,68,0,167,0,480,10,596
F10800#F10154,92,76,0,168,0,480,10,597
F10800#F10431,99,73,0,172,0,480,10,598
F10800#F17002,97,74,0,171,0,480,10,599
F10800#F10758,100,69,0,169,0,480,10,600
F10800#F11251,92,72,0,164,0,480,10,601
F10800#F1013,127,81,0,208,0,480,10,602
F10800#F11257,99,85,0,184,0,480,10,603
F10800#F11153,96,76,0,172,0,480,10,604
F10800#F12624,92,70,0,162,0,480,10,605
F10800#F11177,100,70,0,170,0,480,10,606
F10800#F10740,92,71,0,163,0,480,10,607
F10800#F1098,94,72,0,166,0,480,10,608
F10800#F11737,93,71,0,164,0,480,10,609
F10800#F11158,91,68,0,159,0,480,10,610
F10800#F10005,98,72,0,170,0,480,10,611
F10800#F10100,96,119,0,215,0,480,10,612
F10800#F10904,99,82,0,181,0,480,10,613
F10800#F12422,98,124,0,222,0,480,10,614
F10800#F10564,142,94,0,236,0,480,10,615
F10800#F11790,126,151,0,277,0,480,10,616
F10800#F12631,121,83,0,204,0,480,10,617
F10800#F13161,98,79,0,177,0,480,10,618
F10800#F8417,101,118,0,219,0,480,10,619
F10800#F1330,98,75,0,173,0,480,10,620
F10800#F2589,95,115,0,210,0,480,10,621
F10800#F10393,97,114,0,211,0,480,10,622
F10800#F14484,109,70,0,179,0,480,10,623
F10800#F12413,100,127,0,227,0,480,10,624
F10800#F14481,94,82,0,176,0,480,10,625
F10800#F12461,94,73,0,167,0,480,10,626
F10800#F2559,105,71,0,176,0,480,10,627
F10800#F13551,100,119,0,219,0,480,10,628
F10800#F25159,101,74,0,175,0,480,10,629
F10800#F145,126,72,0,198,0,480,10,630
F10800#F14751,95,117,0,212,0,480,10,631
F10800#F10182,98,71,0,169,0,480,10,632
F10800#F1263,136,112,0,248,0,480,10,633
F10800#F10162,96,79,0,175,0,480,10,634
F10800#F10594,101,73,0,174,0,480,10,635
F10800#F13852,97,119,0,216,0,480,10,636
F10800#F10018,103,107,0,210,0,480,10,637
F10800#F12817,105,78,0,183,0,480,10,638
F10800#F11903,98,75,0,173,0,480,10,639
F10800#F17744,96,76,0,172,0,480,10,640
F10800#F10118,100,119,0,219,0,480,10,641
F10800#F2514,106,69,0,175,0,480,10,642
F10800#F2091,93,111,0,204,0,480,10,643
F10800#F107,96,75,0,171,0,480,10,644
F10800#F1726,104,68,0,172,0,480,10,645
F10800#F10254,94,81,0,175,0,480,10,646
F10800#F14508,107,89,0,196,0,480,10,647
F10800#F17448,109,76,0,185,0,480,10,648
F10800#F10400,130,92,0,222,0,480,10,649
F10800#F12007,141,125,0,266,0,480,10,650
F10800#F11704,112,85,0,197,0,480,10,651
F10800#F12297,108,128,0,236,0,480,10,652
F10800#F10491,102,79,0,181,0,480,10,653
F10800#F10406,102,80,0,182,0,480,10,654
F10800#F3204,148,73,0,221,0,480,10,655
F10800#F10085,113,88,0,201,0,480,10,656
F10800#F10706,117,106,0,223,0,480,10,657
F10800#F10986,134,128,0,262,0,480,10,658
F10800#F10149,122,82,0,204,0,480,10,659
F10800#F10708,103,85,0,188,0,480,10,660
F10800#F12781,122,76,0,198,0,480,10,661
F10800#F11120,112,74,0,186,0,480,10,662
F10800#F1175,121,146,0,267,0,480,10,663
F10800#F11682,147,95,0,242,0,480,10,664
F10800#F232,134,200,0,334,0,480,10,665
F10800#F14042,200,89,0,289,0,480,10,666
F10800#F100,122,121,0,243,0,480,10,667
F10800#F194,105,71,0,176,0,480,10,668
F10800#F10540,99,71,0,170,0,480,10,669
F10800#F13539,91,111,0,202,0,480,10,670
F10800#F11713,98,106,0,204,0,480,10,671
F10800#F10135,97,115,0,212,0,480,10,672
F10800#F1334,100,118,0,218,0,480,10,673
F10800#F11389,102,76,0,178,0,480,10,674
F10800#F14244,142,71,0,213,0,480,10,675
F10800#F12753,96,78,0,174,0,480,10,676
F10800#F11939,105,79,0,184,0,480,10,677
F10800#F12362,98,74,0,172,0,480,10,678
F10800#F15257,107,66,0,173,0,480,10,679
F10800#F10365,97,71,0,168,0,480,10,680
F10800#F14911,94,115,0,209,0,480,10,681
F10800#F2420,93,75,0,168,0,480,10,682
F10800#F10122,98,75,0,173,0,480,10,683
F10800#F15101,95,76,0,171,0,480,10,684
F10800#F10410,94,76,0,170,0,480,10,685
F10800#F3707,133,73,0,206,0,480,10,686
F10800#F1084,98,74,0,172,0,480,10,687
F10800#F10108,99,75,0,174,0,480,10,688
F10800#F10375,103,76,0,179,0,480,10,689
F10800#F12484,97,76,0,173,0,480,10,690
F10800#F13371,104,74,0,178,0,480,10,691
F10800#F10451,148,79,0,227,0,480,10,692
F10800#F1229,109,79,0,188,0,480,10,693
F10800#F13681,99,83,0,182,0,480,10,694
F10800#F15677,105,83,0,188,0,480,10,695
F10800#F10052,105,103,0,208,0,480,10,696
F10800#F10056,157,106,0,263,0,480,10,697
F10800#F10264,118,74,0,192,0,480,10,698
F10800#F11564,97,69,0,166,0,480,10,699
F10800#F10981,98,71,0,169,0,480,10,700
F10800#F12223,95,72,0,167,0,480,10,701
F10800#F4578,96,76,0,172,0,480,10,702
F10800#F12973,100,71,0,171,0,480,10,703
F10800#F13021,98,72,0,170,0,480,10,704
F10800#F6733,100,76,0,176,0,480,10,705
F10800#F16095,101,114,0,215,0,480,10,706
F10800#F10891,94,73,0,167,0,480,10,707
F10800#F11730,99,72,0,171,0,480,10,708
F10800#F1594,98,68,0,166,0,480,10,709
F10800#F2096,101,70,0,171,0,480,10,710
F10800#F1054,104,127,0,231,0,480,10,711
F10800#F1325,134,81,0,215,0,480,10,712
F10800#F1037,107,80,0,187,0,480,10,713
F10800#F10593,109,131,0,240,0,480,10,714
F10800#F12970,139,82,0,221,0,480,10,715
F10800#F1434,106,116,0,222,0,480,10,716
F10800#F3784,114,124,0,238,0,480,10,717
F10800#F16600,103,81,0,184,0,480,10,718
F10800#F11566,109,76,0,185,0,480,10,719
F10800#F12189,106,122,0,228,0,480,10,720
F10800#F36349,97,74,0,171,0,480,10,721
F10800#F2670,104,75,0,179,0,480,10,722
F10800#F11026,117,126,0,243,0,480,10,723
F10800#F12701,98,75,0,173,0,480,10,724
F10800#F12594,109,80,0,189,0,480,10,725
F10800#F10401,102,75,0,177,0,480,10,726
F10800#F2592,101,81,0,182,0,480,10,727
F10800#F1147,99,72,0,171,0,480,10,728
F10800#F10835,107,117,0,224,0,480,10,729
F10800#F11106,104,120,0,224,0,480,10,730
F10800#F10849,108,77,0,185,0,480,10,731
F10800#F1200,104,75,0,179,0,480,10,732
F10800#F1543,128,83,0,211,0,480,10,733
F10800#F12730,107,119,0,226,0,480,10,734
F10800#F3590,137,125,0,262,0,480,10,735
F10800#F13683,120,113,0,233,0,480,10,736
F10800#F2086,102,120,0,222,0,480,10,737
F10800#F15864,102,88,0,190,0,480,10,738
F10800#F1497,102,71,0,173,0,480,10,739
F10800#F13939,115,79,0,194,0,480,10,740
F10800#F1706,105,84,0,189,0,480,10,741
F10800#F13766,102,110,0,212,0,480,10,742
F10800#F10500,111,76,0,187,0,480,10,743
F10800#F2442,105,116,0,221,0,480,10,744
F10800#F17310,108,81,0,189,0,480,10,745
F10800#F141,100,75,0,175,0,480,10,746
F10800#F1152,105,81,0,186,0,480,10,747
F10800#F10956,106,77,0,183,0,480,10,748
F10800#F2352,110,78,0,188,0,480,10,749
F10800#F4089,105,122,0,227,0,480,10,750
F10800#F11378,108,120,0,228,0,480,10,751
F10800#F1748,106,81,0,187,0,480,10,752
F10800#F11409,101,85,0,186,0,480,10,753
F10800#F10114,110,140,0,250,0,480,10,754
F10800#F10310,106,87,0,193,0,480,10,755
F10800#F10560,104,125,0,229,0,480,10,756
F10800#F10083,108,90,0,198,0,480,10,757
F10800#F2198,104,74,0,178,0,480,10,758
F10800#F11304,144,118,0,262,0,480,10,759
F10800#F2843,109,82,0,191,0,480,10,760
F10800#F1179,112,73,0,185,0,480,10,761
F10800#F12727,105,75,0,180,0,480,10,762
F10800#F1861,145,75,0,220,0,480,10,763
F10800#F11272,108,76,0,184,0,480,10,764
F10800#F11423,107,78,0,185,0,480,10,765
F10800#F1583,111,87,0,198,0,480,10,766
F10800#F10219,124,127,0,251,0,480,10,767
F10800#F2222,106,76,0,182,0,480,10,768
F10800#F11253,100,79,0,179,0,480,10,769
F10800#F20623,104,128,0,232,0,480,10,770
F10800#F12537,104,98,0,202,0,480,10,771
F10800#F11989,137,100,0,237,0,480,10,772
F10800#F15689,119,121,0,240,0,480,10,773
F10800#F4642,105,78,0,183,0,480,10,774
F10800#F11488,130,78,0,208,0,480,10,775
F10800#F18169,115,81,0,196,0,480,10,776
F10800#F10881,105,82,0,187,0,480,10,777
F10800#F10130,106,91,0,197,0,480,10,778
F10800#F2004,122,133,0,255,0,480,10,779
F10800#F2136,106,79,0,185,0,480,10,780
F10800#F1826,112,85,0,197,0,480,10,781
F10800#F10452,124,125,0,249,0,480,10,782
F10800#F1814,100,77,0,177,0,480,10,783
F10800#F4445,98,81,0,179,0,480,10,784
F10800#F11631,119,76,0,195,0,480,10,785
F10800#F13296,107,123,0,230,0,480,10,786
F10800#F3745,106,80,0,186,0,480,10,787
F10800#F4373,107,128,0,235,0,480,10,788
F10800#F13906,109,92,0,201,0,480,10,789
F10800#F2509,111,100,0,211,0,480,10,790
F10800#F1236,103,69,0,172,0,480,10,791
F10800#F2778,104,110,0,214,0,480,10,792
F10800#F12960,112,73,0,185,0,480,10,793
F10800#F17275,123,115,0,238,0,480,10,794
F10800#F11450,107,80,0,187,0,480,10,795
F10800#F11161,110,120,0,230,0,480,10,796
F10800#F1686,138,80,0,218,0,480,10,797
F10800#F454,105,113,0,218,0,480,10,798
F10800#F16986,139,117,0,256,0,480,10,799
F10800#F3822,104,79,0,183,0,480,10,800
F10800#F1663,111,77,0,188,0,480,10,801
F10800#F1189,112,80,0,192,0,480,10,802
F10800#F557,104,73,0,177,0,480,10,803
F10800#F197,108,74,0,182,0,480,10,804
F10800#F1140,104,119,0,223,0,480,10,805
F10800#F2251,104,76,0,180,0,480,10,806
F10800#F3520,102,72,0,174,0,480,10,807
F10800#F1073,104,94,0,198,0,480,10,808
F10800#F4268,155,90,0,245,0,480,10,809
F10800#F2322,117,87,0,204,0,480,10,810
F10800#F2826,107,86,0,193,0,480,10,811
F10800#F29476,107,76,0,183,0,480,10,812
F10800#F2400,109,81,0,190,0,480,10,813
F10800#F1090,101,76,0,177,0,480,10,814
F10800#F1020,105,79,0,184,0,480,10,815
F10800#F12562,107,76,0,183,0,480,10,816
F10800#F1195,103,113,0,216,0,480,10,817
F10800#F4702,106,118,0,224,0,480,10,818
F10800#F15971,106,78,0,184,0,480,10,819
F10800#F1060,113,79,0,192,0,480,10,820
F10800#F11929,113,79,0,192,0,480,10,821
F10800#F12542,112,113,0,225,0,480,10,822
F10800#F255,107,112,0,219,0,480,10,823
F10800#F2870,109,95,0,204,0,480,10,824
F10800#F15856,120,90,0,210,0,480,10,825
F10800#F222,116,80,0,196,0,480,10,826
F10800#F2202,114,142,0,256,0,480,10,827
F10800#F11946,131,138,0,269,0,480,10,828
F10800#F15343,125,99,0,224,0,480,10,829
F10800#F11577,120,94,0,214,0,480,10,830
F10800#F2300,130,87,0,217,0,480,10,831
F10800#F10038,165,127,0,292,0,480,10,832
F10800#F11712,115,77,0,192,0,480,10,833
F10800#F10539,144,121,0,265,0,480,10,834
F10800#F331,109,119,0,228,0,480,10,835
F10800#F13854,113,85,0,198,0,480,10,836
F10800#F11699,111,76,0,187,0,480,10,837
F10800#F10617,117,80,0,197,0,480,10,838
F10800#F12906,111,76,0,187,0,480,10,839
F10800#F5444,110,75,0,185,0,480,10,840
F10800#F4431,108,80,0,188,0,480,10,841
F10800#F11734,107,76,0,183,0,480,10,842
F10800#F6715,142,82,0,224,0,480,10,843
F10800#F2035,112,122,0,234,0,480,10,844
F10800#F21178,150,91,0,241,0,480,10,845
F10800#F13318,113,93,0,206,0,480,10,846
F10800#F125,116,72,0,188,0,480,10,847
F10800#F3500,148,75,0,223,0,480,10,848
F10800#F1612,124,86,0,210,0,480,10,849
F10800#F11175,114,77,0,191,0,480,10,850
F10800#F153,117,122,0,239,0,480,10,851
F10800#F198,124,115,0,239,0,480,10,852
F10800#F11702,133,77,0,210,0,480,10,853
F10800#F1150,117,79,0,196,0,480,10,855
F10800#F1040,111,91,0,202,0,480,10,856
F10800#F11429,116,84,0,200,0,480,10,857
F10800#F2860,115,92,0,207,0,480,10,858
F10800#F93,115,116,0,231,0,480,10,859
F10800#F11162,111,120,0,231,0,480,10,860
F10800#F2092,111,80,0,191,0,480,10,861
F10800#F3586,121,77,0,198,0,480,10,862
F10800#F2233,119,87,0,206,0,480,10,863
F10800#F1709,116,120,0,236,0,480,10,864
F10800#F7536,110,85,0,195,0,480,10,865
F10800#F10103,113,85,0,198,0,480,10,866
F10800#F13310,108,77,0,185,0,480,10,867
F10800#F1444,132,77,0,209,0,480,10,868
F10800#F1890,146,78,0,224,0,480,10,869
F10800#F2999,111,85,0,196,0,480,10,871
F10800#F7631,113,118,0,231,0,480,10,873
F10800#F2528,116,82,0,198,0,480,10,874
F10800#F1480,133,80,0,213,0,480,10,875
F10800#F10386,119,80,0,199,0,480,10,876
F10800#F14939,108,118,0,226,0,480,10,877
F10800#F3399,109,75,0,184,0,480,10,878
F10800#F13924,119,121,0,240,0,480,10,879
F10800#F14232,129,96,0,225,0,480,10,880
F10800#F10806,111,108,0,219,0,480,10,881
F10800#F4879,118,93,0,211,0,480,10,882
F10800#F11950,160,90,0,250,0,480,10,883
F10800#F10909,114,120,0,234,0,480,10,884
F10800#F2416,114,82,0,196,0,480,10,885
F10800#F17029,112,80,0,192,0,480,10,886
F10800#F14678,118,98,0,216,0,480,10,887
F10800#F12100,124,88,0,212,0,480,10,888
F10800#F14593,124,90,0,214,0,480,10,889
F10800#F4104,124,92,0,216,0,480,10,890
F10800#F192,119,85,0,204,0,480,10,891
F10800#F12187,120,89,0,209,0,480,10,892
F10800#F3574,125,132,0,257,0,480,10,893
F10800#F12740,117,89,0,206,0,480,10,894
F10800#F18504,121,85,0,206,0,480,10,895
F10800#F1237,155,82,0,237,0,480,10,896
F10800#F171,118,96,0,214,0,480,10,897
F10800#F2546,128,94,0,222,0,480,10,898
F10800#F1164,117,129,0,246,0,480,10,899
F10800#F2140,118,78,0,196,0,480,10,900
F10800#F244,151,125,0,276,0,480,10,901
F10800#F2657,117,84,0,201,0,480,10,902
F10800#F6297,163,110,0,273,0,480,10,903
F10800#F15098,135,136,0,271,0,480,10,904
F10800#F1066,125,88,0,213,0,480,10,905
F10800#F1415,123,87,0,210,0,480,10,906
F10800#F675,129,92,0,221,0,480,10,907
F10800#F6415,146,98,0,244,0,480,10,908
F10800#F5545,159,82,0,241,0,480,10,909
F10800#F14215,118,85,0,203,0,480,10,910
F10800#F6083,119,86,0,205,0,480,10,911
F10800#F4802,120,77,0,197,0,480,10,912
F10800#F3288,126,80,0,206,0,480,10,913
F10800#F3579,156,98,0,254,0,480,10,915
F10800#F1562,125,131,0,256,0,480,10,916
F10800#F3763,124,90,0,214,0,480,10,917
F10800#F12700,114,81,0,195,0,480,10,918
F10800#F12179,164,86,0,250,0,480,10,919
F10800#F5392,113,84,0,197,0,480,10,920
F10800#F1231,115,81,0,196,0,480,10,921
F10800#F2747,116,142,0,258,0,480,10,922
F10800#F1443,115,129,0,244,0,480,10,923
F10800#F11982,121,93,0,214,0,480,10,924
F10800#F12166,114,88,0,202,0,480,10,925
F10800#F14907,116,85,0,201,0,480,10,926
F10800#F118,120,123,0,243,0,480,10,927
F10800#F10838,119,83,0,202,0,480,10,929
F10800#F1416,150,85,0,235,0,480,10,930
F10800#F1324,122,128,0,250,0,480,10,931
F10800#F1303,147,94,0,241,0,480,10,932
F10800#F3222,117,129,0,246,0,480,10,933
F10800#F14267,118,84,0,202,0,480,10,934
F10800#F2398,124,85,0,209,0,480,10,935
F10800#F13721,127,84,0,211,0,480,10,936
F10800#F352,130,82,0,212,0,480,10,937
F10800#F10138,134,132,0,266,0,480,10,938
F10800#F1367,130,83,0,213,0,480,10,939
F10800#F1560,127,90,0,217,0,480,10,940
F10800#F12600,123,80,0,203,0,480,10,941
F10800#F19934,129,89,0,218,0,480,10,942
F10800#F16013,120,92,0,212,0,480,10,944
F10800#F1297,120,128,0,248,0,480,10,945
F10800#F10004,117,86,0,203,0,480,10,946
F10800#F1527,117,81,0,198,0,480,10,947
F10800#F1799,157,89,0,246,0,480,10,948
F10800#F1419,155,96,0,251,0,480,10,949
F10800#F13444,122,143,0,265,0,480,10,951
F10800#F2103,119,84,0,203,0,480,10,952
F10800#F10407,123,89,0,212,0,480,10,953
F10800#F11495,120,82,0,202,0,480,10,954
F10800#F1397,126,91,0,217,0,480,10,955
F10800#F9126,117,86,0,203,0,480,10,956
F10800#F4750,118,80,0,198,0,480,10,957
F10800#F313,118,86,0,204,0,480,10,958
F10800#F2203,120,85,0,205,0,480,10,959
F10800#F10971,122,84,0,206,0,480,10,960
F10800#F1041,124,89,0,213,0,480,10,961
F10800#F2001,126,84,0,210,0,480,10,962
F10800#F19877,123,89,0,212,0,480,10,963
F10800#F2977,153,105,0,258,0,480,10,964
F10800#F5553,147,98,0,245,0,480,10,965
F10800#F10456,138,104,0,242,0,480,10,966
F10800#F12637,122,88,0,210,0,480,10,967
F10800#F16376,122,88,0,210,0,480,10,968
F10800#F11738,121,88,0,209,0,480,10,969
F10800#F12321,118,134,0,252,0,480,10,970
F10800#F7068,118,91,0,209,0,480,10,971
F10800#F2527,127,93,0,220,0,480,10,972
F10800#F2274,127,126,0,253,0,480,10,973
F10800#F2616,125,86,0,211,0,480,10,974
F10800#F2642,122,85,0,207,0,480,10,976
F10800#F2893,123,92,0,215,0,480,10,977
F10800#F6014,121,102,0,223,0,480,10,978
F10800#F14494,152,88,0,240,0,480,10,979
F10800#F14651,116,87,0,203,0,480,10,980
F10800#F6964,131,130,0,261,0,480,10,981
F10800#F7472,127,107,0,234,0,480,10,982
F10800#F10054,123,137,0,260,0,480,10,983
F10800#F1509,124,119,0,243,0,480,10,984
F10800#F553,124,88,0,212,0,480,10,985
F10800#F10714,127,90,0,217,0,480,10,986
F10800#F13385,117,128,0,245,0,480,10,988
F10800#F1169,128,88,0,216,0,480,10,989
F10800#F4415,124,93,0,217,0,480,10,990
F10800#F1530,137,84,0,221,0,480,10,991
F10800#F2913,122,82,0,204,0,480,10,992
F10800#F11180,119,131,0,250,0,480,10,993
F10800#F4308,125,141,0,266,0,480,10,994
F10800#F10057,119,98,0,217,0,480,10,995
F10800#F1031,165,140,0,305,0,480,10,996
F10800#F1388,143,96,0,239,0,480,10,997
F10800#F1787,138,84,0,222,0,480,10,998
F10800#F6861,120,98,0,218,0,480,10,999
F10800#F1561,122,131,0,253,0,480,10,1001
F10800#F11062,141,88,0,229,0,480,10,1002
F10800#F1146,127,140,0,267,0,480,10,1003
F10800#F3298,118,83,0,201,0,480,10,1004
F10800#F18432,121,88,0,209,0,480,10,1005
F10800#F3742,133,105,0,238,0,480,10,1006
F10800#F4761,128,124,0,252,0,480,10,1007
F10800#F2718,150,85,0,235,0,480,10,1009
F10800#F10868,121,88,0,209,0,480,10,1010
F10800#F1602,124,86,0,210,0,480,10,1011
F10800#F7790,125,80,0,205,0,480,10,1013
F10800#F10812,120,126,0,246,0,480,10,1014
F10800#F10278,120,138,0,258,0,480,10,1016
F10800#F10967,136,152,0,288,0,480,10,1017
F10800#F1097,151,99,0,250,0,480,10,1018
F10800#F2070,127,86,0,213,0,480,10,1019
F10800#F13619,126,83,0,209,0,480,10,1020
F10800#F359,124,89,0,213,0,480,10,1021
F10800#F8710,123,85,0,208,0,480,10,1022
F10800#F3835,152,126,0,278,0,480,10,1023
F10800#F11551,150,85,0,235,0,480,10,1025
F10800#F1681,119,93,0,212,0,480,10,1026
F10800#F10603,125,133,0,258,0,480,10,1027
F10800#F1086,128,95,0,223,0,480,10,1028
F10800#F1693,128,87,0,215,0,480,10,1030
F10800#F4497,138,89,0,227,0,480,10,1031
F10800#F10641,130,98,0,228,0,480,10,1032
F10800#F2327,142,92,0,234,0,480,10,1033
F10800#F689,146,138,0,284,0,480,10,1034
F10800#F6145,133,95,0,228,0,480,10,1036
F10800#F6908,128,88,0,216,0,480,10,1037
F10800#F16316,130,109,0,239,0,480,10,1038
F10800#F4031,135,91,0,226,0,480,10,1039
F10800#F3488,129,89,0,218,0,480,10,1040
F10800#F4168,128,136,0,264,0,480,10,1041
F10800#F12247,135,133,0,268,0,480,10,1042
F10800#F1828,125,88,0,213,0,480,10,1044
F10800#F10976,168,94,0,262,0,480,10,1045
F10800#F8247,129,89,0,218,0,480,10,1046
F10800#F1985,134,96,0,230,0,480,10,1048
F10800#F179,136,99,0,235,0,480,10,1049
F10800#F1523,147,120,0,267,0,480,10,1050
F10800#F4040,159,187,0,346,0,480,10,1051
F10800#F2429,238,129,0,367,0,480,10,1052
F10800#F5029,130,126,0,256,0,480,10,1053
F10800#F6177,132,103,0,235,0,480,10,1054
F10800#F7885,133,96,0,229,0,480,10,1055
F10800#F5517,129,143,0,272,0,480,10,1057
F10800#F4204,128,97,0,225,0,480,10,1058
F10800#F18393,119,99,0,218,0,480,10,1059
F10800#F2413,123,101,0,224,0,480,10,1060
F10800#F10207,139,119,0,258,0,480,10,1061
F10800#F1348,124,90,0,214,0,480,10,1062
F10800#F12378,120,92,0,212,0,480,10,1063
F10800#F10925,127,85,0,212,0,480,10,1065
F10800#F977,133,82,0,215,0,480,10,1066
F10800#F3939,117,86,0,203,0,480,10,1067
F10800#F6290,122,90,0,212,0,480,10,1069
F10800#F4402,129,95,0,224,0,480,10,1071
F10800#F2750,126,94,0,220,0,480,10,1073
F10800#F10530,123,87,0,210,0,480,10,1074
F10800#F1766,129,134,0,263,0,480,10,1075
F10800#F14714,161,87,0,248,0,480,10,1077
F10800#F8614,124,137,0,261,0,480,10,1078
F10800#F11044,123,91,0,214,0,480,10,1079
F10800#F2817,162,133,0,295,0,480,10,1080
F10800#F6420,141,88,0,229,0,480,10,1082
F10800#F4097,144,86,0,230,0,480,10,1083
F10800#F4699,165,149,0,314,0,480,10,1084
F10800#F2714,140,107,0,247,0,480,10,1085
F10800#F10023,147,137,0,284,0,480,10,1086
F10800#F3498,126,125,0,251,0,480,10,1088
F10800#F1138,129,93,0,222,0,480,10,1089
F10800#F12129,130,96,0,226,0,480,10,1091
F10800#F10358,127,92,0,219,0,480,10,1092
F10800#F1337,132,141,0,273,0,480,10,1093
F10800#F12330,131,93,0,224,0,480,10,1095
F10800#F10013,133,132,0,265,0,480,10,1097
F10800#F10480,128,95,0,223,0,480,10,1098
F10800#F7756,122,135,0,257,0,480,10,1099
F10800#F590,176,98,0,274,0,480,10,1100
F10800#F2872,131,93,0,224,0,480,10,1103
F10800#F7025,145,98,0,243,0,480,10,1104
F10800#F3547,129,85,0,214,0,480,10,1105
F10800#F1457,133,88,0,221,0,480,10,1107
F10800#F6116,133,105,0,238,0,480,10,1108
F10800#F12292,129,89,0,218,0,480,10,1110
F10800#F9689,130,86,0,216,0,480,10,1111
F10800#F1877,129,91,0,220,0,480,10,1113
F10800#F5810,128,90,0,218,0,480,10,1115
F10800#F1112,134,88,0,222,0,480,10,1116
F10800#F801,126,87,0,213,0,480,10,1117
F10800#F1056,124,92,0,216,0,480,10,1118
F10800#F4957,122,93,0,215,0,480,10,1119
F10800#F8620,127,99,0,226,0,480,10,1120
F10800#F217,129,85,0,214,0,480,10,1121
F10800#F2173,131,164,0,295,0,480,10,1122
F10800#F4217,137,166,0,303,0,480,10,1123
F10800#F12059,136,99,0,235,0,480,10,1125
F10800#F1903,161,96,0,257,0,480,10,1126
F10800#F1043,134,94,0,228,0,480,10,1127
F10800#F4855,126,90,0,216,0,480,10,1128
F10800#F5475,136,96,0,232,0,480,10,1130
F10800#F9163,178,99,0,277,0,480,10,1131
F10800#F1608,170,88,0,258,0,480,10,1132
F10800#F21,133,125,0,258,0,480,10,1133
F10800#F6691,137,107,0,244,0,480,10,1135
F10800#F172,138,130,0,268,0,480,10,1140
F10800#F1774,134,90,0,224,0,480,10,1142
F10800#F11238,129,91,0,220,0,480,10,1143
F10800#F2707,138,105,0,243,0,480,10,1144
F10800#F1997,127,97,0,224,0,480,10,1146
F10800#F1234,136,86,0,222,0,480,10,1148
F10800#F3677,135,150,0,285,0,480,10,1149
F10800#F5021,130,107,0,237,0,480,10,1151
F10800#F7114,130,89,0,219,0,480,10,1152
F10800#F2443,163,98,0,261,0,480,10,1153
F10800#F1226,141,96,0,237,0,480,10,1154
F10800#F3316,133,88,0,221,0,480,10,1156
F10800#F4910,171,100,0,271,0,480,10,1157
F10800#F111,133,93,0,226,0,480,10,1158
F10800#F10823,129,93,0,222,0,480,10,1159
F10800#F7119,128,98,0,226,0,480,10,1160
F10800#F1692,190,132,0,322,0,480,10,1161
F10800#F13914,175,104,0,279,0,480,10,1163
F10800#F3165,135,103,0,238,0,480,10,1165
F10800#F690,141,132,0,273,0,480,10,1166
F10800#F3581,135,99,0,234,0,480,10,1167
F10800#F6767,139,97,0,236,0,480,10,1168
F10800#F2018,196,99,0,295,0,480,10,1170
F10800#F1455,139,91,0,230,0,480,10,1171
F10800#F8155,133,134,0,267,0,480,10,1172
F10800#F1100,131,90,0,221,0,480,10,1173
F10800#F466,132,90,0,222,0,480,10,1174
F10800#F7598,142,103,0,245,0,480,10,1175
F10800#F5120,138,110,0,248,0,480,10,1176
F10800#F3337,153,97,0,250,0,480,10,1177
F10800#F2105,168,95,0,263,0,480,10,1178
F10800#F4611,139,97,0,236,0,480,10,1179
F10800#F12006,134,100,0,234,0,480,10,1180
F10800#F10807,130,95,0,225,0,480,10,1181
F10800#F49,134,88,0,222,0,480,10,1182
F10800#F5909,137,96,0,233,0,480,10,1183
F10800#F17381,134,96,0,230,0,480,10,1184
F10800#F4292,130,112,0,242,0,480,10,1186
F10800#F4581,141,140,0,281,0,480,10,1188
F10800#F2929,143,98,0,241,0,480,10,1189
F10800#F14754,134,98,0,232,0,480,10,1190
F10800#F1713,134,142,0,276,0,480,10,1193
F10800#F3179,176,115,0,291,0,480,10,1194
F10800#F2258,143,156,0,299,0,480,10,1195
F10800#F1747,137,96,0,233,0,480,10,1196
F10800#F584,134,93,0,227,0,480,10,1197
F10800#F9968,138,94,0,232,0,480,10,1198
F10800#F1255,138,91,0,229,0,480,10,1199
F10800#F10696,171,136,0,307,0,480,10,1201
F10800#F1574,136,101,0,237,0,480,10,1204
F10800#F14468,134,105,0,239,0,480,10,1205
F10800#F1941,134,93,0,227,0,480,10,1206
F10800#F1786,134,114,0,248,0,480,10,1207
F10800#F3416,134,102,0,236,0,480,10,1208
F10800#F1808,135,113,0,248,0,480,10,1209
F10800#F4425,137,101,0,238,0,480,10,1210
F10800#F1954,138,115,0,253,0,480,10,1211
F10800#F4666,134,92,0,226,0,480,10,1212
F10800#F11249,136,137,0,273,0,480,10,1214
F10800#F7187,138,95,0,233,0,480,10,1216
F10800#F1611,140,148,0,288,0,480,10,1218
F10800#F602,154,98,0,252,0,480,10,1221
F10800#F45,163,92,0,255,0,480,10,1222
F10800#F6512,135,92,0,227,0,480,10,1223
F10800#F10267,161,106,0,267,0,480,10,1226
F10800#F187,148,105,0,253,0,480,10,1227
F10800#F3193,146,102,0,248,0,480,10,1229
F10800#F1000,141,158,0,299,0,480,10,1230
F10800#F3141,142,129,0,271,0,480,10,1233
F10800#F8681,140,152,0,292,0,480,10,1234
F10800#F2396,140,105,0,245,0,480,10,1235
F10800#F1504,142,98,0,240,0,480,10,1236
F10800#F430,138,142,0,280,0,480,10,1237
F10800#F1345,143,107,0,250,0,480,10,1238
F10800#F1154,139,100,0,239,0,480,10,1239
F10800#F10073,133,103,0,236,0,480,10,1240
F10800#F1909,143,101,0,244,0,480,10,1241
F10800#F2603,127,138,0,265,0,480,10,1242
F10800#F1401,136,97,0,233,0,480,10,1243
F10800#F1125,137,146,0,283,0,480,10,1244
F10800#F1689,141,100,0,241,0,480,10,1245
F10800#F1032,178,100,0,278,0,480,10,1246
F10800#F7933,134,96,0,230,0,480,10,1249
F10800#F1135,136,98,0,234,0,480,10,1250
F10800#F2265,135,104,0,239,0,480,10,1255
F10800#F1725,153,99,0,252,0,480,10,1257
F10800#F3214,137,96,0,233,0,480,10,1258
F10800#F10583,169,100,0,269,0,480,10,1259
F10800#F2166,140,97,0,237,0,480,10,1261
F10800#F7267,136,93,0,229,0,480,10,1262
F10800#F9099,131,96,0,227,0,480,10,1264
F10800#F651,133,91,0,224,0,480,10,1265
F10800#F240,185,110,0,295,0,480,10,1266
F10800#F1927,143,117,0,260,0,480,10,1267
F10800#F2023,143,103,0,246,0,480,10,1268
F10800#F5785,140,95,0,235,0,480,10,1269
F10800#F11042,146,168,0,314,0,480,10,1270
F10800#F12596,145,158,0,303,0,480,10,1271
F10800#F8198,140,152,0,292,0,480,10,1272
F10800#F4332,145,127,0,272,0,480,10,1273
F10800#F1124,184,163,0,347,0,480,10,1274
F10800#F1295,216,109,0,325,0,480,10,1275
F10800#F2873,172,112,0,284,0,480,10,1277
F10800#F1865,146,106,0,252,0,480,10,1278
F10800#F28553,146,100,0,246,0,480,10,1279
F10800#F2967,141,100,0,241,0,480,10,1280
F10800#F6884,142,100,0,242,0,480,10,1281
F10800#F4976,142,105,0,247,0,480,10,1282
F10800#F10680,138,102,0,240,0,480,10,1284
F10800#F9182,143,146,0,289,0,480,10,1285
F10800#F11511,140,159,0,299,0,480,10,1286
F10800#F10899,169,98,0,267,0,480,10,1287
F10800#F1171,138,107,0,245,0,480,10,1288
F10800#F8888,143,98,0,241,0,480,10,1290
F10800#F1654,165,102,0,267,0,480,10,1291
F10800#F1886,177,101,0,278,0,480,10,1292
F10800#F2689,174,158,0,332,0,480,10,1293
F10800#F400,167,138,0,305,0,480,10,1294
F10800#F12993,150,102,0,252,0,480,10,1295
F10800#F9114,143,106,0,249,0,480,10,1296
F10800#F11000,139,100,0,239,0,480,10,1297
F10800#F3753,136,109,0,245,0,480,10,1298
F10800#F4942,142,98,0,240,0,480,10,1299
F10800#F1899,131,102,0,233,0,480,10,1300
F10800#F2498,149,145,0,294,0,480,10,1301
F10800#F1675,141,146,0,287,0,480,10,1302
F10800#F7286,147,148,0,295,0,480,10,1303
F10800#F4946,155,146,0,301,0,480,10,1305
F10800#F0,140,99,0,239,0,480,10,1307
F10800#F7857,143,107,0,250,0,480,10,1308
F10800#F1805,139,133,0,272,0,480,10,1309
F10800#F5239,142,101,0,243,0,480,10,1311
F10800#F5999,181,104,0,285,0,480,10,1312
F10800#F10575,178,103,0,281,0,480,10,1313
F10800#F6146,152,100,0,252,0,480,10,1314
F10800#F1653,141,105,0,246,0,480,10,1318
F10800#F5199,145,107,0,252,0,480,10,1322
F10800#F2765,163,107,0,270,0,480,10,1327
F10800#F8190,141,142,0,283,0,480,10,1328
F10800#F160,142,113,0,255,0,480,10,1330
F10800#F8851,153,106,0,259,0,480,10,1332
F10800#F1425,150,148,0,298,0,480,10,1333
F10800#F21909,145,104,0,249,0,480,10,1335
F10800#F897,148,142,0,290,0,480,10,1336
F10800#F1445,154,165,0,319,0,480,10,1337
F10800#F1332,152,103,0,255,0,480,10,1338
F10800#F1058,147,149,0,296,0,480,10,1341
F10800#F7298,151,124,0,275,0,480,10,1342
F10800#F3004,148,96,0,244,0,480,10,1343
F10800#F6345,149,101,0,250,0,480,10,1344
F10800#F9441,143,96,0,239,0,480,10,1347
F10800#F12959,178,97,0,275,0,480,10,1348
F10800#F4675,142,98,0,240,0,480,10,1349
F10800#F662,151,94,0,245,0,480,10,1350
F10800#F1697,150,115,0,265,0,480,10,1351
F10800#F7721,157,154,0,311,0,480,10,1355
F10800#F2282,154,140,0,294,0,480,10,1356
F10800#F3381,154,103,0,257,0,480,10,1359
F10800#F556,185,103,0,288,0,480,10,1360
F10800#F2723,156,143,0,299,0,480,10,1361
F10800#F324,181,106,0,287,0,480,10,1362
F10800#F3978,151,142,0,293,0,480,10,1363
F10800#F1311,161,170,0,331,0,480,10,1364
F10800#F2678,193,104,0,297,0,480,10,1365
F10800#F1360,154,111,0,265,0,480,10,1367
F10800#F1596,164,146,0,310,0,480,10,1369
F10800#F3495,148,107,0,255,0,480,10,1370
F10800#F3997,142,122,0,264,0,480,10,1371
F10800#F1968,144,107,0,251,0,480,10,1373
F10800#F1347,143,104,0,247,0,480,10,1375
F10800#F3812,147,146,0,293,0,480,10,1376
F10800#F3415,156,142,0,298,0,480,10,1379
F10800#F3634,151,104,0,255,0,480,10,1380
F10800#F2715,154,102,0,256,0,480,10,1381
F10800#F79,144,100,0,244,0,480,10,1386
F10800#F6557,142,96,0,238,0,480,10,1388
F10800#F4701,142,104,0,246,0,480,10,1389
F10800#F372,148,146,0,294,0,480,10,1391
F10800#F2061,158,106,0,264,0,480,10,1397
F10800#F2632,151,100,0,251,0,480,10,1398
F10800#F11846,163,150,0,313,0,480,10,1400
F10800#F5291,158,109,0,267,0,480,10,1402
F10800#F237,152,110,0,262,0,480,10,1403
F10800#F8331,163,104,0,267,0,480,10,1408
F10800#F8259,170,174,0,344,0,480,10,1410
F10800#F2445,155,196,0,351,0,480,10,1414
F10800#F3534,152,102,0,254,0,480,10,1415
F10800#F12595,186,111,0,297,0,480,10,1417
F10800#F6072,145,99,0,244,0,480,10,1418
F10800#F4062,141,105,0,246,0,480,10,1419
F10800#F10230,164,132,0,296,0,480,10,1420
F10800#F4464,199,154,0,353,0,480,10,1423
F10800#F1807,155,145,0,300,0,480,10,1424
F10800#F4072,154,142,0,296,0,480,10,1428
F10800#F2886,159,134,0,293,0,480,10,1429
F10800#F10468,197,108,0,305,0,480,10,1431
F10800#F381,195,97,0,292,0,480,10,1434
F10800#F4978,150,101,0,251,0,480,10,1435
F10800#F2421,186,121,0,307,0,480,10,1438
F10800#F4091,156,156,0,312,0,480,10,1439
F10800#F3262,148,149,0,297,0,480,10,1442
F10800#F15014,193,151,0,344,0,480,10,1445
F10800#F3517,150,108,0,258,0,480,10,1449
F10800#F3826,186,118,0,304,0,480,10,1451
F10800#F1343,156,112,0,268,0,480,10,1452
F10800#F6712,155,166,0,321,0,480,10,1453
F10800#F1163,170,104,0,274,0,480,10,1454
F10800#F9396,152,128,0,280,0,480,10,1458
F10800#F3281,155,105,0,260,0,480,10,1460
F10800#F36,148,106,0,254,0,480,10,1463
F10800#F5596,150,105,0,255,0,480,10,1464
F10800#F2194,159,121,0,280,0,480,10,1466
F10800#F2758,158,168,0,326,0,480,10,1467
F10800#F5,157,118,0,275,0,480,10,1468
F10800#F9772,157,127,0,284,0,480,10,1469
F10800#F3278,189,115,0,304,0,480,10,1470
F10800#F6524,153,110,0,263,0,480,10,1471
F10800#F1579,148,146,0,294,0,480,10,1475
F10800#F2936,154,112,0,266,0,480,10,1476
F10800#F3235,151,155,0,306,0,480,10,1478
F10800#F9103,156,108,0,264,0,480,10,1480
F10800#F1519,154,118,0,272,0,480,10,1481
F10800#F5703,181,106,0,287,0,480,10,1482
F10800#F546,182,165,0,347,0,480,10,1483
F10800#F369,166,102,0,268,0,480,10,1488
F10800#F2211,146,114,0,260,0,480,10,1490
F10800#F2667,161,165,0,326,0,480,10,1491
F10800#F12344,174,149,0,323,0,480,10,1494
F10800#F1710,167,126,0,293,0,480,10,1498
F10800#F13857,160,114,0,274,0,480,10,1501
F10800#F3341,153,143,0,296,0,480,10,1502
F10800#F9230,165,155,0,320,0,480,10,1503
F10800#F7051,203,117,0,320,0,480,10,1506
F10800#F2671,199,164,0,363,0,480,10,1509
F10800#F41,161,120,0,281,0,480,10,1510
F10800#F13032,177,106,0,283,0,480,10,1511
F10800#F1225,156,109,0,265,0,480,10,1518
F10800#F2693,149,106,0,255,0,480,10,1520
F10800#F3351,156,108,0,264,0,480,10,1521
F10800#F2985,160,130,0,290,0,480,10,1523
F10800#F1711,159,107,0,266,0,480,10,1527
F10800#F2217,151,105,0,256,0,480,10,1528
F10800#F5266,153,115,0,268,0,480,10,1529
F10800#F8321,153,152,0,305,0,480,10,1531
F10800#F4087,167,108,0,275,0,480,10,1532
F10800#F2317,158,107,0,265,0,480,10,1533
F10800#F603,159,140,0,299,0,480,10,1535
F10800#F3089,173,122,0,295,0,480,10,1536
F10800#F7518,155,155,0,310,0,480,10,1538
F10800#F1790,157,111,0,268,0,480,10,1539
F10800#F3922,167,133,0,300,0,480,10,1541
F10800#F236,161,104,0,265,0,480,10,1542
F10800#F225,162,150,0,312,0,480,10,1546
F10800#F933,176,147,0,323,0,480,10,1552
F10800#F6818,180,124,0,304,0,480,10,1553
F10800#F4101,160,111,0,271,0,480,10,1557
F10800#F4116,163,144,0,307,0,480,10,1558
F10800#F249,164,104,0,268,0,480,10,1559
F10800#F3882,166,119,0,285,0,480,10,1560
F10800#F3538,165,106,0,271,0,480,10,1563
F10800#F492,164,109,0,273,0,480,10,1568
F10800#F4252,159,109,0,268,0,480,10,1569
F10800#F12938,159,114,0,273,0,480,10,1572
F10800#F3071,196,159,0,355,0,480,10,1580
F10800#F5257,165,117,0,282,0,480,10,1582
F10800#F1185,163,106,0,269,0,480,10,1585
F10800#F1481,166,149,0,315,0,480,10,1588
F10800#F2572,177,146,0,323,0,480,10,1590
F10800#F7489,163,122,0,285,0,480,10,1591
F10800#F323,176,146,0,322,0,480,10,1594
F10800#F3762,179,122,0,301,0,480,10,1596
F10800#F1212,167,107,0,274,0,480,10,1597
F10800#F4759,199,116,0,315,0,480,10,1601
F10800#F1792,162,117,0,279,0,480,10,1603
F10800#F708,165,121,0,286,0,480,10,1610
F10800#F5056,175,126,0,301,0,480,10,1611
F10800#F1716,174,150,0,324,0,480,10,1616
F10800#F1186,171,118,0,289,0,480,10,1627
F10800#F2841,179,134,0,313,0,480,10,1628
F10800#F229,171,116,0,287,0,480,10,1629
F10800#F6998,190,122,0,312,0,480,10,1636
F10800#F6416,180,118,0,298,0,480,10,1637
F10800#F1929,186,173,0,359,0,480,10,1639
F10800#F576,189,173,0,362,0,480,10,1642
F10800#F404,175,121,0,296,0,480,10,1643
F10800#F12954,179,122,0,301,0,480,10,1647
F10800#F3998,187,163,0,350,0,480,10,1654
F10800#F1868,203,166,0,369,0,480,10,1655
F10800#F8292,169,131,0,300,0,480,10,1656
F10800#F1544,175,164,0,339,0,480,10,1657
F10800#F5629,186,134,0,320,0,480,10,1659
F10800#F2787,169,133,0,302,0,480,10,1660
F10800#F1242,170,120,0,290,0,480,10,1663
F10800#F5727,214,180,0,394,0,480,10,1664
F10800#F3046,189,127,0,316,0,480,10,1669
F10800#F513,176,202,0,378,0,480,10,1673
F10800#F1038,193,146,0,339,0,480,10,1675
F10800#F6361,223,149,0,372,0,480,10,1682
F10800#F12191,222,141,0,363,0,480,10,1684
F10800#F2235,196,121,0,317,0,480,10,1685
F10800#F156,173,118,0,291,0,480,10,1686
F10800#F440,165,108,0,273,0,480,10,1688
F10800#F3444,197,122,0,319,0,480,10,1692
F10800#F2199,186,132,0,318,0,480,10,1693
F10800#F3979,166,212,0,378,0,480,10,1700
F10800#F377,173,120,0,293,0,480,10,1702
F10800#F1590,166,113,0,279,0,480,10,1708
F10800#F596,203,115,0,318,0,480,10,1709
F10800#F1785,169,111,0,280,0,480,10,1710
F10800#F4228,165,117,0,282,0,480,10,1712
F10800#F11267,172,115,0,287,0,480,10,1713
F10800#F5026,164,151,0,315,0,480,10,1714
F10800#F4230,164,124,0,288,0,480,10,1715
F10800#F3894,192,151,0,343,0,480,10,1716
F10800#F452,168,157,0,325,0,480,10,1719
F10800#F10709,166,118,0,284,0,480,10,1720
F10800#F7484,166,123,0,289,0,480,10,1721
F10800#F1857,176,181,0,357,0,480,10,1722
F10800#F5873,182,134,0,316,0,480,10,1723
F10800#F351,167,155,0,322,0,480,10,1726
F10800#F1969,163,176,0,339,0,480,10,1727
F10800#F1288,170,124,0,294,0,480,10,1734
F10800#F410,194,196,0,390,0,480,10,1736
F10800#F4318,204,204,0,408,0,480,10,1741
F10800#F1437,165,121,0,286,0,480,10,1744
F10800#F2960,166,116,0,282,0,480,10,1748
F10800#F4980,171,124,0,295,0,480,10,1750
F10800#F2859,169,118,0,287,0,480,10,1752
F10800#F6740,207,130,0,337,0,480,10,1753
F10800#F75,169,115,0,284,0,480,10,1758
F10800#F4021,169,114,0,283,0,480,10,1760
F10800#F8183,204,134,0,338,0,480,10,1763
F10800#F3114,204,127,0,331,0,480,10,1769
F10800#F10795,173,122,0,295,0,480,10,1773
F10800#F3632,174,119,0,293,0,480,10,1778
F10800#F2029,208,125,0,333,0,480,10,1780
F10800#F3490,166,154,0,320,0,480,10,1784
F10800#F1213,167,125,0,292,0,480,10,1785
F10800#F256,170,156,0,326,0,480,10,1786
F10800#F1680,209,125,0,334,0,480,10,1787
F10800#F4094,175,175,0,350,0,480,10,1801
F10800#F4164,236,120,0,356,0,480,10,1809
F10800#F3770,172,118,0,290,0,480,10,1811
F10800#F2288,175,118,0,293,0,480,10,1820
F10800#F5251,173,123,0,296,0,480,10,1830
F10800#F12372,173,147,0,320,0,480,10,1841
F10800#F1482,176,166,0,342,0,480,10,1844
F10800#F5507,175,123,0,298,0,480,10,1847
F10800#F11959,176,144,0,320,0,480,10,1848
F10800#F298,193,172,0,365,0,480,10,1849
F10800#F3661,169,170,0,339,0,480,10,1851
F10800#F677,176,139,0,315,0,480,10,1852
F10800#F2369,188,129,0,317,0,480,10,1854
F10800#F3724,175,132,0,307,0,480,10,1855
F10800#F2071,214,146,0,360,0,480,10,1857
F10800#F7483,188,175,0,363,0,480,10,1872
F10800#F28,175,166,0,341,0,480,10,1878
F10800#F5591,186,198,0,384,0,480,10,1890
F10800#F1376,184,141,0,325,0,480,10,1900
F10800#F6992,176,166,0,342,0,480,10,1913
F10800#F4788,184,174,0,358,0,480,10,1919
F10800#F1417,180,127,0,307,0,480,10,1920
F10800#F470,179,143,0,322,0,480,10,1925
F10800#F159,182,166,0,348,0,480,10,1939
F10800#F2212,218,168,0,386,0,480,10,1943
F10800#F1823,202,172,0,374,0,480,10,1946
F10800#F2958,177,130,0,307,0,480,10,1947
F10800#F4748,185,131,0,316,0,480,10,1951
F10800#F2366,192,136,0,328,0,480,10,1959
F10800#F7256,181,152,0,333,0,480,10,1967
F10800#F550,188,130,0,318,0,480,10,1970
F10800#F6213,216,185,0,401,0,480,10,1988
F10800#F367,188,128,0,316,0,480,10,1989
F10800#F2263,203,205,0,408,0,480,10,1992
F10800#F450,228,123,0,351,0,480,10,1998
F10800#F358,187,126,0,313,0,480,10,2005
F10800#F2557,192,175,0,367,0,480,10,2016
F10800#F864,184,126,0,310,0,480,10,2018
F10800#F12791,193,132,0,325,0,480,10,2019
F10800#F1132,184,150,0,334,0,480,10,2021
F10800#F9239,187,133,0,320,0,480,10,2027
F10800#F431,187,170,0,357,0,480,10,2031
F10800#F1937,184,130,0,314,0,480,10,2033
F10800#F4824,192,175,0,367,0,480,10,2048
F10800#F2051,208,132,0,340,0,480,10,2050
F10800#F7554,193,154,0,347,0,480,10,2059
F10800#F1291,188,154,0,342,0,480,10,2062
F10800#F955,190,132,0,322,0,480,10,2072
F10800#F2636,192,152,0,344,0,480,10,2083
F10800#F2581,256,155,0,411,0,480,10,2090
F10800#F4065,196,132,0,328,0,480,10,2097
F10800#F3562,193,130,0,323,0,480,10,2098
F10800#F637,195,151,0,346,0,480,10,2101
F10800#F7291,198,134,0,332,0,480,10,2105
F10800#F1667,197,163,0,360,0,480,10,2109
F10800#F121,194,192,0,386,0,480,10,2112
F10800#F2027,192,198,0,390,0,480,10,2114
F10800#F5901,192,188,0,380,0,480,10,2115
F10800#F7245,209,206,0,415,0,480,10,2118
F10800#F6182,203,213,0,416,0,480,10,2140
F10800#F3070,202,186,0,388,0,480,10,2141
F10800#F4807,202,158,0,360,0,480,10,2159
F10800#F46,201,134,0,335,0,480,10,2160
F10800#F1165,216,214,0,430,0,480,10,2168
F10800#F224,199,136,0,335,0,480,10,2175
F10800#F1500,196,153,0,349,0,480,10,2183
F10800#F2502,199,138,0,337,0,480,10,2189
F10800#F5210,202,161,0,363,0,480,10,2193
F10800#F842,198,147,0,345,0,480,10,2206
F10800#F779,212,140,0,352,0,480,10,2221
F10800#F5941,208,208,0,416,0,480,10,2223
F10800#F2774,234,150,0,384,0,480,10,2225
F10800#F5558,201,140,0,341,0,480,10,2226
F10800#F2268,201,160,0,361,0,480,10,2228
F10800#F6644,206,141,0,347,0,480,10,2243
F10800#F2138,204,140,0,344,0,480,10,2244
F10800#F299,206,165,0,371,0,480,10,2250
F10800#F2730,218,246,0,464,0,480,10,2255
F10800#F3509,204,143,0,347,0,480,10,2271
F10800#F5391,246,170,0,416,0,480,10,2276
F10800#F764,209,164,0,373,0,480,10,2277
F10800#F6790,249,158,0,407,0,480,10,2284
F10800#F3209,238,164,0,402,0,480,10,2287
F10800#F4800,252,158,0,410,0,480,10,2292
F10800#F3935,204,198,0,402,0,480,10,2306
F10800#F11796,248,196,0,444,0,480,10,2313
F10800#F2185,206,194,0,400,0,480,10,2316
F10800#F20,207,162,0,369,0,480,10,2320
F10800#F5964,205,154,0,359,0,480,10,2321
F10800#F4069,263,173,0,436,0,480,10,2324
F10800#F666,230,205,0,435,0,480,10,2329
F10800#F1173,215,142,0,357,0,480,10,2336
F10800#F1959,215,164,0,379,0,480,10,2377
F10800#F5824,259,206,0,465,0,480,10,2381
F10800#F9436,212,172,0,384,0,480,10,2393
F10800#F389,215,210,0,425,0,480,10,2399
F10800#F80,213,149,0,362,0,480,10,2402
F10800#F4024,218,151,0,369,0,480,10,2433
F10800#F1559,217,204,0,421,0,480,10,2447
F10800#F3582,218,184,0,402,0,480,10,2449
F10800#F1745,261,190,0,451,0,480,10,2456
F10800#F4262,220,178,0,398,0,480,10,2467
F10800#F326,261,229,0,490,0,480,10,2469
F10800#F115,311,165,0,476,0,480,10,2484
F10800#F2495,222,179,0,401,0,480,10,2485
F10800#F1270,298,162,0,460,0,480,10,2495
F10800#F1274,220,185,0,405,0,480,10,2499
F10800#F6570,225,179,0,404,0,480,10,2505
F10800#F468,265,170,0,435,0,480,10,2518
F10800#F2505,222,167,0,389,0,480,10,2519
F10800#F525,228,195,0,423,0,480,10,2526
F10800#F2983,226,233,0,459,0,480,10,2527
F10800#F5039,228,249,0,477,0,480,10,2572
F10800#F4208,232,190,0,422,0,480,10,2588
F10800#F2474,237,229,0,466,0,480,10,2605
F10800#F1442,275,170,0,445,0,480,10,2606
F10800#F2651,231,222,0,453,0,480,10,2613
F10800#F423,314,175,0,489,0,480,10,2614
F10800#F1518,326,194,0,520,0,480,10,2632
F10800#F220,244,196,0,440,0,480,10,2648
F10800#F1779,262,196,0,458,0,480,10,2699
F10800#F1328,232,262,0,494,0,480,10,2707
F10800#F6838,238,205,0,443,0,480,10,2724
F10800#F593,244,245,0,489,0,480,10,2730
F10800#F6573,282,254,0,536,0,480,10,2734
F10800#F2840,317,202,0,519,0,480,10,2753
F10800#F2538,251,207,0,458,0,480,10,2758
F10800#F4346,282,213,0,495,0,480,10,2798
F10800#F4090,245,196,0,441,0,480,10,2828
F10800#F35,249,215,0,464,0,480,10,2853
F10800#F5780,291,219,0,510,0,480,10,2874
F10800#F2590,280,194,0,474,0,480,10,2876
F10800#F268,248,205,0,453,0,480,10,2927
F10800#F2112,263,210,0,473,0,480,10,2964
F10800#F85,249,264,0,513,0,480,10,2967
F10800#F1172,271,211,0,482,0,480,10,2975
F10800#F1392,315,250,0,565,0,480,10,2987
F10800#F219,300,204,0,504,0,480,10,2992
F10800#F608,338,223,0,561,0,480,10,3055
F10800#F3223,287,231,0,518,0,480,10,3061
F10800#F2934,262,254,0,516,0,480,10,3070
F10800#F1453,296,238,0,534,0,480,10,3110
F10800#F736,284,216,0,500,0,480,10,3162
F10800#F193,279,211,0,490,0,480,10,3174
F10800#F621,345,263,0,608,0,480,10,3175
F10800#F290,273,218,0,491,0,480,10,3191
F10800#F3944,311,237,0,548,0,480,10,3211
F10800#F260,273,234,0,507,0,480,10,3251
F10800#F391,306,241,0,547,0,480,10,3294
F10800#F6425,282,252,0,534,0,480,10,3315
F10800#F3340,314,233,0,547,0,480,10,3331
F10800#F6530,275,212,0,487,0,480,10,3359
F10800#F1030,324,247,0,571,0,480,10,3375
F10800#F2248,333,230,0,563,0,480,10,3396
F10800#F4053,273,226,0,499,0,480,10,3404
F10800#F2824,315,254,0,569,0,480,10,3414
F10800#F412,313,228,0,541,0,480,10,3426
F10800#F1250,372,231,0,603,0,480,10,3556
F10800#F994,295,229,0,524,0,480,10,3608
F10800#F1789,297,230,0,527,0,480,10,3635
F10800#F4180,345,237,0,582,0,480,10,3640
F10800#F5658,332,291,0,623,0,480,10,3683
F10800#F264,311,220,0,531,0,480,10,3701
F10800#F4142,297,303,0,600,0,480,10,3711
F10800#F1699,344,255,0,599,0,480,10,3815
F10800#F103,332,300,0,632,0,480,10,3879
F10800#F4917,307,246,0,553,0,480,10,3880
F10800#F2054,332,296,0,628,0,480,10,3883
F10800#F2430,406,258,0,664,0,480,10,3898
F10800#F2953,347,340,0,687,0,480,10,3935
F10800#F6519,354,252,0,606,0,480,10,4023
F10800#F776,399,325,0,724,0,480,10,4169
F10800#F1671,336,360,0,696,0,480,10,4231
F10800#F1227,369,253,0,622,0,480,10,4421
F10800#F2631,386,324,0,710,0,480,10,4427
F10800#F1313,443,299,0,742,0,480,10,4489
F10800#F1235,387,340,0,727,0,480,10,4563
F10800#F3699,369,348,0,717,0,480,10,4728
F10800#F6996,467,347,0,814,0,480,10,5274
F10800#F133,483,340,0,823,0,480,10,5726
F10800#F78,501,353,0,854,0,480,10,6135
F10800#F1107,544,538,0,1082,0,480,10,6969
F10800#F177,700,574,0,1274,0,480,10,9411
F10800#F1695,758,595,0,1353,0,480,10,9518
F10800#F845,817,660,0,1477,0,480,10,10268
F10800#F774,1160,950,0,2110,0,480,10,15868
F10800#F1438,1258,1082,0,2340,0,480,10,16644
